Año,Mes,ID,Fecha,Estado,Citacion,Cuenta,Acta
2026,Marzo,3,25 mar. 2026,Celebrada,https://www.camara.cl/legislacion/comisiones/citacion_detalle.aspx?prmId=4884&prmIdSesion=81417,https://www.camara.cl/verDoc.aspx?prmID=263989&prmTipo=DOCUMENTO_COMISIONSESIONCUENTA,No
2026,Marzo,2,24 mar. 2026,Celebrada,https://www.camara.cl/legislacion/comisiones/citacion_detalle.aspx?prmId=4884&prmIdSesion=81387,https://www.camara.cl/verDoc.aspx?prmID=263798&prmTipo=DOCUMENTO_COMISIONSESIONCUENTA,No
2026,Marzo,1,17 mar. 2026,Celebrada,https://www.camara.cl/legislacion/comisiones/citacion_detalle.aspx?prmId=4884&prmIdSesion=81366,https://www.camara.cl/verDoc.aspx?prmID=263269&prmTipo=DOCUMENTO_COMISIONSESIONCUENTA,https://www.camara.cl/verDoc.aspx?prmID=264098&prmTipo=DOCUMENTO_COMISIONSESIONACTA
2026,Marzo,311,04 mar. 2026,Suspendida,https://www.camara.cl/legislacion/comisiones/citacion_detalle.aspx?prmId=4884&prmIdSesion=81300,No,No
2026,Marzo,310,03 mar. 2026,Celebrada,https://www.camara.cl/legislacion/comisiones/citacion_detalle.aspx?prmId=4884&prmIdSesion=81299,No,https://www.camara.cl/verDoc.aspx?prmID=2&prmTipo=DOCUMENTO_COMISIONSESIONACTA
2026,Enero,309,28 ene. 2026,Celebrada,https://www.camara.cl/legislacion/comisiones/citacion_detalle.aspx?prmId=4884&prmIdSesion=81250,No,https://www.camara.cl/verDoc.aspx?prmID=18826&prmTipo=DOCUMENTO_COMISIONSESIONACTA
2026,Enero,308,27 ene. 2026,Celebrada,https://www.camara.cl/legislacion/comisiones/citacion_detalle.aspx?prmId=4884&prmIdSesion=81249,https://www.camara.cl/verDoc.aspx?prmID=257791&prmTipo=DOCUMENTO_COMISIONSESIONCUENTA,https://www.camara.cl/verDoc.aspx?prmID=18825&prmTipo=DOCUMENTO_COMISIONSESIONACTA
2026,Enero,307,21 ene. 2026,Celebrada,https://www.camara.cl/legislacion/comisiones/citacion_detalle.aspx?prmId=4884&prmIdSesion=81205,https://www.camara.cl/verDoc.aspx?prmID=251922&prmTipo=DOCUMENTO_COMISIONSESIONCUENTA,https://www.camara.cl/verDoc.aspx?prmID=13090&prmTipo=DOCUMENTO_COMISIONSESIONACTA
2026,Enero,306,20 ene. 2026,Celebrada,https://www.camara.cl/legislacion/comisiones/citacion_detalle.aspx?prmId=4884&prmIdSesion=81198,https://www.camara.cl/verDoc.aspx?prmID=261138&prmTipo=DOCUMENTO_COMISIONSESIONCUENTA,https://www.camara.cl/verDoc.aspx?prmID=22037&prmTipo=DOCUMENTO_COMISIONSESIONACTA
2026,Enero,306,14 ene. 2026,Suspendida,https://www.camara.cl/legislacion/comisiones/citacion_detalle.aspx?prmId=4884&prmIdSesion=81157,No,No
2026,Enero,305,13 ene. 2026,Celebrada,https://www.camara.cl/legislacion/comisiones/citacion_detalle.aspx?prmId=4884&prmIdSesion=81158,https://www.camara.cl/verDoc.aspx?prmID=256198&prmTipo=DOCUMENTO_COMISIONSESIONCUENTA,https://www.camara.cl/verDoc.aspx?prmID=17282&prmTipo=DOCUMENTO_COMISIONSESIONACTA
2026,Enero,304,08 ene. 2026,Celebrada,https://www.camara.cl/legislacion/comisiones/citacion_detalle.aspx?prmId=4884&prmIdSesion=81141,https://www.camara.cl/verDoc.aspx?prmID=251914&prmTipo=DOCUMENTO_COMISIONSESIONCUENTA,https://www.camara.cl/verDoc.aspx?prmID=13082&prmTipo=DOCUMENTO_COMISIONSESIONACTA
2026,Enero,303,07 ene. 2026,Celebrada,https://www.camara.cl/legislacion/comisiones/citacion_detalle.aspx?prmId=4884&prmIdSesion=81128,https://www.camara.cl/verDoc.aspx?prmID=251913&prmTipo=DOCUMENTO_COMISIONSESIONCUENTA,https://www.camara.cl/verDoc.aspx?prmID=13081&prmTipo=DOCUMENTO_COMISIONSESIONACTA
2026,Enero,302,06 ene. 2026,Citada,https://www.camara.cl/legislacion/comisiones/citacion_detalle.aspx?prmId=4884&prmIdSesion=81127,https://www.camara.cl/verDoc.aspx?prmID=251912&prmTipo=DOCUMENTO_COMISIONSESIONCUENTA,https://www.camara.cl/verDoc.aspx?prmID=13080&prmTipo=DOCUMENTO_COMISIONSESIONACTA
2025,Diciembre,301,17 dic. 2025,Celebrada,https://www.camara.cl/legislacion/comisiones/citacion_detalle.aspx?prmId=4884&prmIdSesion=81085,https://www.camara.cl/verDoc.aspx?prmID=254220&prmTipo=DOCUMENTO_COMISIONSESIONCUENTA,https://www.camara.cl/verDoc.aspx?prmID=15338&prmTipo=DOCUMENTO_COMISIONSESIONACTA
2025,Diciembre,300,16 dic. 2025,Celebrada,https://www.camara.cl/legislacion/comisiones/citacion_detalle.aspx?prmId=4884&prmIdSesion=81089,https://www.camara.cl/verDoc.aspx?prmID=251897&prmTipo=DOCUMENTO_COMISIONSESIONCUENTA,https://www.camara.cl/verDoc.aspx?prmID=13065&prmTipo=DOCUMENTO_COMISIONSESIONACTA
2025,Diciembre,299,10 dic. 2025,Celebrada,https://www.camara.cl/legislacion/comisiones/citacion_detalle.aspx?prmId=4884&prmIdSesion=81049,https://www.camara.cl/verDoc.aspx?prmID=251499&prmTipo=DOCUMENTO_COMISIONSESIONCUENTA,https://www.camara.cl/verDoc.aspx?prmID=12660&prmTipo=DOCUMENTO_COMISIONSESIONACTA
2025,Diciembre,298,09 dic. 2025,Celebrada,https://www.camara.cl/legislacion/comisiones/citacion_detalle.aspx?prmId=4884&prmIdSesion=81048,https://www.camara.cl/verDoc.aspx?prmID=251498&prmTipo=DOCUMENTO_COMISIONSESIONCUENTA,https://www.camara.cl/verDoc.aspx?prmID=12659&prmTipo=DOCUMENTO_COMISIONSESIONACTA
2025,Diciembre,297,03 dic. 2025,Celebrada,https://www.camara.cl/legislacion/comisiones/citacion_detalle.aspx?prmId=4884&prmIdSesion=81025,https://www.camara.cl/verDoc.aspx?prmID=251896&prmTipo=DOCUMENTO_COMISIONSESIONCUENTA,https://www.camara.cl/verDoc.aspx?prmID=13064&prmTipo=DOCUMENTO_COMISIONSESIONACTA
2025,Diciembre,296,02 dic. 2025,Celebrada,https://www.camara.cl/legislacion/comisiones/citacion_detalle.aspx?prmId=4884&prmIdSesion=81014,https://www.camara.cl/verDoc.aspx?prmID=259458&prmTipo=DOCUMENTO_COMISIONSESIONCUENTA,https://www.camara.cl/verDoc.aspx?prmID=20422&prmTipo=DOCUMENTO_COMISIONSESIONACTA
2025,Noviembre,296,26 nov. 2025,Suspendida,https://www.camara.cl/legislacion/comisiones/citacion_detalle.aspx?prmId=4884&prmIdSesion=80963,No,No
2025,Noviembre,295,25 nov. 2025,Celebrada,https://www.camara.cl/legislacion/comisiones/citacion_detalle.aspx?prmId=4884&prmIdSesion=80962,https://www.camara.cl/verDoc.aspx?prmID=258315&prmTipo=DOCUMENTO_COMISIONSESIONCUENTA,https://www.camara.cl/verDoc.aspx?prmID=19326&prmTipo=DOCUMENTO_COMISIONSESIONACTA
2025,Noviembre,294,04 nov. 2025,Celebrada,https://www.camara.cl/legislacion/comisiones/citacion_detalle.aspx?prmId=4884&prmIdSesion=80905,https://www.camara.cl/verDoc.aspx?prmID=253464&prmTipo=DOCUMENTO_COMISIONSESIONCUENTA,https://www.camara.cl/verDoc.aspx?prmID=14600&prmTipo=DOCUMENTO_COMISIONSESIONACTA
2025,Octubre,294,29 oct. 2025,Suspendida,https://www.camara.cl/legislacion/comisiones/citacion_detalle.aspx?prmId=4884&prmIdSesion=80875,No,No
2025,Octubre,293,28 oct. 2025,Celebrada,https://www.camara.cl/legislacion/comisiones/citacion_detalle.aspx?prmId=4884&prmIdSesion=80874,https://www.camara.cl/verDoc.aspx?prmID=251478&prmTipo=DOCUMENTO_COMISIONSESIONCUENTA,https://www.camara.cl/verDoc.aspx?prmID=12641&prmTipo=DOCUMENTO_COMISIONSESIONACTA
2025,Octubre,292,15 oct. 2025,Celebrada,https://www.camara.cl/legislacion/comisiones/citacion_detalle.aspx?prmId=4884&prmIdSesion=80847,https://www.camara.cl/verDoc.aspx?prmID=259994&prmTipo=DOCUMENTO_COMISIONSESIONCUENTA,https://www.camara.cl/verDoc.aspx?prmID=20938&prmTipo=DOCUMENTO_COMISIONSESIONACTA
2025,Octubre,291,14 oct. 2025,Celebrada,https://www.camara.cl/legislacion/comisiones/citacion_detalle.aspx?prmId=4884&prmIdSesion=80846,https://www.camara.cl/verDoc.aspx?prmID=259993&prmTipo=DOCUMENTO_COMISIONSESIONCUENTA,https://www.camara.cl/verDoc.aspx?prmID=20937&prmTipo=DOCUMENTO_COMISIONSESIONACTA
2025,Octubre,290,08 oct. 2025,Celebrada,https://www.camara.cl/legislacion/comisiones/citacion_detalle.aspx?prmId=4884&prmIdSesion=80813,https://www.camara.cl/verDoc.aspx?prmID=258982&prmTipo=DOCUMENTO_COMISIONSESIONCUENTA,https://www.camara.cl/verDoc.aspx?prmID=19975&prmTipo=DOCUMENTO_COMISIONSESIONACTA
2025,Octubre,289,07 oct. 2025,Celebrada,https://www.camara.cl/legislacion/comisiones/citacion_detalle.aspx?prmId=4884&prmIdSesion=80806,https://www.camara.cl/verDoc.aspx?prmID=251385&prmTipo=DOCUMENTO_COMISIONSESIONCUENTA,https://www.camara.cl/verDoc.aspx?prmID=12551&prmTipo=DOCUMENTO_COMISIONSESIONACTA
2025,Octubre,288,01 oct. 2025,Celebrada,https://www.camara.cl/legislacion/comisiones/citacion_detalle.aspx?prmId=4884&prmIdSesion=80755,https://www.camara.cl/verDoc.aspx?prmID=260413&prmTipo=DOCUMENTO_COMISIONSESIONCUENTA,https://www.camara.cl/verDoc.aspx?prmID=21346&prmTipo=DOCUMENTO_COMISIONSESIONACTA
2025,Septiembre,287,30 sep. 2025,Celebrada,https://www.camara.cl/legislacion/comisiones/citacion_detalle.aspx?prmId=4884&prmIdSesion=80754,https://www.camara.cl/verDoc.aspx?prmID=260412&prmTipo=DOCUMENTO_COMISIONSESIONCUENTA,https://www.camara.cl/verDoc.aspx?prmID=21345&prmTipo=DOCUMENTO_COMISIONSESIONACTA
2025,Septiembre,286,16 sep. 2025,Celebrada,https://www.camara.cl/legislacion/comisiones/citacion_detalle.aspx?prmId=4884&prmIdSesion=80723,https://www.camara.cl/verDoc.aspx?prmID=251785&prmTipo=DOCUMENTO_COMISIONSESIONCUENTA,https://www.camara.cl/verDoc.aspx?prmID=12953&prmTipo=DOCUMENTO_COMISIONSESIONACTA
2025,Septiembre,285,10 sep. 2025,Celebrada,https://www.camara.cl/legislacion/comisiones/citacion_detalle.aspx?prmId=4884&prmIdSesion=80681,https://www.camara.cl/verDoc.aspx?prmID=254636&prmTipo=DOCUMENTO_COMISIONSESIONCUENTA,https://www.camara.cl/verDoc.aspx?prmID=15738&prmTipo=DOCUMENTO_COMISIONSESIONACTA
2025,Septiembre,284,09 sep. 2025,Celebrada,https://www.camara.cl/legislacion/comisiones/citacion_detalle.aspx?prmId=4884&prmIdSesion=80680,https://www.camara.cl/verDoc.aspx?prmID=254635&prmTipo=DOCUMENTO_COMISIONSESIONCUENTA,https://www.camara.cl/verDoc.aspx?prmID=15737&prmTipo=DOCUMENTO_COMISIONSESIONACTA
2025,Septiembre,283,03 sep. 2025,Celebrada,https://www.camara.cl/legislacion/comisiones/citacion_detalle.aspx?prmId=4884&prmIdSesion=80637,https://www.camara.cl/verDoc.aspx?prmID=251136&prmTipo=DOCUMENTO_COMISIONSESIONCUENTA,https://www.camara.cl/verDoc.aspx?prmID=12306&prmTipo=DOCUMENTO_COMISIONSESIONACTA
2025,Septiembre,282,02 sep. 2025,Celebrada,https://www.camara.cl/legislacion/comisiones/citacion_detalle.aspx?prmId=4884&prmIdSesion=80636,https://www.camara.cl/verDoc.aspx?prmID=251135&prmTipo=DOCUMENTO_COMISIONSESIONCUENTA,https://www.camara.cl/verDoc.aspx?prmID=12305&prmTipo=DOCUMENTO_COMISIONSESIONACTA
2025,Agosto,281,21 ago. 2025,Celebrada,https://www.camara.cl/legislacion/comisiones/citacion_detalle.aspx?prmId=4884&prmIdSesion=80606,https://www.camara.cl/verDoc.aspx?prmID=251131&prmTipo=DOCUMENTO_COMISIONSESIONCUENTA,https://www.camara.cl/verDoc.aspx?prmID=12301&prmTipo=DOCUMENTO_COMISIONSESIONACTA
2025,Agosto,280,20 ago. 2025,Celebrada,https://www.camara.cl/legislacion/comisiones/citacion_detalle.aspx?prmId=4884&prmIdSesion=80591,https://www.camara.cl/verDoc.aspx?prmID=251125&prmTipo=DOCUMENTO_COMISIONSESIONCUENTA,https://www.camara.cl/verDoc.aspx?prmID=12295&prmTipo=DOCUMENTO_COMISIONSESIONACTA
2025,Agosto,279,19 ago. 2025,Celebrada,https://www.camara.cl/legislacion/comisiones/citacion_detalle.aspx?prmId=4884&prmIdSesion=80587,https://www.camara.cl/verDoc.aspx?prmID=251124&prmTipo=DOCUMENTO_COMISIONSESIONCUENTA,https://www.camara.cl/verDoc.aspx?prmID=12294&prmTipo=DOCUMENTO_COMISIONSESIONACTA
2025,Agosto,278,13 ago. 2025,Celebrada,https://www.camara.cl/legislacion/comisiones/citacion_detalle.aspx?prmId=4884&prmIdSesion=80547,https://www.camara.cl/verDoc.aspx?prmID=258280&prmTipo=DOCUMENTO_COMISIONSESIONCUENTA,https://www.camara.cl/verDoc.aspx?prmID=19291&prmTipo=DOCUMENTO_COMISIONSESIONACTA
2025,Agosto,277,12 ago. 2025,Celebrada,https://www.camara.cl/legislacion/comisiones/citacion_detalle.aspx?prmId=4884&prmIdSesion=80546,https://www.camara.cl/verDoc.aspx?prmID=258279&prmTipo=DOCUMENTO_COMISIONSESIONCUENTA,https://www.camara.cl/verDoc.aspx?prmID=19290&prmTipo=DOCUMENTO_COMISIONSESIONACTA
2025,Agosto,276,11 ago. 2025,Celebrada,https://www.camara.cl/legislacion/comisiones/citacion_detalle.aspx?prmId=4884&prmIdSesion=80537,https://www.camara.cl/verDoc.aspx?prmID=258274&prmTipo=DOCUMENTO_COMISIONSESIONCUENTA,https://www.camara.cl/verDoc.aspx?prmID=19285&prmTipo=DOCUMENTO_COMISIONSESIONACTA
2025,Agosto,275,06 ago. 2025,Celebrada,https://www.camara.cl/legislacion/comisiones/citacion_detalle.aspx?prmId=4884&prmIdSesion=80499,https://www.camara.cl/verDoc.aspx?prmID=258256&prmTipo=DOCUMENTO_COMISIONSESIONCUENTA,https://www.camara.cl/verDoc.aspx?prmID=19267&prmTipo=DOCUMENTO_COMISIONSESIONACTA
2025,Agosto,274,05 ago. 2025,Celebrada,https://www.camara.cl/legislacion/comisiones/citacion_detalle.aspx?prmId=4884&prmIdSesion=80490,https://www.camara.cl/verDoc.aspx?prmID=255011&prmTipo=DOCUMENTO_COMISIONSESIONCUENTA,https://www.camara.cl/verDoc.aspx?prmID=16109&prmTipo=DOCUMENTO_COMISIONSESIONACTA
2025,Agosto,273,04 ago. 2025,Celebrada,https://www.camara.cl/legislacion/comisiones/citacion_detalle.aspx?prmId=4884&prmIdSesion=80491,https://www.camara.cl/verDoc.aspx?prmID=255012&prmTipo=DOCUMENTO_COMISIONSESIONCUENTA,https://www.camara.cl/verDoc.aspx?prmID=16110&prmTipo=DOCUMENTO_COMISIONSESIONACTA
2025,Julio,272,23 jul. 2025,Celebrada,https://www.camara.cl/legislacion/comisiones/citacion_detalle.aspx?prmId=4884&prmIdSesion=80452,https://www.camara.cl/verDoc.aspx?prmID=251086&prmTipo=DOCUMENTO_COMISIONSESIONCUENTA,https://www.camara.cl/verDoc.aspx?prmID=12256&prmTipo=DOCUMENTO_COMISIONSESIONACTA
2025,Julio,271,22 jul. 2025,Celebrada,https://www.camara.cl/legislacion/comisiones/citacion_detalle.aspx?prmId=4884&prmIdSesion=80421,https://www.camara.cl/verDoc.aspx?prmID=250997&prmTipo=DOCUMENTO_COMISIONSESIONCUENTA,https://www.camara.cl/verDoc.aspx?prmID=12168&prmTipo=DOCUMENTO_COMISIONSESIONACTA
2025,Julio,270,21 jul. 2025,Celebrada,https://www.camara.cl/legislacion/comisiones/citacion_detalle.aspx?prmId=4884&prmIdSesion=80431,https://www.camara.cl/verDoc.aspx?prmID=258242&prmTipo=DOCUMENTO_COMISIONSESIONCUENTA,https://www.camara.cl/verDoc.aspx?prmID=19253&prmTipo=DOCUMENTO_COMISIONSESIONACTA
2025,Julio,269,15 jul. 2025,Celebrada,https://www.camara.cl/legislacion/comisiones/citacion_detalle.aspx?prmId=4884&prmIdSesion=80377,https://www.camara.cl/verDoc.aspx?prmID=257737&prmTipo=DOCUMENTO_COMISIONSESIONCUENTA,https://www.camara.cl/verDoc.aspx?prmID=18775&prmTipo=DOCUMENTO_COMISIONSESIONACTA
2025,Julio,268,14 jul. 2025,Celebrada,https://www.camara.cl/legislacion/comisiones/citacion_detalle.aspx?prmId=4884&prmIdSesion=80376,https://www.camara.cl/verDoc.aspx?prmID=257736&prmTipo=DOCUMENTO_COMISIONSESIONCUENTA,https://www.camara.cl/verDoc.aspx?prmID=18774&prmTipo=DOCUMENTO_COMISIONSESIONACTA
2025,Julio,267,09 jul. 2025,Celebrada,https://www.camara.cl/legislacion/comisiones/citacion_detalle.aspx?prmId=4884&prmIdSesion=80342,https://www.camara.cl/verDoc.aspx?prmID=257735&prmTipo=DOCUMENTO_COMISIONSESIONCUENTA,https://www.camara.cl/verDoc.aspx?prmID=18773&prmTipo=DOCUMENTO_COMISIONSESIONACTA
2025,Julio,266,08 jul. 2025,Celebrada,https://www.camara.cl/legislacion/comisiones/citacion_detalle.aspx?prmId=4884&prmIdSesion=80341,https://www.camara.cl/verDoc.aspx?prmID=257734&prmTipo=DOCUMENTO_COMISIONSESIONCUENTA,https://www.camara.cl/verDoc.aspx?prmID=18772&prmTipo=DOCUMENTO_COMISIONSESIONACTA
2025,Julio,265,07 jul. 2025,Celebrada,https://www.camara.cl/legislacion/comisiones/citacion_detalle.aspx?prmId=4884&prmIdSesion=80330,https://www.camara.cl/verDoc.aspx?prmID=250198&prmTipo=DOCUMENTO_COMISIONSESIONCUENTA,https://www.camara.cl/verDoc.aspx?prmID=11383&prmTipo=DOCUMENTO_COMISIONSESIONACTA
2025,Julio,264,02 jul. 2025,Celebrada,https://www.camara.cl/legislacion/comisiones/citacion_detalle.aspx?prmId=4884&prmIdSesion=80287,https://www.camara.cl/verDoc.aspx?prmID=246745&prmTipo=DOCUMENTO_COMISIONSESIONCUENTA,https://www.camara.cl/verDoc.aspx?prmID=489&prmTipo=DOCUMENTO_COMISIONSESIONACTA
2025,Julio,263,01 jul. 2025,Celebrada,https://www.camara.cl/legislacion/comisiones/citacion_detalle.aspx?prmId=4884&prmIdSesion=80286,https://www.camara.cl/verDoc.aspx?prmID=246744&prmTipo=DOCUMENTO_COMISIONSESIONCUENTA,https://www.camara.cl/verDoc.aspx?prmID=488&prmTipo=DOCUMENTO_COMISIONSESIONACTA
2025,Junio,262,30 jun. 2025,Celebrada,https://www.camara.cl/legislacion/comisiones/citacion_detalle.aspx?prmId=4884&prmIdSesion=80284,https://www.camara.cl/verDoc.aspx?prmID=246743&prmTipo=DOCUMENTO_COMISIONSESIONCUENTA,https://www.camara.cl/verDoc.aspx?prmID=487&prmTipo=DOCUMENTO_COMISIONSESIONACTA
2025,Junio,261,18 jun. 2025,Celebrada,https://www.camara.cl/legislacion/comisiones/citacion_detalle.aspx?prmId=4884&prmIdSesion=80251,https://www.camara.cl/verDoc.aspx?prmID=255851&prmTipo=DOCUMENTO_COMISIONSESIONCUENTA,https://www.camara.cl/verDoc.aspx?prmID=16946&prmTipo=DOCUMENTO_COMISIONSESIONACTA
2025,Junio,260,17 jun. 2025,Celebrada,https://www.camara.cl/legislacion/comisiones/citacion_detalle.aspx?prmId=4884&prmIdSesion=80243,https://www.camara.cl/verDoc.aspx?prmID=251895&prmTipo=DOCUMENTO_COMISIONSESIONCUENTA,https://www.camara.cl/verDoc.aspx?prmID=13063&prmTipo=DOCUMENTO_COMISIONSESIONACTA
2025,Junio,259,16 jun. 2025,Celebrada,https://www.camara.cl/legislacion/comisiones/citacion_detalle.aspx?prmId=4884&prmIdSesion=80250,https://www.camara.cl/verDoc.aspx?prmID=257078&prmTipo=DOCUMENTO_COMISIONSESIONCUENTA,https://www.camara.cl/verDoc.aspx?prmID=18135&prmTipo=DOCUMENTO_COMISIONSESIONACTA
2025,Junio,258,11 jun. 2025,Celebrada,https://www.camara.cl/legislacion/comisiones/citacion_detalle.aspx?prmId=4884&prmIdSesion=80203,https://www.camara.cl/verDoc.aspx?prmID=255140&prmTipo=DOCUMENTO_COMISIONSESIONCUENTA,https://www.camara.cl/verDoc.aspx?prmID=16234&prmTipo=DOCUMENTO_COMISIONSESIONACTA
2025,Junio,257,10 jun. 2025,Celebrada,https://www.camara.cl/legislacion/comisiones/citacion_detalle.aspx?prmId=4884&prmIdSesion=80191,https://www.camara.cl/verDoc.aspx?prmID=259882&prmTipo=DOCUMENTO_COMISIONSESIONCUENTA,https://www.camara.cl/verDoc.aspx?prmID=20830&prmTipo=DOCUMENTO_COMISIONSESIONACTA
2025,Junio,256,04 jun. 2025,Celebrada,https://www.camara.cl/legislacion/comisiones/citacion_detalle.aspx?prmId=4884&prmIdSesion=80126,https://www.camara.cl/verDoc.aspx?prmID=246642&prmTipo=DOCUMENTO_COMISIONSESIONCUENTA,https://www.camara.cl/verDoc.aspx?prmID=389&prmTipo=DOCUMENTO_COMISIONSESIONACTA
2025,Junio,255,03 jun. 2025,Celebrada,https://www.camara.cl/legislacion/comisiones/citacion_detalle.aspx?prmId=4884&prmIdSesion=80125,https://www.camara.cl/verDoc.aspx?prmID=246641&prmTipo=DOCUMENTO_COMISIONSESIONCUENTA,https://www.camara.cl/verDoc.aspx?prmID=388&prmTipo=DOCUMENTO_COMISIONSESIONACTA
2025,Mayo,254,20 may. 2025,Celebrada,https://www.camara.cl/legislacion/comisiones/citacion_detalle.aspx?prmId=4884&prmIdSesion=80094,https://www.camara.cl/verDoc.aspx?prmID=246633&prmTipo=DOCUMENTO_COMISIONSESIONCUENTA,https://www.camara.cl/verDoc.aspx?prmID=379&prmTipo=DOCUMENTO_COMISIONSESIONACTA
2025,Mayo,253,14 may. 2025,Celebrada,https://www.camara.cl/legislacion/comisiones/citacion_detalle.aspx?prmId=4884&prmIdSesion=80054,https://www.camara.cl/verDoc.aspx?prmID=251837&prmTipo=DOCUMENTO_COMISIONSESIONCUENTA,https://www.camara.cl/verDoc.aspx?prmID=13003&prmTipo=DOCUMENTO_COMISIONSESIONACTA
2025,Mayo,252,13 may. 2025,Celebrada,https://www.camara.cl/legislacion/comisiones/citacion_detalle.aspx?prmId=4884&prmIdSesion=80051,https://www.camara.cl/verDoc.aspx?prmID=251836&prmTipo=DOCUMENTO_COMISIONSESIONCUENTA,https://www.camara.cl/verDoc.aspx?prmID=13002&prmTipo=DOCUMENTO_COMISIONSESIONACTA
2025,Mayo,251,07 may. 2025,Celebrada,https://www.camara.cl/legislacion/comisiones/citacion_detalle.aspx?prmId=4884&prmIdSesion=79973,https://www.camara.cl/verDoc.aspx?prmID=256252&prmTipo=DOCUMENTO_COMISIONSESIONCUENTA,https://www.camara.cl/verDoc.aspx?prmID=17333&prmTipo=DOCUMENTO_COMISIONSESIONACTA
2025,Mayo,250,06 may. 2025,Celebrada,https://www.camara.cl/legislacion/comisiones/citacion_detalle.aspx?prmId=4884&prmIdSesion=80003,https://www.camara.cl/verDoc.aspx?prmID=246611&prmTipo=DOCUMENTO_COMISIONSESIONCUENTA,https://www.camara.cl/verDoc.aspx?prmID=357&prmTipo=DOCUMENTO_COMISIONSESIONACTA
2025,Abril,249,23 abr. 2025,Celebrada,https://www.camara.cl/legislacion/comisiones/citacion_detalle.aspx?prmId=4884&prmIdSesion=79944,https://www.camara.cl/verDoc.aspx?prmID=251078&prmTipo=DOCUMENTO_COMISIONSESIONCUENTA,https://www.camara.cl/verDoc.aspx?prmID=12249&prmTipo=DOCUMENTO_COMISIONSESIONACTA
2025,Abril,248,22 abr. 2025,Celebrada,https://www.camara.cl/legislacion/comisiones/citacion_detalle.aspx?prmId=4884&prmIdSesion=79943,https://www.camara.cl/verDoc.aspx?prmID=251077&prmTipo=DOCUMENTO_COMISIONSESIONCUENTA,https://www.camara.cl/verDoc.aspx?prmID=12248&prmTipo=DOCUMENTO_COMISIONSESIONACTA
2025,Abril,247,16 abr. 2025,Celebrada,https://www.camara.cl/legislacion/comisiones/citacion_detalle.aspx?prmId=4884&prmIdSesion=79886,https://www.camara.cl/verDoc.aspx?prmID=252192&prmTipo=DOCUMENTO_COMISIONSESIONCUENTA,https://www.camara.cl/verDoc.aspx?prmID=13353&prmTipo=DOCUMENTO_COMISIONSESIONACTA
2025,Abril,246,15 abr. 2025,Celebrada,https://www.camara.cl/legislacion/comisiones/citacion_detalle.aspx?prmId=4884&prmIdSesion=79885,https://www.camara.cl/verDoc.aspx?prmID=252191&prmTipo=DOCUMENTO_COMISIONSESIONCUENTA,https://www.camara.cl/verDoc.aspx?prmID=13352&prmTipo=DOCUMENTO_COMISIONSESIONACTA
2025,Abril,245,09 abr. 2025,Celebrada,https://www.camara.cl/legislacion/comisiones/citacion_detalle.aspx?prmId=4884&prmIdSesion=79844,https://www.camara.cl/verDoc.aspx?prmID=257077&prmTipo=DOCUMENTO_COMISIONSESIONCUENTA,https://www.camara.cl/verDoc.aspx?prmID=18134&prmTipo=DOCUMENTO_COMISIONSESIONACTA
2025,Abril,244,08 abr. 2025,Celebrada,https://www.camara.cl/legislacion/comisiones/citacion_detalle.aspx?prmId=4884&prmIdSesion=79830,https://www.camara.cl/verDoc.aspx?prmID=258627&prmTipo=DOCUMENTO_COMISIONSESIONCUENTA,https://www.camara.cl/verDoc.aspx?prmID=19634&prmTipo=DOCUMENTO_COMISIONSESIONACTA
2025,Marzo,243,25 mar. 2025,Celebrada,https://www.camara.cl/legislacion/comisiones/citacion_detalle.aspx?prmId=4884&prmIdSesion=79791,https://www.camara.cl/verDoc.aspx?prmID=255850&prmTipo=DOCUMENTO_COMISIONSESIONCUENTA,https://www.camara.cl/verDoc.aspx?prmID=16945&prmTipo=DOCUMENTO_COMISIONSESIONACTA
2025,Marzo,242,19 mar. 2025,Celebrada,https://www.camara.cl/legislacion/comisiones/citacion_detalle.aspx?prmId=4884&prmIdSesion=79730,https://www.camara.cl/verDoc.aspx?prmID=261047&prmTipo=DOCUMENTO_COMISIONSESIONCUENTA,https://www.camara.cl/verDoc.aspx?prmID=21949&prmTipo=DOCUMENTO_COMISIONSESIONACTA
2025,Marzo,241,18 mar. 2025,Celebrada,https://www.camara.cl/legislacion/comisiones/citacion_detalle.aspx?prmId=4884&prmIdSesion=79728,https://www.camara.cl/verDoc.aspx?prmID=261046&prmTipo=DOCUMENTO_COMISIONSESIONCUENTA,https://www.camara.cl/verDoc.aspx?prmID=21948&prmTipo=DOCUMENTO_COMISIONSESIONACTA
2025,Marzo,240,12 mar. 2025,Celebrada,https://www.camara.cl/legislacion/comisiones/citacion_detalle.aspx?prmId=4884&prmIdSesion=79698,https://www.camara.cl/verDoc.aspx?prmID=246539&prmTipo=DOCUMENTO_COMISIONSESIONCUENTA,https://www.camara.cl/verDoc.aspx?prmID=285&prmTipo=DOCUMENTO_COMISIONSESIONACTA
2025,Marzo,239,11 mar. 2025,Celebrada,https://www.camara.cl/legislacion/comisiones/citacion_detalle.aspx?prmId=4884&prmIdSesion=79689,https://www.camara.cl/verDoc.aspx?prmID=255121&prmTipo=DOCUMENTO_COMISIONSESIONCUENTA,https://www.camara.cl/verDoc.aspx?prmID=16215&prmTipo=DOCUMENTO_COMISIONSESIONACTA
2025,Marzo,238,05 mar. 2025,Celebrada,https://www.camara.cl/legislacion/comisiones/citacion_detalle.aspx?prmId=4884&prmIdSesion=79644,https://www.camara.cl/verDoc.aspx?prmID=261121&prmTipo=DOCUMENTO_COMISIONSESIONCUENTA,https://www.camara.cl/verDoc.aspx?prmID=22020&prmTipo=DOCUMENTO_COMISIONSESIONACTA
2025,Marzo,237,04 mar. 2025,Celebrada,https://www.camara.cl/legislacion/comisiones/citacion_detalle.aspx?prmId=4884&prmIdSesion=79615,https://www.camara.cl/verDoc.aspx?prmID=250986&prmTipo=DOCUMENTO_COMISIONSESIONCUENTA,https://www.camara.cl/verDoc.aspx?prmID=12158&prmTipo=DOCUMENTO_COMISIONSESIONACTA
2025,Enero,236,22 ene. 2025,Celebrada,https://www.camara.cl/legislacion/comisiones/citacion_detalle.aspx?prmId=4884&prmIdSesion=79536,https://www.camara.cl/verDoc.aspx?prmID=260409&prmTipo=DOCUMENTO_COMISIONSESIONCUENTA,https://www.camara.cl/verDoc.aspx?prmID=21342&prmTipo=DOCUMENTO_COMISIONSESIONACTA
2025,Enero,235,21 ene. 2025,Celebrada,https://www.camara.cl/legislacion/comisiones/citacion_detalle.aspx?prmId=4884&prmIdSesion=79542,https://www.camara.cl/verDoc.aspx?prmID=255092&prmTipo=DOCUMENTO_COMISIONSESIONCUENTA,https://www.camara.cl/verDoc.aspx?prmID=16188&prmTipo=DOCUMENTO_COMISIONSESIONACTA
2025,Enero,234,21 ene. 2025,Celebrada,https://www.camara.cl/legislacion/comisiones/citacion_detalle.aspx?prmId=4884&prmIdSesion=79535,https://www.camara.cl/verDoc.aspx?prmID=260408&prmTipo=DOCUMENTO_COMISIONSESIONCUENTA,https://www.camara.cl/verDoc.aspx?prmID=21341&prmTipo=DOCUMENTO_COMISIONSESIONACTA
2025,Enero,233,15 ene. 2025,Celebrada,https://www.camara.cl/legislacion/comisiones/citacion_detalle.aspx?prmId=4884&prmIdSesion=79523,https://www.camara.cl/verDoc.aspx?prmID=251779&prmTipo=DOCUMENTO_COMISIONSESIONCUENTA,https://www.camara.cl/verDoc.aspx?prmID=12947&prmTipo=DOCUMENTO_COMISIONSESIONACTA
2025,Enero,232,14 ene. 2025,Celebrada,https://www.camara.cl/legislacion/comisiones/citacion_detalle.aspx?prmId=4884&prmIdSesion=79497,https://www.camara.cl/verDoc.aspx?prmID=260407&prmTipo=DOCUMENTO_COMISIONSESIONCUENTA,https://www.camara.cl/verDoc.aspx?prmID=21340&prmTipo=DOCUMENTO_COMISIONSESIONACTA
2025,Enero,231,13 ene. 2025,Celebrada,https://www.camara.cl/legislacion/comisiones/citacion_detalle.aspx?prmId=4884&prmIdSesion=79436,https://www.camara.cl/verDoc.aspx?prmID=246532&prmTipo=DOCUMENTO_COMISIONSESIONCUENTA,https://www.camara.cl/verDoc.aspx?prmID=278&prmTipo=DOCUMENTO_COMISIONSESIONACTA
2025,Enero,230,08 ene. 2025,Celebrada,https://www.camara.cl/legislacion/comisiones/citacion_detalle.aspx?prmId=4884&prmIdSesion=79435,https://www.camara.cl/verDoc.aspx?prmID=246531&prmTipo=DOCUMENTO_COMISIONSESIONCUENTA,https://www.camara.cl/verDoc.aspx?prmID=277&prmTipo=DOCUMENTO_COMISIONSESIONACTA
2025,Enero,229,07 ene. 2025,Celebrada,https://www.camara.cl/legislacion/comisiones/citacion_detalle.aspx?prmId=4884&prmIdSesion=79434,https://www.camara.cl/verDoc.aspx?prmID=246530&prmTipo=DOCUMENTO_COMISIONSESIONCUENTA,https://www.camara.cl/verDoc.aspx?prmID=276&prmTipo=DOCUMENTO_COMISIONSESIONACTA
2024,Diciembre,228,18 dic. 2024,Celebrada,https://www.camara.cl/legislacion/comisiones/citacion_detalle.aspx?prmId=4884&prmIdSesion=79363,https://www.camara.cl/verDoc.aspx?prmID=260641&prmTipo=DOCUMENTO_COMISIONSESIONCUENTA,https://www.camara.cl/verDoc.aspx?prmID=21567&prmTipo=DOCUMENTO_COMISIONSESIONACTA
2024,Diciembre,227,17 dic. 2024,Celebrada,https://www.camara.cl/legislacion/comisiones/citacion_detalle.aspx?prmId=4884&prmIdSesion=79362,https://www.camara.cl/verDoc.aspx?prmID=260640&prmTipo=DOCUMENTO_COMISIONSESIONCUENTA,https://www.camara.cl/verDoc.aspx?prmID=21566&prmTipo=DOCUMENTO_COMISIONSESIONACTA
2024,Diciembre,227,11 dic. 2024,Suspendida,https://www.camara.cl/legislacion/comisiones/citacion_detalle.aspx?prmId=4884&prmIdSesion=79318,No,No
2024,Diciembre,226,10 dic. 2024,Celebrada,https://www.camara.cl/legislacion/comisiones/citacion_detalle.aspx?prmId=4884&prmIdSesion=79317,https://www.camara.cl/verDoc.aspx?prmID=252246&prmTipo=DOCUMENTO_COMISIONSESIONCUENTA,https://www.camara.cl/verDoc.aspx?prmID=13404&prmTipo=DOCUMENTO_COMISIONSESIONACTA
2024,Diciembre,225,09 dic. 2024,Celebrada,https://www.camara.cl/legislacion/comisiones/citacion_detalle.aspx?prmId=4884&prmIdSesion=79320,https://www.camara.cl/verDoc.aspx?prmID=246346&prmTipo=DOCUMENTO_COMISIONSESIONCUENTA,https://www.camara.cl/verDoc.aspx?prmID=100&prmTipo=DOCUMENTO_COMISIONSESIONACTA
2024,Diciembre,224,04 dic. 2024,Celebrada,https://www.camara.cl/legislacion/comisiones/citacion_detalle.aspx?prmId=4884&prmIdSesion=79250,https://www.camara.cl/verDoc.aspx?prmID=260399&prmTipo=DOCUMENTO_COMISIONSESIONCUENTA,https://www.camara.cl/verDoc.aspx?prmID=21332&prmTipo=DOCUMENTO_COMISIONSESIONACTA
2024,Diciembre,223,03 dic. 2024,Celebrada,https://www.camara.cl/legislacion/comisiones/citacion_detalle.aspx?prmId=4884&prmIdSesion=79236,https://www.camara.cl/verDoc.aspx?prmID=247076&prmTipo=DOCUMENTO_COMISIONSESIONCUENTA,https://www.camara.cl/verDoc.aspx?prmID=812&prmTipo=DOCUMENTO_COMISIONSESIONACTA
2024,Noviembre,222,27 nov. 2024,Celebrada,https://www.camara.cl/legislacion/comisiones/citacion_detalle.aspx?prmId=4884&prmIdSesion=79212,https://www.camara.cl/verDoc.aspx?prmID=246340&prmTipo=DOCUMENTO_COMISIONSESIONCUENTA,https://www.camara.cl/verDoc.aspx?prmID=94&prmTipo=DOCUMENTO_COMISIONSESIONACTA
2024,Noviembre,221,26 nov. 2024,Celebrada,https://www.camara.cl/legislacion/comisiones/citacion_detalle.aspx?prmId=4884&prmIdSesion=79211,https://www.camara.cl/verDoc.aspx?prmID=246339&prmTipo=DOCUMENTO_COMISIONSESIONCUENTA,https://www.camara.cl/verDoc.aspx?prmID=93&prmTipo=DOCUMENTO_COMISIONSESIONACTA
2024,Noviembre,220,20 nov. 2024,Celebrada,https://www.camara.cl/legislacion/comisiones/citacion_detalle.aspx?prmId=4884&prmIdSesion=79181,https://www.camara.cl/verDoc.aspx?prmID=246334&prmTipo=DOCUMENTO_COMISIONSESIONCUENTA,https://www.camara.cl/verDoc.aspx?prmID=88&prmTipo=DOCUMENTO_COMISIONSESIONACTA
2024,Noviembre,219,19 nov. 2024,Celebrada,https://www.camara.cl/legislacion/comisiones/citacion_detalle.aspx?prmId=4884&prmIdSesion=79171,https://www.camara.cl/verDoc.aspx?prmID=254209&prmTipo=DOCUMENTO_COMISIONSESIONCUENTA,https://www.camara.cl/verDoc.aspx?prmID=15329&prmTipo=DOCUMENTO_COMISIONSESIONACTA
2024,Noviembre,219,06 nov. 2024,Suspendida,https://www.camara.cl/legislacion/comisiones/citacion_detalle.aspx?prmId=4884&prmIdSesion=79122,No,No
2024,Noviembre,218,05 nov. 2024,Celebrada,https://www.camara.cl/legislacion/comisiones/citacion_detalle.aspx?prmId=4884&prmIdSesion=79121,https://www.camara.cl/verDoc.aspx?prmID=252627&prmTipo=DOCUMENTO_COMISIONSESIONCUENTA,https://www.camara.cl/verDoc.aspx?prmID=13776&prmTipo=DOCUMENTO_COMISIONSESIONACTA
2024,Octubre,217,30 oct. 2024,Celebrada,https://www.camara.cl/legislacion/comisiones/citacion_detalle.aspx?prmId=4884&prmIdSesion=79078,https://www.camara.cl/verDoc.aspx?prmID=253063&prmTipo=DOCUMENTO_COMISIONSESIONCUENTA,https://www.camara.cl/verDoc.aspx?prmID=14201&prmTipo=DOCUMENTO_COMISIONSESIONACTA
2024,Octubre,216,29 oct. 2024,Celebrada,https://www.camara.cl/legislacion/comisiones/citacion_detalle.aspx?prmId=4884&prmIdSesion=79091,https://www.camara.cl/verDoc.aspx?prmID=258698&prmTipo=DOCUMENTO_COMISIONSESIONCUENTA,https://www.camara.cl/verDoc.aspx?prmID=19701&prmTipo=DOCUMENTO_COMISIONSESIONACTA
2024,Octubre,215,16 oct. 2024,Celebrada,https://www.camara.cl/legislacion/comisiones/citacion_detalle.aspx?prmId=4884&prmIdSesion=79053,https://www.camara.cl/verDoc.aspx?prmID=247072&prmTipo=DOCUMENTO_COMISIONSESIONCUENTA,https://www.camara.cl/verDoc.aspx?prmID=808&prmTipo=DOCUMENTO_COMISIONSESIONACTA
2024,Octubre,214,15 oct. 2024,Celebrada,https://www.camara.cl/legislacion/comisiones/citacion_detalle.aspx?prmId=4884&prmIdSesion=79041,https://www.camara.cl/verDoc.aspx?prmID=246588&prmTipo=DOCUMENTO_COMISIONSESIONCUENTA,https://www.camara.cl/verDoc.aspx?prmID=334&prmTipo=DOCUMENTO_COMISIONSESIONACTA
2024,Octubre,214,09 oct. 2024,Suspendida,https://www.camara.cl/legislacion/comisiones/citacion_detalle.aspx?prmId=4884&prmIdSesion=78994,No,No
2024,Octubre,213,08 oct. 2024,Celebrada,https://www.camara.cl/legislacion/comisiones/citacion_detalle.aspx?prmId=4884&prmIdSesion=78995,https://www.camara.cl/verDoc.aspx?prmID=246325&prmTipo=DOCUMENTO_COMISIONSESIONCUENTA,https://www.camara.cl/verDoc.aspx?prmID=80&prmTipo=DOCUMENTO_COMISIONSESIONACTA
2024,Octubre,213,02 oct. 2024,Suspendida,https://www.camara.cl/legislacion/comisiones/citacion_detalle.aspx?prmId=4884&prmIdSesion=78938,No,No
2024,Octubre,212,01 oct. 2024,Celebrada,https://www.camara.cl/legislacion/comisiones/citacion_detalle.aspx?prmId=4884&prmIdSesion=78937,https://www.camara.cl/verDoc.aspx?prmID=246318&prmTipo=DOCUMENTO_COMISIONSESIONCUENTA,https://www.camara.cl/verDoc.aspx?prmID=75&prmTipo=DOCUMENTO_COMISIONSESIONACTA
2024,Septiembre,211,25 sep. 2024,Celebrada,https://www.camara.cl/legislacion/comisiones/citacion_detalle.aspx?prmId=4884&prmIdSesion=78857,https://www.camara.cl/verDoc.aspx?prmID=254316&prmTipo=DOCUMENTO_COMISIONSESIONCUENTA,https://www.camara.cl/verDoc.aspx?prmID=15431&prmTipo=DOCUMENTO_COMISIONSESIONACTA
2024,Septiembre,210,24 sep. 2024,Celebrada,https://www.camara.cl/legislacion/comisiones/citacion_detalle.aspx?prmId=4884&prmIdSesion=78856,https://www.camara.cl/verDoc.aspx?prmID=254315&prmTipo=DOCUMENTO_COMISIONSESIONCUENTA,https://www.camara.cl/verDoc.aspx?prmID=15430&prmTipo=DOCUMENTO_COMISIONSESIONACTA
2024,Septiembre,209,11 sep. 2024,Celebrada,https://www.camara.cl/legislacion/comisiones/citacion_detalle.aspx?prmId=4884&prmIdSesion=78802,https://www.camara.cl/verDoc.aspx?prmID=257472&prmTipo=DOCUMENTO_COMISIONSESIONCUENTA,https://www.camara.cl/verDoc.aspx?prmID=18520&prmTipo=DOCUMENTO_COMISIONSESIONACTA
2024,Septiembre,208,10 sep. 2024,Celebrada,https://www.camara.cl/legislacion/comisiones/citacion_detalle.aspx?prmId=4884&prmIdSesion=78801,https://www.camara.cl/verDoc.aspx?prmID=257471&prmTipo=DOCUMENTO_COMISIONSESIONCUENTA,https://www.camara.cl/verDoc.aspx?prmID=18519&prmTipo=DOCUMENTO_COMISIONSESIONACTA
2024,Septiembre,207,04 sep. 2024,Celebrada,https://www.camara.cl/legislacion/comisiones/citacion_detalle.aspx?prmId=4884&prmIdSesion=78751,https://www.camara.cl/verDoc.aspx?prmID=253529&prmTipo=DOCUMENTO_COMISIONSESIONCUENTA,https://www.camara.cl/verDoc.aspx?prmID=14666&prmTipo=DOCUMENTO_COMISIONSESIONACTA
2024,Septiembre,206,03 sep. 2024,Celebrada,https://www.camara.cl/legislacion/comisiones/citacion_detalle.aspx?prmId=4884&prmIdSesion=78749,https://www.camara.cl/verDoc.aspx?prmID=253528&prmTipo=DOCUMENTO_COMISIONSESIONCUENTA,https://www.camara.cl/verDoc.aspx?prmID=14665&prmTipo=DOCUMENTO_COMISIONSESIONACTA
2024,Agosto,205,28 ago. 2024,Celebrada,https://www.camara.cl/legislacion/comisiones/citacion_detalle.aspx?prmId=4884&prmIdSesion=78677,https://www.camara.cl/verDoc.aspx?prmID=259553&prmTipo=DOCUMENTO_COMISIONSESIONCUENTA,https://www.camara.cl/verDoc.aspx?prmID=20513&prmTipo=DOCUMENTO_COMISIONSESIONACTA
2024,Agosto,204,27 ago. 2024,Celebrada,https://www.camara.cl/legislacion/comisiones/citacion_detalle.aspx?prmId=4884&prmIdSesion=78647,https://www.camara.cl/verDoc.aspx?prmID=255979&prmTipo=DOCUMENTO_COMISIONSESIONCUENTA,https://www.camara.cl/verDoc.aspx?prmID=17072&prmTipo=DOCUMENTO_COMISIONSESIONACTA
2024,Agosto,203,14 ago. 2024,Celebrada,https://www.camara.cl/legislacion/comisiones/citacion_detalle.aspx?prmId=4884&prmIdSesion=78581,https://www.camara.cl/verDoc.aspx?prmID=253053&prmTipo=DOCUMENTO_COMISIONSESIONCUENTA,https://www.camara.cl/verDoc.aspx?prmID=14192&prmTipo=DOCUMENTO_COMISIONSESIONACTA
2024,Agosto,202,13 ago. 2024,Celebrada,https://www.camara.cl/legislacion/comisiones/citacion_detalle.aspx?prmId=4884&prmIdSesion=78580,https://www.camara.cl/verDoc.aspx?prmID=253052&prmTipo=DOCUMENTO_COMISIONSESIONCUENTA,https://www.camara.cl/verDoc.aspx?prmID=14191&prmTipo=DOCUMENTO_COMISIONSESIONACTA
2024,Agosto,201,07 ago. 2024,Celebrada,https://www.camara.cl/legislacion/comisiones/citacion_detalle.aspx?prmId=4884&prmIdSesion=78541,https://www.camara.cl/verDoc.aspx?prmID=252241&prmTipo=DOCUMENTO_COMISIONSESIONCUENTA,https://www.camara.cl/verDoc.aspx?prmID=13400&prmTipo=DOCUMENTO_COMISIONSESIONACTA
2024,Agosto,200,06 ago. 2024,Celebrada,https://www.camara.cl/legislacion/comisiones/citacion_detalle.aspx?prmId=4884&prmIdSesion=78526,https://www.camara.cl/verDoc.aspx?prmID=251063&prmTipo=DOCUMENTO_COMISIONSESIONCUENTA,https://www.camara.cl/verDoc.aspx?prmID=12235&prmTipo=DOCUMENTO_COMISIONSESIONACTA
2024,Agosto,199,05 ago. 2024,Celebrada,https://www.camara.cl/legislacion/comisiones/citacion_detalle.aspx?prmId=4884&prmIdSesion=78540,https://www.camara.cl/verDoc.aspx?prmID=252240&prmTipo=DOCUMENTO_COMISIONSESIONCUENTA,https://www.camara.cl/verDoc.aspx?prmID=13399&prmTipo=DOCUMENTO_COMISIONSESIONACTA
2024,Julio,198,31 jul. 2024,Celebrada,https://www.camara.cl/legislacion/comisiones/citacion_detalle.aspx?prmId=4884&prmIdSesion=78499,https://www.camara.cl/verDoc.aspx?prmID=261224&prmTipo=DOCUMENTO_COMISIONSESIONCUENTA,https://www.camara.cl/verDoc.aspx?prmID=22126&prmTipo=DOCUMENTO_COMISIONSESIONACTA
2024,Julio,197,30 jul. 2024,Celebrada,https://www.camara.cl/legislacion/comisiones/citacion_detalle.aspx?prmId=4884&prmIdSesion=78464,https://www.camara.cl/verDoc.aspx?prmID=257070&prmTipo=DOCUMENTO_COMISIONSESIONCUENTA,https://www.camara.cl/verDoc.aspx?prmID=18127&prmTipo=DOCUMENTO_COMISIONSESIONACTA
2024,Julio,196,24 jul. 2024,Celebrada,https://www.camara.cl/legislacion/comisiones/citacion_detalle.aspx?prmId=4884&prmIdSesion=78417,https://www.camara.cl/verDoc.aspx?prmID=247175&prmTipo=DOCUMENTO_COMISIONSESIONCUENTA,https://www.camara.cl/verDoc.aspx?prmID=908&prmTipo=DOCUMENTO_COMISIONSESIONACTA
2024,Julio,195,23 jul. 2024,Celebrada,https://www.camara.cl/legislacion/comisiones/citacion_detalle.aspx?prmId=4884&prmIdSesion=78416,https://www.camara.cl/verDoc.aspx?prmID=247174&prmTipo=DOCUMENTO_COMISIONSESIONCUENTA,https://www.camara.cl/verDoc.aspx?prmID=907&prmTipo=DOCUMENTO_COMISIONSESIONACTA
2024,Julio,194,10 jul. 2024,Celebrada,https://www.camara.cl/legislacion/comisiones/citacion_detalle.aspx?prmId=4884&prmIdSesion=78277,https://www.camara.cl/verDoc.aspx?prmID=261135&prmTipo=DOCUMENTO_COMISIONSESIONCUENTA,https://www.camara.cl/verDoc.aspx?prmID=22034&prmTipo=DOCUMENTO_COMISIONSESIONACTA
2024,Julio,193,09 jul. 2024,Celebrada,https://www.camara.cl/legislacion/comisiones/citacion_detalle.aspx?prmId=4884&prmIdSesion=78276,https://www.camara.cl/verDoc.aspx?prmID=260818&prmTipo=DOCUMENTO_COMISIONSESIONCUENTA,https://www.camara.cl/verDoc.aspx?prmID=21734&prmTipo=DOCUMENTO_COMISIONSESIONACTA
2024,Julio,192,03 jul. 2024,Celebrada,https://www.camara.cl/legislacion/comisiones/citacion_detalle.aspx?prmId=4884&prmIdSesion=78177,https://www.camara.cl/verDoc.aspx?prmID=251873&prmTipo=DOCUMENTO_COMISIONSESIONCUENTA,https://www.camara.cl/verDoc.aspx?prmID=13040&prmTipo=DOCUMENTO_COMISIONSESIONACTA
2024,Julio,191,02 jul. 2024,Celebrada,https://www.camara.cl/legislacion/comisiones/citacion_detalle.aspx?prmId=4884&prmIdSesion=78176,https://www.camara.cl/verDoc.aspx?prmID=251569&prmTipo=DOCUMENTO_COMISIONSESIONCUENTA,https://www.camara.cl/verDoc.aspx?prmID=12728&prmTipo=DOCUMENTO_COMISIONSESIONACTA
2024,Junio,190,19 jun. 2024,Celebrada,https://www.camara.cl/legislacion/comisiones/citacion_detalle.aspx?prmId=4884&prmIdSesion=78162,https://www.camara.cl/verDoc.aspx?prmID=259015&prmTipo=DOCUMENTO_COMISIONSESIONCUENTA,https://www.camara.cl/verDoc.aspx?prmID=20005&prmTipo=DOCUMENTO_COMISIONSESIONACTA
2024,Junio,189,18 jun. 2024,Celebrada,https://www.camara.cl/legislacion/comisiones/citacion_detalle.aspx?prmId=4884&prmIdSesion=78164,https://www.camara.cl/verDoc.aspx?prmID=259016&prmTipo=DOCUMENTO_COMISIONSESIONCUENTA,https://www.camara.cl/verDoc.aspx?prmID=20006&prmTipo=DOCUMENTO_COMISIONSESIONACTA
2024,Junio,188,12 jun. 2024,Celebrada,https://www.camara.cl/legislacion/comisiones/citacion_detalle.aspx?prmId=4884&prmIdSesion=78070,https://www.camara.cl/verDoc.aspx?prmID=261694&prmTipo=DOCUMENTO_COMISIONSESIONCUENTA,https://www.camara.cl/verDoc.aspx?prmID=22584&prmTipo=DOCUMENTO_COMISIONSESIONACTA
2024,Junio,187,11 jun. 2024,Celebrada,https://www.camara.cl/legislacion/comisiones/citacion_detalle.aspx?prmId=4884&prmIdSesion=78069,https://www.camara.cl/verDoc.aspx?prmID=261693&prmTipo=DOCUMENTO_COMISIONSESIONCUENTA,https://www.camara.cl/verDoc.aspx?prmID=22583&prmTipo=DOCUMENTO_COMISIONSESIONACTA
2024,Junio,186,05 jun. 2024,Celebrada,https://www.camara.cl/legislacion/comisiones/citacion_detalle.aspx?prmId=4884&prmIdSesion=77989,https://www.camara.cl/verDoc.aspx?prmID=246582&prmTipo=DOCUMENTO_COMISIONSESIONCUENTA,https://www.camara.cl/verDoc.aspx?prmID=328&prmTipo=DOCUMENTO_COMISIONSESIONACTA
2024,Junio,185,04 jun. 2024,Celebrada,https://www.camara.cl/legislacion/comisiones/citacion_detalle.aspx?prmId=4884&prmIdSesion=77988,https://www.camara.cl/verDoc.aspx?prmID=246581&prmTipo=DOCUMENTO_COMISIONSESIONCUENTA,https://www.camara.cl/verDoc.aspx?prmID=327&prmTipo=DOCUMENTO_COMISIONSESIONACTA
2024,Mayo,184,31 may. 2024,Celebrada,https://www.camara.cl/legislacion/comisiones/citacion_detalle.aspx?prmId=4884&prmIdSesion=77941,https://www.camara.cl/verDoc.aspx?prmID=260854&prmTipo=DOCUMENTO_COMISIONSESIONCUENTA,https://www.camara.cl/verDoc.aspx?prmID=21766&prmTipo=DOCUMENTO_COMISIONSESIONACTA
2024,Mayo,183,30 may. 2024,Celebrada,https://www.camara.cl/legislacion/comisiones/citacion_detalle.aspx?prmId=4884&prmIdSesion=77940,https://www.camara.cl/verDoc.aspx?prmID=260853&prmTipo=DOCUMENTO_COMISIONSESIONCUENTA,https://www.camara.cl/verDoc.aspx?prmID=21765&prmTipo=DOCUMENTO_COMISIONSESIONACTA
2024,Mayo,182,15 may. 2024,Celebrada,https://www.camara.cl/legislacion/comisiones/citacion_detalle.aspx?prmId=4884&prmIdSesion=77837,https://www.camara.cl/verDoc.aspx?prmID=256982&prmTipo=DOCUMENTO_COMISIONSESIONCUENTA,https://www.camara.cl/verDoc.aspx?prmID=18040&prmTipo=DOCUMENTO_COMISIONSESIONACTA
2024,Mayo,181,14 may. 2024,Celebrada,https://www.camara.cl/legislacion/comisiones/citacion_detalle.aspx?prmId=4884&prmIdSesion=77836,https://www.camara.cl/verDoc.aspx?prmID=256981&prmTipo=DOCUMENTO_COMISIONSESIONCUENTA,https://www.camara.cl/verDoc.aspx?prmID=18039&prmTipo=DOCUMENTO_COMISIONSESIONACTA
2024,Mayo,180,08 may. 2024,Celebrada,https://www.camara.cl/legislacion/comisiones/citacion_detalle.aspx?prmId=4884&prmIdSesion=77819,https://www.camara.cl/verDoc.aspx?prmID=256415&prmTipo=DOCUMENTO_COMISIONSESIONCUENTA,https://www.camara.cl/verDoc.aspx?prmID=17491&prmTipo=DOCUMENTO_COMISIONSESIONACTA
2024,Mayo,179,07 may. 2024,Celebrada,https://www.camara.cl/legislacion/comisiones/citacion_detalle.aspx?prmId=4884&prmIdSesion=77770,https://www.camara.cl/verDoc.aspx?prmID=246850&prmTipo=DOCUMENTO_COMISIONSESIONCUENTA,https://www.camara.cl/verDoc.aspx?prmID=594&prmTipo=DOCUMENTO_COMISIONSESIONACTA
2024,Abril,178,23 abr. 2024,Celebrada,https://www.camara.cl/legislacion/comisiones/citacion_detalle.aspx?prmId=4884&prmIdSesion=77647,https://www.camara.cl/verDoc.aspx?prmID=259205&prmTipo=DOCUMENTO_COMISIONSESIONCUENTA,https://www.camara.cl/verDoc.aspx?prmID=20187&prmTipo=DOCUMENTO_COMISIONSESIONACTA
2024,Abril,178,22 abr. 2024,Suspendida,https://www.camara.cl/legislacion/comisiones/citacion_detalle.aspx?prmId=4884&prmIdSesion=77646,No,No
2024,Abril,177,16 abr. 2024,Celebrada,https://www.camara.cl/legislacion/comisiones/citacion_detalle.aspx?prmId=4884&prmIdSesion=77599,https://www.camara.cl/verDoc.aspx?prmID=257169&prmTipo=DOCUMENTO_COMISIONSESIONCUENTA,https://www.camara.cl/verDoc.aspx?prmID=18222&prmTipo=DOCUMENTO_COMISIONSESIONACTA
2024,Abril,176,15 abr. 2024,Celebrada,https://www.camara.cl/legislacion/comisiones/citacion_detalle.aspx?prmId=4884&prmIdSesion=77578,https://www.camara.cl/verDoc.aspx?prmID=257168&prmTipo=DOCUMENTO_COMISIONSESIONCUENTA,https://www.camara.cl/verDoc.aspx?prmID=18221&prmTipo=DOCUMENTO_COMISIONSESIONACTA
2024,Abril,175,09 abr. 2024,Celebrada,https://www.camara.cl/legislacion/comisiones/citacion_detalle.aspx?prmId=4884&prmIdSesion=77546,https://www.camara.cl/verDoc.aspx?prmID=252235&prmTipo=DOCUMENTO_COMISIONSESIONCUENTA,https://www.camara.cl/verDoc.aspx?prmID=13394&prmTipo=DOCUMENTO_COMISIONSESIONACTA
2024,Abril,174,02 abr. 2024,Celebrada,https://www.camara.cl/legislacion/comisiones/citacion_detalle.aspx?prmId=4884&prmIdSesion=77452,https://www.camara.cl/verDoc.aspx?prmID=259344&prmTipo=DOCUMENTO_COMISIONSESIONCUENTA,https://www.camara.cl/verDoc.aspx?prmID=20316&prmTipo=DOCUMENTO_COMISIONSESIONACTA
2024,Marzo,173,19 mar. 2024,Celebrada,https://www.camara.cl/legislacion/comisiones/citacion_detalle.aspx?prmId=4884&prmIdSesion=77346,https://www.camara.cl/verDoc.aspx?prmID=259343&prmTipo=DOCUMENTO_COMISIONSESIONCUENTA,https://www.camara.cl/verDoc.aspx?prmID=20315&prmTipo=DOCUMENTO_COMISIONSESIONACTA
2024,Marzo,173,18 mar. 2024,Fracasada,https://www.camara.cl/legislacion/comisiones/citacion_detalle.aspx?prmId=4884&prmIdSesion=77345,No,No
2024,Marzo,172,13 mar. 2024,Celebrada,https://www.camara.cl/legislacion/comisiones/citacion_detalle.aspx?prmId=4884&prmIdSesion=77323,https://www.camara.cl/verDoc.aspx?prmID=261302&prmTipo=DOCUMENTO_COMISIONSESIONCUENTA,https://www.camara.cl/verDoc.aspx?prmID=22201&prmTipo=DOCUMENTO_COMISIONSESIONACTA
2024,Marzo,171,12 mar. 2024,Celebrada,https://www.camara.cl/legislacion/comisiones/citacion_detalle.aspx?prmId=4884&prmIdSesion=77253,https://www.camara.cl/verDoc.aspx?prmID=252714&prmTipo=DOCUMENTO_COMISIONSESIONCUENTA,https://www.camara.cl/verDoc.aspx?prmID=13859&prmTipo=DOCUMENTO_COMISIONSESIONACTA
2024,Marzo,171,11 mar. 2024,Suspendida,https://www.camara.cl/legislacion/comisiones/citacion_detalle.aspx?prmId=4884&prmIdSesion=77236,No,No
2024,Marzo,170,06 mar. 2024,Celebrada,https://www.camara.cl/legislacion/comisiones/citacion_detalle.aspx?prmId=4884&prmIdSesion=77139,https://www.camara.cl/verDoc.aspx?prmID=246847&prmTipo=DOCUMENTO_COMISIONSESIONCUENTA,https://www.camara.cl/verDoc.aspx?prmID=592&prmTipo=DOCUMENTO_COMISIONSESIONACTA
2024,Marzo,169,05 mar. 2024,Celebrada,https://www.camara.cl/legislacion/comisiones/citacion_detalle.aspx?prmId=4884&prmIdSesion=77098,https://www.camara.cl/verDoc.aspx?prmID=246846&prmTipo=DOCUMENTO_COMISIONSESIONCUENTA,https://www.camara.cl/verDoc.aspx?prmID=591&prmTipo=DOCUMENTO_COMISIONSESIONACTA
2024,Marzo,168,04 mar. 2024,Celebrada,https://www.camara.cl/legislacion/comisiones/citacion_detalle.aspx?prmId=4884&prmIdSesion=77097,https://www.camara.cl/verDoc.aspx?prmID=246845&prmTipo=DOCUMENTO_COMISIONSESIONCUENTA,https://www.camara.cl/verDoc.aspx?prmID=590&prmTipo=DOCUMENTO_COMISIONSESIONACTA
2024,Enero,168,24 ene. 2024,Suspendida,https://www.camara.cl/legislacion/comisiones/citacion_detalle.aspx?prmId=4884&prmIdSesion=77030,No,No
2024,Enero,167,23 ene. 2024,Celebrada,https://www.camara.cl/legislacion/comisiones/citacion_detalle.aspx?prmId=4884&prmIdSesion=77029,https://www.camara.cl/verDoc.aspx?prmID=252329&prmTipo=DOCUMENTO_COMISIONSESIONCUENTA,https://www.camara.cl/verDoc.aspx?prmID=13487&prmTipo=DOCUMENTO_COMISIONSESIONACTA
2024,Enero,166,22 ene. 2024,Celebrada,https://www.camara.cl/legislacion/comisiones/citacion_detalle.aspx?prmId=4884&prmIdSesion=77028,https://www.camara.cl/verDoc.aspx?prmID=252327&prmTipo=DOCUMENTO_COMISIONSESIONCUENTA,https://www.camara.cl/verDoc.aspx?prmID=13485&prmTipo=DOCUMENTO_COMISIONSESIONACTA
2024,Enero,165,17 ene. 2024,Celebrada,https://www.camara.cl/legislacion/comisiones/citacion_detalle.aspx?prmId=4884&prmIdSesion=76963,https://www.camara.cl/verDoc.aspx?prmID=260115&prmTipo=DOCUMENTO_COMISIONSESIONCUENTA,https://www.camara.cl/verDoc.aspx?prmID=21057&prmTipo=DOCUMENTO_COMISIONSESIONACTA
2024,Enero,164,16 ene. 2024,Celebrada,https://www.camara.cl/legislacion/comisiones/citacion_detalle.aspx?prmId=4884&prmIdSesion=76962,https://www.camara.cl/verDoc.aspx?prmID=260114&prmTipo=DOCUMENTO_COMISIONSESIONCUENTA,https://www.camara.cl/verDoc.aspx?prmID=21056&prmTipo=DOCUMENTO_COMISIONSESIONACTA
2024,Enero,163,10 ene. 2024,Celebrada,https://www.camara.cl/legislacion/comisiones/citacion_detalle.aspx?prmId=4884&prmIdSesion=76856,https://www.camara.cl/verDoc.aspx?prmID=247047&prmTipo=DOCUMENTO_COMISIONSESIONCUENTA,https://www.camara.cl/verDoc.aspx?prmID=786&prmTipo=DOCUMENTO_COMISIONSESIONACTA
2024,Enero,162,10 ene. 2024,Celebrada,https://www.camara.cl/legislacion/comisiones/citacion_detalle.aspx?prmId=4884&prmIdSesion=76857,https://www.camara.cl/verDoc.aspx?prmID=247048&prmTipo=DOCUMENTO_COMISIONSESIONCUENTA,https://www.camara.cl/verDoc.aspx?prmID=787&prmTipo=DOCUMENTO_COMISIONSESIONACTA
2024,Enero,161,09 ene. 2024,Celebrada,https://www.camara.cl/legislacion/comisiones/citacion_detalle.aspx?prmId=4884&prmIdSesion=76858,https://www.camara.cl/verDoc.aspx?prmID=247049&prmTipo=DOCUMENTO_COMISIONSESIONCUENTA,https://www.camara.cl/verDoc.aspx?prmID=788&prmTipo=DOCUMENTO_COMISIONSESIONACTA
2024,Enero,160,09 ene. 2024,Celebrada,https://www.camara.cl/legislacion/comisiones/citacion_detalle.aspx?prmId=4884&prmIdSesion=76879,https://www.camara.cl/verDoc.aspx?prmID=247050&prmTipo=DOCUMENTO_COMISIONSESIONCUENTA,https://www.camara.cl/verDoc.aspx?prmID=789&prmTipo=DOCUMENTO_COMISIONSESIONACTA
2024,Enero,159,08 ene. 2024,Celebrada,https://www.camara.cl/legislacion/comisiones/citacion_detalle.aspx?prmId=4884&prmIdSesion=76852,https://www.camara.cl/verDoc.aspx?prmID=247046&prmTipo=DOCUMENTO_COMISIONSESIONCUENTA,https://www.camara.cl/verDoc.aspx?prmID=785&prmTipo=DOCUMENTO_COMISIONSESIONACTA
2024,Enero,161,04 ene. 2024,Suspendida,https://www.camara.cl/legislacion/comisiones/citacion_detalle.aspx?prmId=4884&prmIdSesion=76779,No,No
2024,Enero,160,04 ene. 2024,Suspendida,https://www.camara.cl/legislacion/comisiones/citacion_detalle.aspx?prmId=4884&prmIdSesion=76738,No,No
2024,Enero,158,03 ene. 2024,Celebrada,https://www.camara.cl/legislacion/comisiones/citacion_detalle.aspx?prmId=4884&prmIdSesion=76737,https://www.camara.cl/verDoc.aspx?prmID=262231&prmTipo=DOCUMENTO_COMISIONSESIONCUENTA,https://www.camara.cl/verDoc.aspx?prmID=23104&prmTipo=DOCUMENTO_COMISIONSESIONACTA
2024,Enero,158,03 ene. 2024,Suspendida,https://www.camara.cl/legislacion/comisiones/citacion_detalle.aspx?prmId=4884&prmIdSesion=76736,No,No
2023,Diciembre,157,20 dic. 2023,Celebrada,https://www.camara.cl/legislacion/comisiones/citacion_detalle.aspx?prmId=4884&prmIdSesion=76701,https://www.camara.cl/verDoc.aspx?prmID=261207&prmTipo=DOCUMENTO_COMISIONSESIONCUENTA,https://www.camara.cl/verDoc.aspx?prmID=22109&prmTipo=DOCUMENTO_COMISIONSESIONACTA
2023,Diciembre,156,20 dic. 2023,Celebrada,https://www.camara.cl/legislacion/comisiones/citacion_detalle.aspx?prmId=4884&prmIdSesion=76699,https://www.camara.cl/verDoc.aspx?prmID=261206&prmTipo=DOCUMENTO_COMISIONSESIONCUENTA,https://www.camara.cl/verDoc.aspx?prmID=22108&prmTipo=DOCUMENTO_COMISIONSESIONACTA
2023,Diciembre,155,19 dic. 2023,Celebrada,https://www.camara.cl/legislacion/comisiones/citacion_detalle.aspx?prmId=4884&prmIdSesion=76698,https://www.camara.cl/verDoc.aspx?prmID=261205&prmTipo=DOCUMENTO_COMISIONSESIONCUENTA,https://www.camara.cl/verDoc.aspx?prmID=22107&prmTipo=DOCUMENTO_COMISIONSESIONACTA
2023,Diciembre,154,19 dic. 2023,Celebrada,https://www.camara.cl/legislacion/comisiones/citacion_detalle.aspx?prmId=4884&prmIdSesion=76693,https://www.camara.cl/verDoc.aspx?prmID=261204&prmTipo=DOCUMENTO_COMISIONSESIONCUENTA,https://www.camara.cl/verDoc.aspx?prmID=22106&prmTipo=DOCUMENTO_COMISIONSESIONACTA
2023,Diciembre,153,18 dic. 2023,Celebrada,https://www.camara.cl/legislacion/comisiones/citacion_detalle.aspx?prmId=4884&prmIdSesion=76692,https://www.camara.cl/verDoc.aspx?prmID=261203&prmTipo=DOCUMENTO_COMISIONSESIONCUENTA,https://www.camara.cl/verDoc.aspx?prmID=22105&prmTipo=DOCUMENTO_COMISIONSESIONACTA
2023,Diciembre,152,13 dic. 2023,Celebrada,https://www.camara.cl/legislacion/comisiones/citacion_detalle.aspx?prmId=4884&prmIdSesion=76665,https://www.camara.cl/verDoc.aspx?prmID=258788&prmTipo=DOCUMENTO_COMISIONSESIONCUENTA,https://www.camara.cl/verDoc.aspx?prmID=19785&prmTipo=DOCUMENTO_COMISIONSESIONACTA
2023,Diciembre,151,13 dic. 2023,Celebrada,https://www.camara.cl/legislacion/comisiones/citacion_detalle.aspx?prmId=4884&prmIdSesion=76662,https://www.camara.cl/verDoc.aspx?prmID=256974&prmTipo=DOCUMENTO_COMISIONSESIONCUENTA,https://www.camara.cl/verDoc.aspx?prmID=18032&prmTipo=DOCUMENTO_COMISIONSESIONACTA
2023,Diciembre,150,12 dic. 2023,Celebrada,https://www.camara.cl/legislacion/comisiones/citacion_detalle.aspx?prmId=4884&prmIdSesion=76533,https://www.camara.cl/verDoc.aspx?prmID=258388&prmTipo=DOCUMENTO_COMISIONSESIONCUENTA,https://www.camara.cl/verDoc.aspx?prmID=19397&prmTipo=DOCUMENTO_COMISIONSESIONACTA
2023,Diciembre,149,12 dic. 2023,Celebrada,https://www.camara.cl/legislacion/comisiones/citacion_detalle.aspx?prmId=4884&prmIdSesion=76659,https://www.camara.cl/verDoc.aspx?prmID=256973&prmTipo=DOCUMENTO_COMISIONSESIONCUENTA,https://www.camara.cl/verDoc.aspx?prmID=18031&prmTipo=DOCUMENTO_COMISIONSESIONACTA
2023,Diciembre,148,11 dic. 2023,Celebrada,https://www.camara.cl/legislacion/comisiones/citacion_detalle.aspx?prmId=4884&prmIdSesion=76535,https://www.camara.cl/verDoc.aspx?prmID=258387&prmTipo=DOCUMENTO_COMISIONSESIONCUENTA,https://www.camara.cl/verDoc.aspx?prmID=19396&prmTipo=DOCUMENTO_COMISIONSESIONACTA
2023,Noviembre,147,29 nov. 2023,Celebrada,https://www.camara.cl/legislacion/comisiones/citacion_detalle.aspx?prmId=4884&prmIdSesion=76517,https://www.camara.cl/verDoc.aspx?prmID=254843&prmTipo=DOCUMENTO_COMISIONSESIONCUENTA,https://www.camara.cl/verDoc.aspx?prmID=15944&prmTipo=DOCUMENTO_COMISIONSESIONACTA
2023,Noviembre,146,28 nov. 2023,Celebrada,https://www.camara.cl/legislacion/comisiones/citacion_detalle.aspx?prmId=4884&prmIdSesion=76460,https://www.camara.cl/verDoc.aspx?prmID=257221&prmTipo=DOCUMENTO_COMISIONSESIONCUENTA,https://www.camara.cl/verDoc.aspx?prmID=18272&prmTipo=DOCUMENTO_COMISIONSESIONACTA
2023,Noviembre,145,22 nov. 2023,Celebrada,https://www.camara.cl/legislacion/comisiones/citacion_detalle.aspx?prmId=4884&prmIdSesion=76353,https://www.camara.cl/verDoc.aspx?prmID=257863&prmTipo=DOCUMENTO_COMISIONSESIONCUENTA,https://www.camara.cl/verDoc.aspx?prmID=18896&prmTipo=DOCUMENTO_COMISIONSESIONACTA
2023,Noviembre,144,21 nov. 2023,Celebrada,https://www.camara.cl/legislacion/comisiones/citacion_detalle.aspx?prmId=4884&prmIdSesion=76352,https://www.camara.cl/verDoc.aspx?prmID=257862&prmTipo=DOCUMENTO_COMISIONSESIONCUENTA,https://www.camara.cl/verDoc.aspx?prmID=18895&prmTipo=DOCUMENTO_COMISIONSESIONACTA
2023,Noviembre,143,20 nov. 2023,Celebrada,https://www.camara.cl/legislacion/comisiones/citacion_detalle.aspx?prmId=4884&prmIdSesion=76351,https://www.camara.cl/verDoc.aspx?prmID=257861&prmTipo=DOCUMENTO_COMISIONSESIONCUENTA,https://www.camara.cl/verDoc.aspx?prmID=18894&prmTipo=DOCUMENTO_COMISIONSESIONACTA
2023,Noviembre,142,08 nov. 2023,Celebrada,https://www.camara.cl/legislacion/comisiones/citacion_detalle.aspx?prmId=4884&prmIdSesion=76239,https://www.camara.cl/verDoc.aspx?prmID=247152&prmTipo=DOCUMENTO_COMISIONSESIONCUENTA,https://www.camara.cl/verDoc.aspx?prmID=885&prmTipo=DOCUMENTO_COMISIONSESIONACTA
2023,Noviembre,141,07 nov. 2023,Celebrada,https://www.camara.cl/legislacion/comisiones/citacion_detalle.aspx?prmId=4884&prmIdSesion=76238,https://www.camara.cl/verDoc.aspx?prmID=247151&prmTipo=DOCUMENTO_COMISIONSESIONCUENTA,https://www.camara.cl/verDoc.aspx?prmID=884&prmTipo=DOCUMENTO_COMISIONSESIONACTA
2023,Noviembre,140,06 nov. 2023,Celebrada,https://www.camara.cl/legislacion/comisiones/citacion_detalle.aspx?prmId=4884&prmIdSesion=76237,https://www.camara.cl/verDoc.aspx?prmID=247150&prmTipo=DOCUMENTO_COMISIONSESIONCUENTA,https://www.camara.cl/verDoc.aspx?prmID=883&prmTipo=DOCUMENTO_COMISIONSESIONACTA
2023,Octubre,139,25 oct. 2023,Celebrada,https://www.camara.cl/legislacion/comisiones/citacion_detalle.aspx?prmId=4884&prmIdSesion=76125,https://www.camara.cl/verDoc.aspx?prmID=246302&prmTipo=DOCUMENTO_COMISIONSESIONCUENTA,https://www.camara.cl/verDoc.aspx?prmID=60&prmTipo=DOCUMENTO_COMISIONSESIONACTA
2023,Octubre,138,24 oct. 2023,Celebrada,https://www.camara.cl/legislacion/comisiones/citacion_detalle.aspx?prmId=4884&prmIdSesion=76095,https://www.camara.cl/verDoc.aspx?prmID=246303&prmTipo=DOCUMENTO_COMISIONSESIONCUENTA,https://www.camara.cl/verDoc.aspx?prmID=61&prmTipo=DOCUMENTO_COMISIONSESIONACTA
2023,Octubre,137,23 oct. 2023,Celebrada,https://www.camara.cl/legislacion/comisiones/citacion_detalle.aspx?prmId=4884&prmIdSesion=76124,https://www.camara.cl/verDoc.aspx?prmID=246304&prmTipo=DOCUMENTO_COMISIONSESIONCUENTA,https://www.camara.cl/verDoc.aspx?prmID=62&prmTipo=DOCUMENTO_COMISIONSESIONACTA
2023,Octubre,136,18 oct. 2023,Celebrada,https://www.camara.cl/legislacion/comisiones/citacion_detalle.aspx?prmId=4884&prmIdSesion=76019,https://www.camara.cl/verDoc.aspx?prmID=258383&prmTipo=DOCUMENTO_COMISIONSESIONCUENTA,https://www.camara.cl/verDoc.aspx?prmID=19391&prmTipo=DOCUMENTO_COMISIONSESIONACTA
2023,Octubre,135,17 oct. 2023,Celebrada,https://www.camara.cl/legislacion/comisiones/citacion_detalle.aspx?prmId=4884&prmIdSesion=76018,https://www.camara.cl/verDoc.aspx?prmID=258382&prmTipo=DOCUMENTO_COMISIONSESIONCUENTA,https://www.camara.cl/verDoc.aspx?prmID=19390&prmTipo=DOCUMENTO_COMISIONSESIONACTA
2023,Octubre,134,16 oct. 2023,Celebrada,https://www.camara.cl/legislacion/comisiones/citacion_detalle.aspx?prmId=4884&prmIdSesion=76024,https://www.camara.cl/verDoc.aspx?prmID=258384&prmTipo=DOCUMENTO_COMISIONSESIONCUENTA,https://www.camara.cl/verDoc.aspx?prmID=19392&prmTipo=DOCUMENTO_COMISIONSESIONACTA
2023,Octubre,133,11 oct. 2023,Celebrada,https://www.camara.cl/legislacion/comisiones/citacion_detalle.aspx?prmId=4884&prmIdSesion=75907,https://www.camara.cl/verDoc.aspx?prmID=257570&prmTipo=DOCUMENTO_COMISIONSESIONCUENTA,https://www.camara.cl/verDoc.aspx?prmID=18613&prmTipo=DOCUMENTO_COMISIONSESIONACTA
2023,Octubre,132,10 oct. 2023,Celebrada,https://www.camara.cl/legislacion/comisiones/citacion_detalle.aspx?prmId=4884&prmIdSesion=75959,https://www.camara.cl/verDoc.aspx?prmID=257571&prmTipo=DOCUMENTO_COMISIONSESIONCUENTA,https://www.camara.cl/verDoc.aspx?prmID=18614&prmTipo=DOCUMENTO_COMISIONSESIONACTA
2023,Octubre,131,04 oct. 2023,Celebrada,https://www.camara.cl/legislacion/comisiones/citacion_detalle.aspx?prmId=4884&prmIdSesion=75898,https://www.camara.cl/verDoc.aspx?prmID=260190&prmTipo=DOCUMENTO_COMISIONSESIONCUENTA,https://www.camara.cl/verDoc.aspx?prmID=21129&prmTipo=DOCUMENTO_COMISIONSESIONACTA
2023,Octubre,130,03 oct. 2023,Celebrada,https://www.camara.cl/legislacion/comisiones/citacion_detalle.aspx?prmId=4884&prmIdSesion=75852,https://www.camara.cl/verDoc.aspx?prmID=246420&prmTipo=DOCUMENTO_COMISIONSESIONCUENTA,https://www.camara.cl/verDoc.aspx?prmID=173&prmTipo=DOCUMENTO_COMISIONSESIONACTA
2023,Septiembre,129,27 sep. 2023,Celebrada,https://www.camara.cl/legislacion/comisiones/citacion_detalle.aspx?prmId=4884&prmIdSesion=75774,https://www.camara.cl/verDoc.aspx?prmID=255067&prmTipo=DOCUMENTO_COMISIONSESIONCUENTA,https://www.camara.cl/verDoc.aspx?prmID=16163&prmTipo=DOCUMENTO_COMISIONSESIONACTA
2023,Septiembre,128,26 sep. 2023,Celebrada,https://www.camara.cl/legislacion/comisiones/citacion_detalle.aspx?prmId=4884&prmIdSesion=75773,https://www.camara.cl/verDoc.aspx?prmID=255066&prmTipo=DOCUMENTO_COMISIONSESIONCUENTA,https://www.camara.cl/verDoc.aspx?prmID=16162&prmTipo=DOCUMENTO_COMISIONSESIONACTA
2023,Septiembre,127,25 sep. 2023,Celebrada,https://www.camara.cl/legislacion/comisiones/citacion_detalle.aspx?prmId=4884&prmIdSesion=75772,https://www.camara.cl/verDoc.aspx?prmID=255065&prmTipo=DOCUMENTO_COMISIONSESIONCUENTA,https://www.camara.cl/verDoc.aspx?prmID=16161&prmTipo=DOCUMENTO_COMISIONSESIONACTA
2023,Septiembre,126,13 sep. 2023,Celebrada,https://www.camara.cl/legislacion/comisiones/citacion_detalle.aspx?prmId=4884&prmIdSesion=75738,https://www.camara.cl/verDoc.aspx?prmID=256520&prmTipo=DOCUMENTO_COMISIONSESIONCUENTA,https://www.camara.cl/verDoc.aspx?prmID=17592&prmTipo=DOCUMENTO_COMISIONSESIONACTA
2023,Septiembre,125,12 sep. 2023,Celebrada,https://www.camara.cl/legislacion/comisiones/citacion_detalle.aspx?prmId=4884&prmIdSesion=75706,https://www.camara.cl/verDoc.aspx?prmID=260941&prmTipo=DOCUMENTO_COMISIONSESIONCUENTA,https://www.camara.cl/verDoc.aspx?prmID=21848&prmTipo=DOCUMENTO_COMISIONSESIONACTA
2023,Septiembre,124,05 sep. 2023,Celebrada,https://www.camara.cl/legislacion/comisiones/citacion_detalle.aspx?prmId=4884&prmIdSesion=75631,https://www.camara.cl/verDoc.aspx?prmID=260802&prmTipo=DOCUMENTO_COMISIONSESIONCUENTA,https://www.camara.cl/verDoc.aspx?prmID=21720&prmTipo=DOCUMENTO_COMISIONSESIONACTA
2023,Septiembre,123,04 sep. 2023,Celebrada,https://www.camara.cl/legislacion/comisiones/citacion_detalle.aspx?prmId=4884&prmIdSesion=75633,https://www.camara.cl/verDoc.aspx?prmID=260804&prmTipo=DOCUMENTO_COMISIONSESIONCUENTA,https://www.camara.cl/verDoc.aspx?prmID=21722&prmTipo=DOCUMENTO_COMISIONSESIONACTA
2023,Agosto,122,29 ago. 2023,Celebrada,https://www.camara.cl/legislacion/comisiones/citacion_detalle.aspx?prmId=4884&prmIdSesion=75586,https://www.camara.cl/verDoc.aspx?prmID=261018&prmTipo=DOCUMENTO_COMISIONSESIONCUENTA,https://www.camara.cl/verDoc.aspx?prmID=21923&prmTipo=DOCUMENTO_COMISIONSESIONACTA
2023,Agosto,121,28 ago. 2023,Celebrada,https://www.camara.cl/legislacion/comisiones/citacion_detalle.aspx?prmId=4884&prmIdSesion=75546,https://www.camara.cl/verDoc.aspx?prmID=260471&prmTipo=DOCUMENTO_COMISIONSESIONCUENTA,https://www.camara.cl/verDoc.aspx?prmID=21400&prmTipo=DOCUMENTO_COMISIONSESIONACTA
2023,Agosto,120,22 ago. 2023,Celebrada,https://www.camara.cl/legislacion/comisiones/citacion_detalle.aspx?prmId=4884&prmIdSesion=75476,https://www.camara.cl/verDoc.aspx?prmID=252231&prmTipo=DOCUMENTO_COMISIONSESIONCUENTA,https://www.camara.cl/verDoc.aspx?prmID=13390&prmTipo=DOCUMENTO_COMISIONSESIONACTA
2023,Agosto,119,21 ago. 2023,Celebrada,https://www.camara.cl/legislacion/comisiones/citacion_detalle.aspx?prmId=4884&prmIdSesion=75455,https://www.camara.cl/verDoc.aspx?prmID=252230&prmTipo=DOCUMENTO_COMISIONSESIONCUENTA,https://www.camara.cl/verDoc.aspx?prmID=13389&prmTipo=DOCUMENTO_COMISIONSESIONACTA
2023,Agosto,118,08 ago. 2023,Celebrada,https://www.camara.cl/legislacion/comisiones/citacion_detalle.aspx?prmId=4884&prmIdSesion=75433,https://www.camara.cl/verDoc.aspx?prmID=250325&prmTipo=DOCUMENTO_COMISIONSESIONCUENTA,https://www.camara.cl/verDoc.aspx?prmID=11503&prmTipo=DOCUMENTO_COMISIONSESIONACTA
2023,Agosto,117,07 ago. 2023,Celebrada,https://www.camara.cl/legislacion/comisiones/citacion_detalle.aspx?prmId=4884&prmIdSesion=75434,https://www.camara.cl/verDoc.aspx?prmID=250326&prmTipo=DOCUMENTO_COMISIONSESIONCUENTA,https://www.camara.cl/verDoc.aspx?prmID=11504&prmTipo=DOCUMENTO_COMISIONSESIONACTA
2023,Agosto,116,02 ago. 2023,Celebrada,https://www.camara.cl/legislacion/comisiones/citacion_detalle.aspx?prmId=4884&prmIdSesion=75358,https://www.camara.cl/verDoc.aspx?prmID=258877&prmTipo=DOCUMENTO_COMISIONSESIONCUENTA,https://www.camara.cl/verDoc.aspx?prmID=19874&prmTipo=DOCUMENTO_COMISIONSESIONACTA
2023,Agosto,115,01 ago. 2023,Celebrada,https://www.camara.cl/legislacion/comisiones/citacion_detalle.aspx?prmId=4884&prmIdSesion=75332,https://www.camara.cl/verDoc.aspx?prmID=260912&prmTipo=DOCUMENTO_COMISIONSESIONCUENTA,https://www.camara.cl/verDoc.aspx?prmID=21819&prmTipo=DOCUMENTO_COMISIONSESIONACTA
2023,Julio,114,31 jul. 2023,Celebrada,https://www.camara.cl/legislacion/comisiones/citacion_detalle.aspx?prmId=4884&prmIdSesion=75330,https://www.camara.cl/verDoc.aspx?prmID=260910&prmTipo=DOCUMENTO_COMISIONSESIONCUENTA,https://www.camara.cl/verDoc.aspx?prmID=21817&prmTipo=DOCUMENTO_COMISIONSESIONACTA
2023,Julio,113,25 jul. 2023,Celebrada,https://www.camara.cl/legislacion/comisiones/citacion_detalle.aspx?prmId=4884&prmIdSesion=75256,https://www.camara.cl/verDoc.aspx?prmID=253110&prmTipo=DOCUMENTO_COMISIONSESIONCUENTA,https://www.camara.cl/verDoc.aspx?prmID=14246&prmTipo=DOCUMENTO_COMISIONSESIONACTA
2023,Julio,112,24 jul. 2023,Celebrada,https://www.camara.cl/legislacion/comisiones/citacion_detalle.aspx?prmId=4884&prmIdSesion=75233,https://www.camara.cl/verDoc.aspx?prmID=253108&prmTipo=DOCUMENTO_COMISIONSESIONCUENTA,https://www.camara.cl/verDoc.aspx?prmID=14244&prmTipo=DOCUMENTO_COMISIONSESIONACTA
2023,Julio,111,11 jul. 2023,Celebrada,https://www.camara.cl/legislacion/comisiones/citacion_detalle.aspx?prmId=4884&prmIdSesion=75184,https://www.camara.cl/verDoc.aspx?prmID=261568&prmTipo=DOCUMENTO_COMISIONSESIONCUENTA,https://www.camara.cl/verDoc.aspx?prmID=22459&prmTipo=DOCUMENTO_COMISIONSESIONACTA
2023,Julio,110,10 jul. 2023,Celebrada,https://www.camara.cl/legislacion/comisiones/citacion_detalle.aspx?prmId=4884&prmIdSesion=75185,https://www.camara.cl/verDoc.aspx?prmID=261569&prmTipo=DOCUMENTO_COMISIONSESIONCUENTA,https://www.camara.cl/verDoc.aspx?prmID=22460&prmTipo=DOCUMENTO_COMISIONSESIONACTA
2023,Julio,109,04 jul. 2023,Celebrada,https://www.camara.cl/legislacion/comisiones/citacion_detalle.aspx?prmId=4884&prmIdSesion=75103,https://www.camara.cl/verDoc.aspx?prmID=260469&prmTipo=DOCUMENTO_COMISIONSESIONCUENTA,https://www.camara.cl/verDoc.aspx?prmID=21399&prmTipo=DOCUMENTO_COMISIONSESIONACTA
2023,Julio,108,03 jul. 2023,Celebrada,https://www.camara.cl/legislacion/comisiones/citacion_detalle.aspx?prmId=4884&prmIdSesion=75102,https://www.camara.cl/verDoc.aspx?prmID=260468&prmTipo=DOCUMENTO_COMISIONSESIONCUENTA,https://www.camara.cl/verDoc.aspx?prmID=21398&prmTipo=DOCUMENTO_COMISIONSESIONACTA
2023,Junio,107,20 jun. 2023,Celebrada,https://www.camara.cl/legislacion/comisiones/citacion_detalle.aspx?prmId=4884&prmIdSesion=75067,https://www.camara.cl/verDoc.aspx?prmID=255963&prmTipo=DOCUMENTO_COMISIONSESIONCUENTA,https://www.camara.cl/verDoc.aspx?prmID=17058&prmTipo=DOCUMENTO_COMISIONSESIONACTA
2023,Junio,106,19 jun. 2023,Celebrada,https://www.camara.cl/legislacion/comisiones/citacion_detalle.aspx?prmId=4884&prmIdSesion=75066,https://www.camara.cl/verDoc.aspx?prmID=255962&prmTipo=DOCUMENTO_COMISIONSESIONCUENTA,https://www.camara.cl/verDoc.aspx?prmID=17057&prmTipo=DOCUMENTO_COMISIONSESIONACTA
2023,Junio,105,13 jun. 2023,Celebrada,https://www.camara.cl/legislacion/comisiones/citacion_detalle.aspx?prmId=4884&prmIdSesion=75003,https://www.camara.cl/verDoc.aspx?prmID=259662&prmTipo=DOCUMENTO_COMISIONSESIONCUENTA,https://www.camara.cl/verDoc.aspx?prmID=20622&prmTipo=DOCUMENTO_COMISIONSESIONACTA
2023,Junio,104,12 jun. 2023,Celebrada,https://www.camara.cl/legislacion/comisiones/citacion_detalle.aspx?prmId=4884&prmIdSesion=74998,https://www.camara.cl/verDoc.aspx?prmID=259661&prmTipo=DOCUMENTO_COMISIONSESIONCUENTA,https://www.camara.cl/verDoc.aspx?prmID=20621&prmTipo=DOCUMENTO_COMISIONSESIONACTA
2023,Junio,103,07 jun. 2023,Celebrada,https://www.camara.cl/legislacion/comisiones/citacion_detalle.aspx?prmId=4884&prmIdSesion=74981,https://www.camara.cl/verDoc.aspx?prmID=259384&prmTipo=DOCUMENTO_COMISIONSESIONCUENTA,https://www.camara.cl/verDoc.aspx?prmID=20354&prmTipo=DOCUMENTO_COMISIONSESIONACTA
2023,Junio,102,06 jun. 2023,Celebrada,https://www.camara.cl/legislacion/comisiones/citacion_detalle.aspx?prmId=4884&prmIdSesion=74911,https://www.camara.cl/verDoc.aspx?prmID=252037&prmTipo=DOCUMENTO_COMISIONSESIONCUENTA,https://www.camara.cl/verDoc.aspx?prmID=13198&prmTipo=DOCUMENTO_COMISIONSESIONACTA
2023,Junio,101,05 jun. 2023,Celebrada,https://www.camara.cl/legislacion/comisiones/citacion_detalle.aspx?prmId=4884&prmIdSesion=74906,https://www.camara.cl/verDoc.aspx?prmID=252034&prmTipo=DOCUMENTO_COMISIONSESIONCUENTA,https://www.camara.cl/verDoc.aspx?prmID=13196&prmTipo=DOCUMENTO_COMISIONSESIONACTA
2023,Mayo,100,30 may. 2023,Celebrada,https://www.camara.cl/legislacion/comisiones/citacion_detalle.aspx?prmId=4884&prmIdSesion=74826,https://www.camara.cl/verDoc.aspx?prmID=256403&prmTipo=DOCUMENTO_COMISIONSESIONCUENTA,https://www.camara.cl/verDoc.aspx?prmID=17479&prmTipo=DOCUMENTO_COMISIONSESIONACTA
2023,Mayo,99,29 may. 2023,Celebrada,https://www.camara.cl/legislacion/comisiones/citacion_detalle.aspx?prmId=4884&prmIdSesion=74823,https://www.camara.cl/verDoc.aspx?prmID=256402&prmTipo=DOCUMENTO_COMISIONSESIONCUENTA,https://www.camara.cl/verDoc.aspx?prmID=17478&prmTipo=DOCUMENTO_COMISIONSESIONACTA
2023,Mayo,98,15 may. 2023,Celebrada,https://www.camara.cl/legislacion/comisiones/citacion_detalle.aspx?prmId=4884&prmIdSesion=74711,https://www.camara.cl/verDoc.aspx?prmID=256297&prmTipo=DOCUMENTO_COMISIONSESIONCUENTA,https://www.camara.cl/verDoc.aspx?prmID=17376&prmTipo=DOCUMENTO_COMISIONSESIONACTA
2023,Mayo,97,09 may. 2023,Celebrada,https://www.camara.cl/legislacion/comisiones/citacion_detalle.aspx?prmId=4884&prmIdSesion=74666,https://www.camara.cl/verDoc.aspx?prmID=255960&prmTipo=DOCUMENTO_COMISIONSESIONCUENTA,https://www.camara.cl/verDoc.aspx?prmID=17055&prmTipo=DOCUMENTO_COMISIONSESIONACTA
2023,Mayo,96,08 may. 2023,Celebrada,https://www.camara.cl/legislacion/comisiones/citacion_detalle.aspx?prmId=4884&prmIdSesion=74667,https://www.camara.cl/verDoc.aspx?prmID=255961&prmTipo=DOCUMENTO_COMISIONSESIONCUENTA,https://www.camara.cl/verDoc.aspx?prmID=17056&prmTipo=DOCUMENTO_COMISIONSESIONACTA
2023,Abril,95,25 abr. 2023,Celebrada,https://www.camara.cl/legislacion/comisiones/citacion_detalle.aspx?prmId=4884&prmIdSesion=74578,https://www.camara.cl/verDoc.aspx?prmID=252312&prmTipo=DOCUMENTO_COMISIONSESIONCUENTA,https://www.camara.cl/verDoc.aspx?prmID=13470&prmTipo=DOCUMENTO_COMISIONSESIONACTA
2023,Abril,94,24 abr. 2023,Celebrada,https://www.camara.cl/legislacion/comisiones/citacion_detalle.aspx?prmId=4884&prmIdSesion=74549,https://www.camara.cl/verDoc.aspx?prmID=253908&prmTipo=DOCUMENTO_COMISIONSESIONCUENTA,https://www.camara.cl/verDoc.aspx?prmID=15035&prmTipo=DOCUMENTO_COMISIONSESIONACTA
2023,Abril,93,19 abr. 2023,Celebrada,https://www.camara.cl/legislacion/comisiones/citacion_detalle.aspx?prmId=4884&prmIdSesion=74501,No,https://www.camara.cl/verDoc.aspx?prmID=22100&prmTipo=DOCUMENTO_COMISIONSESIONACTA
2023,Abril,92,18 abr. 2023,Celebrada,https://www.camara.cl/legislacion/comisiones/citacion_detalle.aspx?prmId=4884&prmIdSesion=74500,https://www.camara.cl/verDoc.aspx?prmID=261197&prmTipo=DOCUMENTO_COMISIONSESIONCUENTA,https://www.camara.cl/verDoc.aspx?prmID=22098&prmTipo=DOCUMENTO_COMISIONSESIONACTA
2023,Abril,91,17 abr. 2023,Celebrada,https://www.camara.cl/legislacion/comisiones/citacion_detalle.aspx?prmId=4884&prmIdSesion=74499,No,https://www.camara.cl/verDoc.aspx?prmID=22099&prmTipo=DOCUMENTO_COMISIONSESIONACTA
2023,Abril,90,12 abr. 2023,Celebrada,https://www.camara.cl/legislacion/comisiones/citacion_detalle.aspx?prmId=4884&prmIdSesion=74422,https://www.camara.cl/verDoc.aspx?prmID=258086&prmTipo=DOCUMENTO_COMISIONSESIONCUENTA,https://www.camara.cl/verDoc.aspx?prmID=19104&prmTipo=DOCUMENTO_COMISIONSESIONACTA
2023,Abril,89,12 abr. 2023,Celebrada,https://www.camara.cl/legislacion/comisiones/citacion_detalle.aspx?prmId=4884&prmIdSesion=74421,https://www.camara.cl/verDoc.aspx?prmID=258085&prmTipo=DOCUMENTO_COMISIONSESIONCUENTA,https://www.camara.cl/verDoc.aspx?prmID=19103&prmTipo=DOCUMENTO_COMISIONSESIONACTA
2023,Abril,89,12 abr. 2023,Suspendida,https://www.camara.cl/legislacion/comisiones/citacion_detalle.aspx?prmId=4884&prmIdSesion=74386,No,No
2023,Abril,88,11 abr. 2023,Celebrada,https://www.camara.cl/legislacion/comisiones/citacion_detalle.aspx?prmId=4884&prmIdSesion=74384,https://www.camara.cl/verDoc.aspx?prmID=256296&prmTipo=DOCUMENTO_COMISIONSESIONCUENTA,https://www.camara.cl/verDoc.aspx?prmID=17375&prmTipo=DOCUMENTO_COMISIONSESIONACTA
2023,Abril,87,10 abr. 2023,Celebrada,https://www.camara.cl/legislacion/comisiones/citacion_detalle.aspx?prmId=4884&prmIdSesion=74383,No,https://www.camara.cl/verDoc.aspx?prmID=17374&prmTipo=DOCUMENTO_COMISIONSESIONACTA
2023,Abril,87,05 abr. 2023,Suspendida,https://www.camara.cl/legislacion/comisiones/citacion_detalle.aspx?prmId=4884&prmIdSesion=74222,No,No
2023,Abril,86,04 abr. 2023,Celebrada,https://www.camara.cl/legislacion/comisiones/citacion_detalle.aspx?prmId=4884&prmIdSesion=74221,https://www.camara.cl/verDoc.aspx?prmID=260796&prmTipo=DOCUMENTO_COMISIONSESIONCUENTA,https://www.camara.cl/verDoc.aspx?prmID=21715&prmTipo=DOCUMENTO_COMISIONSESIONACTA
2023,Abril,85,03 abr. 2023,Celebrada,https://www.camara.cl/legislacion/comisiones/citacion_detalle.aspx?prmId=4884&prmIdSesion=74220,No,https://www.camara.cl/verDoc.aspx?prmID=21714&prmTipo=DOCUMENTO_COMISIONSESIONACTA
2023,Marzo,84,22 mar. 2023,Celebrada,https://www.camara.cl/legislacion/comisiones/citacion_detalle.aspx?prmId=4884&prmIdSesion=74108,https://www.camara.cl/verDoc.aspx?prmID=257553&prmTipo=DOCUMENTO_COMISIONSESIONCUENTA,https://www.camara.cl/verDoc.aspx?prmID=18598&prmTipo=DOCUMENTO_COMISIONSESIONACTA
2023,Marzo,83,21 mar. 2023,Celebrada,https://www.camara.cl/legislacion/comisiones/citacion_detalle.aspx?prmId=4884&prmIdSesion=74137,https://www.camara.cl/verDoc.aspx?prmID=257300&prmTipo=DOCUMENTO_COMISIONSESIONCUENTA,https://www.camara.cl/verDoc.aspx?prmID=18347&prmTipo=DOCUMENTO_COMISIONSESIONACTA
2023,Marzo,82,20 mar. 2023,Celebrada,https://www.camara.cl/legislacion/comisiones/citacion_detalle.aspx?prmId=4884&prmIdSesion=74106,No,https://www.camara.cl/verDoc.aspx?prmID=18596&prmTipo=DOCUMENTO_COMISIONSESIONACTA
2023,Marzo,81,15 mar. 2023,Celebrada,https://www.camara.cl/legislacion/comisiones/citacion_detalle.aspx?prmId=4884&prmIdSesion=74080,https://www.camara.cl/verDoc.aspx?prmID=260364&prmTipo=DOCUMENTO_COMISIONSESIONCUENTA,https://www.camara.cl/verDoc.aspx?prmID=21299&prmTipo=DOCUMENTO_COMISIONSESIONACTA
2023,Marzo,80,14 mar. 2023,Celebrada,https://www.camara.cl/legislacion/comisiones/citacion_detalle.aspx?prmId=4884&prmIdSesion=74050,https://www.camara.cl/verDoc.aspx?prmID=253495&prmTipo=DOCUMENTO_COMISIONSESIONCUENTA,https://www.camara.cl/verDoc.aspx?prmID=14634&prmTipo=DOCUMENTO_COMISIONSESIONACTA
2023,Marzo,79,13 mar. 2023,Celebrada,https://www.camara.cl/legislacion/comisiones/citacion_detalle.aspx?prmId=4884&prmIdSesion=74049,No,https://www.camara.cl/verDoc.aspx?prmID=14633&prmTipo=DOCUMENTO_COMISIONSESIONACTA
2023,Marzo,78,08 mar. 2023,Celebrada,https://www.camara.cl/legislacion/comisiones/citacion_detalle.aspx?prmId=4884&prmIdSesion=73906,https://www.camara.cl/verDoc.aspx?prmID=254379&prmTipo=DOCUMENTO_COMISIONSESIONCUENTA,https://www.camara.cl/verDoc.aspx?prmID=15494&prmTipo=DOCUMENTO_COMISIONSESIONACTA
2023,Marzo,77,07 mar. 2023,Citada,https://www.camara.cl/legislacion/comisiones/citacion_detalle.aspx?prmId=4884&prmIdSesion=73904,https://www.camara.cl/verDoc.aspx?prmID=254378&prmTipo=DOCUMENTO_COMISIONSESIONCUENTA,https://www.camara.cl/verDoc.aspx?prmID=15492&prmTipo=DOCUMENTO_COMISIONSESIONACTA
2023,Marzo,76,06 mar. 2023,Celebrada,https://www.camara.cl/legislacion/comisiones/citacion_detalle.aspx?prmId=4884&prmIdSesion=73903,https://www.camara.cl/verDoc.aspx?prmID=254377&prmTipo=DOCUMENTO_COMISIONSESIONCUENTA,https://www.camara.cl/verDoc.aspx?prmID=15491&prmTipo=DOCUMENTO_COMISIONSESIONACTA
2023,Enero,75,24 ene. 2023,Celebrada,https://www.camara.cl/legislacion/comisiones/citacion_detalle.aspx?prmId=4884&prmIdSesion=73836,https://www.camara.cl/verDoc.aspx?prmID=255575&prmTipo=DOCUMENTO_COMISIONSESIONCUENTA,https://www.camara.cl/verDoc.aspx?prmID=16671&prmTipo=DOCUMENTO_COMISIONSESIONACTA
2023,Enero,74,23 ene. 2023,Celebrada,https://www.camara.cl/legislacion/comisiones/citacion_detalle.aspx?prmId=4884&prmIdSesion=73811,No,https://www.camara.cl/verDoc.aspx?prmID=16670&prmTipo=DOCUMENTO_COMISIONSESIONACTA
2023,Enero,73,18 ene. 2023,Celebrada,https://www.camara.cl/legislacion/comisiones/citacion_detalle.aspx?prmId=4884&prmIdSesion=73798,https://www.camara.cl/verDoc.aspx?prmID=259962&prmTipo=DOCUMENTO_COMISIONSESIONCUENTA,https://www.camara.cl/verDoc.aspx?prmID=20906&prmTipo=DOCUMENTO_COMISIONSESIONACTA
2023,Enero,72,17 ene. 2023,Celebrada,https://www.camara.cl/legislacion/comisiones/citacion_detalle.aspx?prmId=4884&prmIdSesion=73746,https://www.camara.cl/verDoc.aspx?prmID=261565&prmTipo=DOCUMENTO_COMISIONSESIONCUENTA,https://www.camara.cl/verDoc.aspx?prmID=22456&prmTipo=DOCUMENTO_COMISIONSESIONACTA
2023,Enero,71,16 ene. 2023,Celebrada,https://www.camara.cl/legislacion/comisiones/citacion_detalle.aspx?prmId=4884&prmIdSesion=73745,No,https://www.camara.cl/verDoc.aspx?prmID=22455&prmTipo=DOCUMENTO_COMISIONSESIONACTA
2023,Enero,70,11 ene. 2023,Celebrada,https://www.camara.cl/legislacion/comisiones/citacion_detalle.aspx?prmId=4884&prmIdSesion=73657,https://www.camara.cl/verDoc.aspx?prmID=260176&prmTipo=DOCUMENTO_COMISIONSESIONCUENTA,https://www.camara.cl/verDoc.aspx?prmID=21116&prmTipo=DOCUMENTO_COMISIONSESIONACTA
2023,Enero,69,10 ene. 2023,Celebrada,https://www.camara.cl/legislacion/comisiones/citacion_detalle.aspx?prmId=4884&prmIdSesion=73656,https://www.camara.cl/verDoc.aspx?prmID=260175&prmTipo=DOCUMENTO_COMISIONSESIONCUENTA,https://www.camara.cl/verDoc.aspx?prmID=21115&prmTipo=DOCUMENTO_COMISIONSESIONACTA
2023,Enero,68,09 ene. 2023,Celebrada,https://www.camara.cl/legislacion/comisiones/citacion_detalle.aspx?prmId=4884&prmIdSesion=73638,https://www.camara.cl/verDoc.aspx?prmID=259188&prmTipo=DOCUMENTO_COMISIONSESIONCUENTA,https://www.camara.cl/verDoc.aspx?prmID=20170&prmTipo=DOCUMENTO_COMISIONSESIONACTA
2023,Enero,67,09 ene. 2023,Celebrada,https://www.camara.cl/legislacion/comisiones/citacion_detalle.aspx?prmId=4884&prmIdSesion=73637,https://www.camara.cl/verDoc.aspx?prmID=259187&prmTipo=DOCUMENTO_COMISIONSESIONCUENTA,https://www.camara.cl/verDoc.aspx?prmID=20169&prmTipo=DOCUMENTO_COMISIONSESIONACTA
2023,Enero,66,09 ene. 2023,Celebrada,https://www.camara.cl/legislacion/comisiones/citacion_detalle.aspx?prmId=4884&prmIdSesion=73636,https://www.camara.cl/verDoc.aspx?prmID=259186&prmTipo=DOCUMENTO_COMISIONSESIONCUENTA,https://www.camara.cl/verDoc.aspx?prmID=20168&prmTipo=DOCUMENTO_COMISIONSESIONACTA
2023,Enero,65,05 ene. 2023,Celebrada,https://www.camara.cl/legislacion/comisiones/citacion_detalle.aspx?prmId=4884&prmIdSesion=73524,https://www.camara.cl/verDoc.aspx?prmID=253855&prmTipo=DOCUMENTO_COMISIONSESIONCUENTA,https://www.camara.cl/verDoc.aspx?prmID=14987&prmTipo=DOCUMENTO_COMISIONSESIONACTA
2023,Enero,64,04 ene. 2023,Celebrada,https://www.camara.cl/legislacion/comisiones/citacion_detalle.aspx?prmId=4884&prmIdSesion=73498,https://www.camara.cl/verDoc.aspx?prmID=262227&prmTipo=DOCUMENTO_COMISIONSESIONCUENTA,https://www.camara.cl/verDoc.aspx?prmID=23101&prmTipo=DOCUMENTO_COMISIONSESIONACTA
2023,Enero,63,03 ene. 2023,Celebrada,https://www.camara.cl/legislacion/comisiones/citacion_detalle.aspx?prmId=4884&prmIdSesion=73497,https://www.camara.cl/verDoc.aspx?prmID=262226&prmTipo=DOCUMENTO_COMISIONSESIONCUENTA,https://www.camara.cl/verDoc.aspx?prmID=23100&prmTipo=DOCUMENTO_COMISIONSESIONACTA
2022,Diciembre,62,21 dic. 2022,Celebrada,https://www.camara.cl/legislacion/comisiones/citacion_detalle.aspx?prmId=4884&prmIdSesion=73198,https://www.camara.cl/verDoc.aspx?prmID=261943&prmTipo=DOCUMENTO_COMISIONSESIONCUENTA,https://www.camara.cl/verDoc.aspx?prmID=22825&prmTipo=DOCUMENTO_COMISIONSESIONACTA
2022,Diciembre,61,20 dic. 2022,Celebrada,https://www.camara.cl/legislacion/comisiones/citacion_detalle.aspx?prmId=4884&prmIdSesion=73197,https://www.camara.cl/verDoc.aspx?prmID=261942&prmTipo=DOCUMENTO_COMISIONSESIONCUENTA,https://www.camara.cl/verDoc.aspx?prmID=22824&prmTipo=DOCUMENTO_COMISIONSESIONACTA
2022,Diciembre,60,19 dic. 2022,Celebrada,https://www.camara.cl/legislacion/comisiones/citacion_detalle.aspx?prmId=4884&prmIdSesion=73195,https://www.camara.cl/verDoc.aspx?prmID=261941&prmTipo=DOCUMENTO_COMISIONSESIONCUENTA,https://www.camara.cl/verDoc.aspx?prmID=22823&prmTipo=DOCUMENTO_COMISIONSESIONACTA
2022,Diciembre,60,14 dic. 2022,Suspendida,https://www.camara.cl/legislacion/comisiones/citacion_detalle.aspx?prmId=4884&prmIdSesion=73146,https://www.camara.cl/verDoc.aspx?prmID=262323&prmTipo=DOCUMENTO_COMISIONSESIONCUENTA,No
2022,Diciembre,59,13 dic. 2022,Celebrada,https://www.camara.cl/legislacion/comisiones/citacion_detalle.aspx?prmId=4884&prmIdSesion=73127,https://www.camara.cl/verDoc.aspx?prmID=254458&prmTipo=DOCUMENTO_COMISIONSESIONCUENTA,https://www.camara.cl/verDoc.aspx?prmID=15570&prmTipo=DOCUMENTO_COMISIONSESIONACTA
2022,Diciembre,58,12 dic. 2022,Celebrada,https://www.camara.cl/legislacion/comisiones/citacion_detalle.aspx?prmId=4884&prmIdSesion=73126,https://www.camara.cl/verDoc.aspx?prmID=254457&prmTipo=DOCUMENTO_COMISIONSESIONCUENTA,https://www.camara.cl/verDoc.aspx?prmID=15569&prmTipo=DOCUMENTO_COMISIONSESIONACTA
2022,Noviembre,57,30 nov. 2022,Celebrada,https://www.camara.cl/legislacion/comisiones/citacion_detalle.aspx?prmId=4884&prmIdSesion=73047,https://www.camara.cl/verDoc.aspx?prmID=246418&prmTipo=DOCUMENTO_COMISIONSESIONCUENTA,https://www.camara.cl/verDoc.aspx?prmID=172&prmTipo=DOCUMENTO_COMISIONSESIONACTA
2022,Noviembre,56,29 nov. 2022,Celebrada,https://www.camara.cl/legislacion/comisiones/citacion_detalle.aspx?prmId=4884&prmIdSesion=73046,https://www.camara.cl/verDoc.aspx?prmID=246417&prmTipo=DOCUMENTO_COMISIONSESIONCUENTA,https://www.camara.cl/verDoc.aspx?prmID=171&prmTipo=DOCUMENTO_COMISIONSESIONACTA
2022,Noviembre,55,23 nov. 2022,Celebrada,https://www.camara.cl/legislacion/comisiones/citacion_detalle.aspx?prmId=4884&prmIdSesion=72996,https://www.camara.cl/verDoc.aspx?prmID=250616&prmTipo=DOCUMENTO_COMISIONSESIONCUENTA,https://www.camara.cl/verDoc.aspx?prmID=11792&prmTipo=DOCUMENTO_COMISIONSESIONACTA
2022,Noviembre,54,22 nov. 2022,Celebrada,https://www.camara.cl/legislacion/comisiones/citacion_detalle.aspx?prmId=4884&prmIdSesion=72995,https://www.camara.cl/verDoc.aspx?prmID=250615&prmTipo=DOCUMENTO_COMISIONSESIONCUENTA,https://www.camara.cl/verDoc.aspx?prmID=11791&prmTipo=DOCUMENTO_COMISIONSESIONACTA
2022,Noviembre,53,21 nov. 2022,Celebrada,https://www.camara.cl/legislacion/comisiones/citacion_detalle.aspx?prmId=4884&prmIdSesion=73003,https://www.camara.cl/verDoc.aspx?prmID=246502&prmTipo=DOCUMENTO_COMISIONSESIONCUENTA,https://www.camara.cl/verDoc.aspx?prmID=249&prmTipo=DOCUMENTO_COMISIONSESIONACTA
2022,Noviembre,53,15 nov. 2022,Suspendida,https://www.camara.cl/legislacion/comisiones/citacion_detalle.aspx?prmId=4884&prmIdSesion=72952,No,No
2022,Noviembre,52,09 nov. 2022,Celebrada,https://www.camara.cl/legislacion/comisiones/citacion_detalle.aspx?prmId=4884&prmIdSesion=72837,https://www.camara.cl/verDoc.aspx?prmID=254198&prmTipo=DOCUMENTO_COMISIONSESIONCUENTA,https://www.camara.cl/verDoc.aspx?prmID=15318&prmTipo=DOCUMENTO_COMISIONSESIONACTA
2022,Noviembre,51,08 nov. 2022,Celebrada,https://www.camara.cl/legislacion/comisiones/citacion_detalle.aspx?prmId=4884&prmIdSesion=72835,https://www.camara.cl/verDoc.aspx?prmID=254197&prmTipo=DOCUMENTO_COMISIONSESIONCUENTA,https://www.camara.cl/verDoc.aspx?prmID=15317&prmTipo=DOCUMENTO_COMISIONSESIONACTA
2022,Octubre,50,26 oct. 2022,Celebrada,https://www.camara.cl/legislacion/comisiones/citacion_detalle.aspx?prmId=4884&prmIdSesion=72772,https://www.camara.cl/verDoc.aspx?prmID=246292&prmTipo=DOCUMENTO_COMISIONSESIONCUENTA,https://www.camara.cl/verDoc.aspx?prmID=50&prmTipo=DOCUMENTO_COMISIONSESIONACTA
2022,Octubre,49,25 oct. 2022,Celebrada,https://www.camara.cl/legislacion/comisiones/citacion_detalle.aspx?prmId=4884&prmIdSesion=72771,https://www.camara.cl/verDoc.aspx?prmID=246291&prmTipo=DOCUMENTO_COMISIONSESIONCUENTA,https://www.camara.cl/verDoc.aspx?prmID=49&prmTipo=DOCUMENTO_COMISIONSESIONACTA
2022,Octubre,48,19 oct. 2022,Celebrada,https://www.camara.cl/legislacion/comisiones/citacion_detalle.aspx?prmId=4884&prmIdSesion=72642,https://www.camara.cl/verDoc.aspx?prmID=256968&prmTipo=DOCUMENTO_COMISIONSESIONCUENTA,https://www.camara.cl/verDoc.aspx?prmID=18027&prmTipo=DOCUMENTO_COMISIONSESIONACTA
2022,Octubre,47,18 oct. 2022,Celebrada,https://www.camara.cl/legislacion/comisiones/citacion_detalle.aspx?prmId=4884&prmIdSesion=72706,https://www.camara.cl/verDoc.aspx?prmID=259436&prmTipo=DOCUMENTO_COMISIONSESIONCUENTA,https://www.camara.cl/verDoc.aspx?prmID=20399&prmTipo=DOCUMENTO_COMISIONSESIONACTA
2022,Octubre,46,12 oct. 2022,Celebrada,https://www.camara.cl/legislacion/comisiones/citacion_detalle.aspx?prmId=4884&prmIdSesion=72606,https://www.camara.cl/verDoc.aspx?prmID=256969&prmTipo=DOCUMENTO_COMISIONSESIONCUENTA,https://www.camara.cl/verDoc.aspx?prmID=18028&prmTipo=DOCUMENTO_COMISIONSESIONACTA
2022,Octubre,45,11 oct. 2022,Celebrada,https://www.camara.cl/legislacion/comisiones/citacion_detalle.aspx?prmId=4884&prmIdSesion=72600,https://www.camara.cl/verDoc.aspx?prmID=251809&prmTipo=DOCUMENTO_COMISIONSESIONCUENTA,https://www.camara.cl/verDoc.aspx?prmID=12976&prmTipo=DOCUMENTO_COMISIONSESIONACTA
2022,Octubre,44,05 oct. 2022,Celebrada,https://www.camara.cl/legislacion/comisiones/citacion_detalle.aspx?prmId=4884&prmIdSesion=72537,https://www.camara.cl/verDoc.aspx?prmID=261092&prmTipo=DOCUMENTO_COMISIONSESIONCUENTA,https://www.camara.cl/verDoc.aspx?prmID=21991&prmTipo=DOCUMENTO_COMISIONSESIONACTA
2022,Octubre,43,04 oct. 2022,Celebrada,https://www.camara.cl/legislacion/comisiones/citacion_detalle.aspx?prmId=4884&prmIdSesion=72536,https://www.camara.cl/verDoc.aspx?prmID=261091&prmTipo=DOCUMENTO_COMISIONSESIONCUENTA,https://www.camara.cl/verDoc.aspx?prmID=21990&prmTipo=DOCUMENTO_COMISIONSESIONACTA
2022,Septiembre,42,28 sep. 2022,Celebrada,https://www.camara.cl/legislacion/comisiones/citacion_detalle.aspx?prmId=4884&prmIdSesion=72476,https://www.camara.cl/verDoc.aspx?prmID=249893&prmTipo=DOCUMENTO_COMISIONSESIONCUENTA,https://www.camara.cl/verDoc.aspx?prmID=11075&prmTipo=DOCUMENTO_COMISIONSESIONACTA
2022,Septiembre,41,27 sep. 2022,Celebrada,https://www.camara.cl/legislacion/comisiones/citacion_detalle.aspx?prmId=4884&prmIdSesion=72475,https://www.camara.cl/verDoc.aspx?prmID=249892&prmTipo=DOCUMENTO_COMISIONSESIONCUENTA,https://www.camara.cl/verDoc.aspx?prmID=11074&prmTipo=DOCUMENTO_COMISIONSESIONACTA
2022,Septiembre,41,14 sep. 2022,Suspendida,https://www.camara.cl/legislacion/comisiones/citacion_detalle.aspx?prmId=4884&prmIdSesion=72372,No,No
2022,Septiembre,40,13 sep. 2022,Celebrada,https://www.camara.cl/legislacion/comisiones/citacion_detalle.aspx?prmId=4884&prmIdSesion=72371,https://www.camara.cl/verDoc.aspx?prmID=256362&prmTipo=DOCUMENTO_COMISIONSESIONCUENTA,https://www.camara.cl/verDoc.aspx?prmID=17440&prmTipo=DOCUMENTO_COMISIONSESIONACTA
2022,Septiembre,39,07 sep. 2022,Celebrada,https://www.camara.cl/legislacion/comisiones/citacion_detalle.aspx?prmId=4884&prmIdSesion=72349,https://www.camara.cl/verDoc.aspx?prmID=261014&prmTipo=DOCUMENTO_COMISIONSESIONCUENTA,https://www.camara.cl/verDoc.aspx?prmID=21919&prmTipo=DOCUMENTO_COMISIONSESIONACTA
2022,Septiembre,38,06 sep. 2022,Celebrada,https://www.camara.cl/legislacion/comisiones/citacion_detalle.aspx?prmId=4884&prmIdSesion=72348,https://www.camara.cl/verDoc.aspx?prmID=261013&prmTipo=DOCUMENTO_COMISIONSESIONCUENTA,https://www.camara.cl/verDoc.aspx?prmID=21918&prmTipo=DOCUMENTO_COMISIONSESIONACTA
2022,Agosto,37,31 ago. 2022,Celebrada,https://www.camara.cl/legislacion/comisiones/citacion_detalle.aspx?prmId=4884&prmIdSesion=72225,https://www.camara.cl/verDoc.aspx?prmID=260928&prmTipo=DOCUMENTO_COMISIONSESIONCUENTA,https://www.camara.cl/verDoc.aspx?prmID=21836&prmTipo=DOCUMENTO_COMISIONSESIONACTA
2022,Agosto,37,30 ago. 2022,Suspendida,https://www.camara.cl/legislacion/comisiones/citacion_detalle.aspx?prmId=4884&prmIdSesion=72315,No,No
2022,Agosto,36,30 ago. 2022,Celebrada,https://www.camara.cl/legislacion/comisiones/citacion_detalle.aspx?prmId=4884&prmIdSesion=72224,https://www.camara.cl/verDoc.aspx?prmID=260927&prmTipo=DOCUMENTO_COMISIONSESIONCUENTA,https://www.camara.cl/verDoc.aspx?prmID=21835&prmTipo=DOCUMENTO_COMISIONSESIONACTA
2022,Agosto,35,17 ago. 2022,Celebrada,https://www.camara.cl/legislacion/comisiones/citacion_detalle.aspx?prmId=4884&prmIdSesion=72190,https://www.camara.cl/verDoc.aspx?prmID=259262&prmTipo=DOCUMENTO_COMISIONSESIONCUENTA,https://www.camara.cl/verDoc.aspx?prmID=20243&prmTipo=DOCUMENTO_COMISIONSESIONACTA
2022,Agosto,34,16 ago. 2022,Celebrada,https://www.camara.cl/legislacion/comisiones/citacion_detalle.aspx?prmId=4884&prmIdSesion=72189,https://www.camara.cl/verDoc.aspx?prmID=259261&prmTipo=DOCUMENTO_COMISIONSESIONCUENTA,https://www.camara.cl/verDoc.aspx?prmID=20242&prmTipo=DOCUMENTO_COMISIONSESIONACTA
2022,Agosto,34,10 ago. 2022,Suspendida,https://www.camara.cl/legislacion/comisiones/citacion_detalle.aspx?prmId=4884&prmIdSesion=72112,No,No
2022,Agosto,33,09 ago. 2022,Celebrada,https://www.camara.cl/legislacion/comisiones/citacion_detalle.aspx?prmId=4884&prmIdSesion=72111,https://www.camara.cl/verDoc.aspx?prmID=259383&prmTipo=DOCUMENTO_COMISIONSESIONCUENTA,https://www.camara.cl/verDoc.aspx?prmID=20353&prmTipo=DOCUMENTO_COMISIONSESIONACTA
2022,Agosto,32,03 ago. 2022,Celebrada,https://www.camara.cl/legislacion/comisiones/citacion_detalle.aspx?prmId=4884&prmIdSesion=72098,https://www.camara.cl/verDoc.aspx?prmID=254247&prmTipo=DOCUMENTO_COMISIONSESIONCUENTA,https://www.camara.cl/verDoc.aspx?prmID=15366&prmTipo=DOCUMENTO_COMISIONSESIONACTA
2022,Agosto,31,02 ago. 2022,Celebrada,https://www.camara.cl/legislacion/comisiones/citacion_detalle.aspx?prmId=4884&prmIdSesion=72034,https://www.camara.cl/verDoc.aspx?prmID=250168&prmTipo=DOCUMENTO_COMISIONSESIONCUENTA,https://www.camara.cl/verDoc.aspx?prmID=11352&prmTipo=DOCUMENTO_COMISIONSESIONACTA
2022,Julio,30,20 jul. 2022,Suspendida,https://www.camara.cl/legislacion/comisiones/citacion_detalle.aspx?prmId=4884&prmIdSesion=71978,No,No
2022,Julio,30,20 jul. 2022,Celebrada,https://www.camara.cl/legislacion/comisiones/citacion_detalle.aspx?prmId=4884&prmIdSesion=72017,https://www.camara.cl/verDoc.aspx?prmID=253996&prmTipo=DOCUMENTO_COMISIONSESIONCUENTA,https://www.camara.cl/verDoc.aspx?prmID=15121&prmTipo=DOCUMENTO_COMISIONSESIONACTA
2022,Julio,29,19 jul. 2022,Celebrada,https://www.camara.cl/legislacion/comisiones/citacion_detalle.aspx?prmId=4884&prmIdSesion=72015,https://www.camara.cl/verDoc.aspx?prmID=247140&prmTipo=DOCUMENTO_COMISIONSESIONCUENTA,https://www.camara.cl/verDoc.aspx?prmID=873&prmTipo=DOCUMENTO_COMISIONSESIONACTA
2022,Julio,29,13 jul. 2022,Suspendida,https://www.camara.cl/legislacion/comisiones/citacion_detalle.aspx?prmId=4884&prmIdSesion=71911,No,No
2022,Julio,28,12 jul. 2022,Celebrada,https://www.camara.cl/legislacion/comisiones/citacion_detalle.aspx?prmId=4884&prmIdSesion=71910,https://www.camara.cl/verDoc.aspx?prmID=254769&prmTipo=DOCUMENTO_COMISIONSESIONCUENTA,https://www.camara.cl/verDoc.aspx?prmID=15871&prmTipo=DOCUMENTO_COMISIONSESIONACTA
2022,Julio,27,11 jul. 2022,Celebrada,https://www.camara.cl/legislacion/comisiones/citacion_detalle.aspx?prmId=4884&prmIdSesion=71909,https://www.camara.cl/verDoc.aspx?prmID=254768&prmTipo=DOCUMENTO_COMISIONSESIONCUENTA,https://www.camara.cl/verDoc.aspx?prmID=15870&prmTipo=DOCUMENTO_COMISIONSESIONACTA
2022,Julio,26,06 jul. 2022,Celebrada,https://www.camara.cl/legislacion/comisiones/citacion_detalle.aspx?prmId=4884&prmIdSesion=71866,https://www.camara.cl/verDoc.aspx?prmID=260358&prmTipo=DOCUMENTO_COMISIONSESIONCUENTA,https://www.camara.cl/verDoc.aspx?prmID=21293&prmTipo=DOCUMENTO_COMISIONSESIONACTA
2022,Julio,25,05 jul. 2022,Celebrada,https://www.camara.cl/legislacion/comisiones/citacion_detalle.aspx?prmId=4884&prmIdSesion=71863,https://www.camara.cl/verDoc.aspx?prmID=260357&prmTipo=DOCUMENTO_COMISIONSESIONCUENTA,https://www.camara.cl/verDoc.aspx?prmID=21292&prmTipo=DOCUMENTO_COMISIONSESIONACTA
2022,Junio,24,29 jun. 2022,Celebrada,https://www.camara.cl/legislacion/comisiones/citacion_detalle.aspx?prmId=4884&prmIdSesion=71796,https://www.camara.cl/verDoc.aspx?prmID=251048&prmTipo=DOCUMENTO_COMISIONSESIONCUENTA,https://www.camara.cl/verDoc.aspx?prmID=12220&prmTipo=DOCUMENTO_COMISIONSESIONACTA
2022,Junio,23,28 jun. 2022,Celebrada,https://www.camara.cl/legislacion/comisiones/citacion_detalle.aspx?prmId=4884&prmIdSesion=71795,https://www.camara.cl/verDoc.aspx?prmID=251047&prmTipo=DOCUMENTO_COMISIONSESIONCUENTA,https://www.camara.cl/verDoc.aspx?prmID=12219&prmTipo=DOCUMENTO_COMISIONSESIONACTA
2022,Junio,22,15 jun. 2022,Celebrada,https://www.camara.cl/legislacion/comisiones/citacion_detalle.aspx?prmId=4884&prmIdSesion=71713,https://www.camara.cl/verDoc.aspx?prmID=260058&prmTipo=DOCUMENTO_COMISIONSESIONCUENTA,https://www.camara.cl/verDoc.aspx?prmID=21000&prmTipo=DOCUMENTO_COMISIONSESIONACTA
2022,Junio,21,14 jun. 2022,Celebrada,https://www.camara.cl/legislacion/comisiones/citacion_detalle.aspx?prmId=4884&prmIdSesion=71712,https://www.camara.cl/verDoc.aspx?prmID=260057&prmTipo=DOCUMENTO_COMISIONSESIONCUENTA,https://www.camara.cl/verDoc.aspx?prmID=20999&prmTipo=DOCUMENTO_COMISIONSESIONACTA
2022,Junio,20,08 jun. 2022,Celebrada,https://www.camara.cl/legislacion/comisiones/citacion_detalle.aspx?prmId=4884&prmIdSesion=71696,https://www.camara.cl/verDoc.aspx?prmID=262523&prmTipo=DOCUMENTO_COMISIONSESIONCUENTA,https://www.camara.cl/verDoc.aspx?prmID=23395&prmTipo=DOCUMENTO_COMISIONSESIONACTA
2022,Junio,19,07 jun. 2022,Celebrada,https://www.camara.cl/legislacion/comisiones/citacion_detalle.aspx?prmId=4884&prmIdSesion=71650,https://www.camara.cl/verDoc.aspx?prmID=261790&prmTipo=DOCUMENTO_COMISIONSESIONCUENTA,https://www.camara.cl/verDoc.aspx?prmID=22678&prmTipo=DOCUMENTO_COMISIONSESIONACTA
2022,Junio,18,01 jun. 2022,Celebrada,https://www.camara.cl/legislacion/comisiones/citacion_detalle.aspx?prmId=4884&prmIdSesion=71615,https://www.camara.cl/verDoc.aspx?prmID=246929&prmTipo=DOCUMENTO_COMISIONSESIONCUENTA,https://www.camara.cl/verDoc.aspx?prmID=673&prmTipo=DOCUMENTO_COMISIONSESIONACTA
2022,Mayo,17,31 may. 2022,Celebrada,https://www.camara.cl/legislacion/comisiones/citacion_detalle.aspx?prmId=4884&prmIdSesion=71575,https://www.camara.cl/verDoc.aspx?prmID=252791&prmTipo=DOCUMENTO_COMISIONSESIONCUENTA,https://www.camara.cl/verDoc.aspx?prmID=13931&prmTipo=DOCUMENTO_COMISIONSESIONACTA
2022,Mayo,16,18 may. 2022,Celebrada,https://www.camara.cl/legislacion/comisiones/citacion_detalle.aspx?prmId=4884&prmIdSesion=71465,https://www.camara.cl/verDoc.aspx?prmID=250312&prmTipo=DOCUMENTO_COMISIONSESIONCUENTA,https://www.camara.cl/verDoc.aspx?prmID=11492&prmTipo=DOCUMENTO_COMISIONSESIONACTA
2022,Mayo,15,17 may. 2022,Celebrada,https://www.camara.cl/legislacion/comisiones/citacion_detalle.aspx?prmId=4884&prmIdSesion=71464,https://www.camara.cl/verDoc.aspx?prmID=250311&prmTipo=DOCUMENTO_COMISIONSESIONCUENTA,https://www.camara.cl/verDoc.aspx?prmID=11491&prmTipo=DOCUMENTO_COMISIONSESIONACTA
2022,Mayo,14,11 may. 2022,Celebrada,https://www.camara.cl/legislacion/comisiones/citacion_detalle.aspx?prmId=4884&prmIdSesion=71400,https://www.camara.cl/verDoc.aspx?prmID=258354&prmTipo=DOCUMENTO_COMISIONSESIONCUENTA,https://www.camara.cl/verDoc.aspx?prmID=19363&prmTipo=DOCUMENTO_COMISIONSESIONACTA
2022,Mayo,13,10 may. 2022,Celebrada,https://www.camara.cl/legislacion/comisiones/citacion_detalle.aspx?prmId=4884&prmIdSesion=71399,https://www.camara.cl/verDoc.aspx?prmID=258353&prmTipo=DOCUMENTO_COMISIONSESIONCUENTA,https://www.camara.cl/verDoc.aspx?prmID=19362&prmTipo=DOCUMENTO_COMISIONSESIONACTA
2022,Mayo,12,04 may. 2022,Celebrada,https://www.camara.cl/legislacion/comisiones/citacion_detalle.aspx?prmId=4884&prmIdSesion=71136,https://www.camara.cl/verDoc.aspx?prmID=250652&prmTipo=DOCUMENTO_COMISIONSESIONCUENTA,https://www.camara.cl/verDoc.aspx?prmID=11828&prmTipo=DOCUMENTO_COMISIONSESIONACTA
2022,Mayo,11,03 may. 2022,Celebrada,https://www.camara.cl/legislacion/comisiones/citacion_detalle.aspx?prmId=4884&prmIdSesion=71135,https://www.camara.cl/verDoc.aspx?prmID=250651&prmTipo=DOCUMENTO_COMISIONSESIONCUENTA,https://www.camara.cl/verDoc.aspx?prmID=11827&prmTipo=DOCUMENTO_COMISIONSESIONACTA
2022,Abril,10,20 abr. 2022,Celebrada,https://www.camara.cl/legislacion/comisiones/citacion_detalle.aspx?prmId=4884&prmIdSesion=71042,https://www.camara.cl/verDoc.aspx?prmID=258960&prmTipo=DOCUMENTO_COMISIONSESIONCUENTA,https://www.camara.cl/verDoc.aspx?prmID=19952&prmTipo=DOCUMENTO_COMISIONSESIONACTA
2022,Abril,9,19 abr. 2022,Celebrada,https://www.camara.cl/legislacion/comisiones/citacion_detalle.aspx?prmId=4884&prmIdSesion=71041,https://www.camara.cl/verDoc.aspx?prmID=258959&prmTipo=DOCUMENTO_COMISIONSESIONCUENTA,https://www.camara.cl/verDoc.aspx?prmID=19951&prmTipo=DOCUMENTO_COMISIONSESIONACTA
2022,Abril,8,13 abr. 2022,Celebrada,https://www.camara.cl/legislacion/comisiones/citacion_detalle.aspx?prmId=4884&prmIdSesion=70986,https://www.camara.cl/verDoc.aspx?prmID=258957&prmTipo=DOCUMENTO_COMISIONSESIONCUENTA,https://www.camara.cl/verDoc.aspx?prmID=19949&prmTipo=DOCUMENTO_COMISIONSESIONACTA
2022,Abril,7,12 abr. 2022,Celebrada,https://www.camara.cl/legislacion/comisiones/citacion_detalle.aspx?prmId=4884&prmIdSesion=70984,https://www.camara.cl/verDoc.aspx?prmID=258956&prmTipo=DOCUMENTO_COMISIONSESIONCUENTA,https://www.camara.cl/verDoc.aspx?prmID=19948&prmTipo=DOCUMENTO_COMISIONSESIONACTA
2022,Abril,6,11 abr. 2022,Celebrada,https://www.camara.cl/legislacion/comisiones/citacion_detalle.aspx?prmId=4884&prmIdSesion=70987,https://www.camara.cl/verDoc.aspx?prmID=258958&prmTipo=DOCUMENTO_COMISIONSESIONCUENTA,https://www.camara.cl/verDoc.aspx?prmID=19950&prmTipo=DOCUMENTO_COMISIONSESIONACTA
2022,Abril,5,11 abr. 2022,Celebrada,https://www.camara.cl/legislacion/comisiones/citacion_detalle.aspx?prmId=4884&prmIdSesion=70983,https://www.camara.cl/verDoc.aspx?prmID=258953&prmTipo=DOCUMENTO_COMISIONSESIONCUENTA,https://www.camara.cl/verDoc.aspx?prmID=19945&prmTipo=DOCUMENTO_COMISIONSESIONACTA
2022,Abril,4,06 abr. 2022,Celebrada,https://www.camara.cl/legislacion/comisiones/citacion_detalle.aspx?prmId=4884&prmIdSesion=70960,https://www.camara.cl/verDoc.aspx?prmID=260614&prmTipo=DOCUMENTO_COMISIONSESIONCUENTA,https://www.camara.cl/verDoc.aspx?prmID=21542&prmTipo=DOCUMENTO_COMISIONSESIONACTA
2022,Abril,3,05 abr. 2022,Celebrada,https://www.camara.cl/legislacion/comisiones/citacion_detalle.aspx?prmId=4884&prmIdSesion=70959,https://www.camara.cl/verDoc.aspx?prmID=260615&prmTipo=DOCUMENTO_COMISIONSESIONCUENTA,https://www.camara.cl/verDoc.aspx?prmID=21543&prmTipo=DOCUMENTO_COMISIONSESIONACTA
2022,Marzo,2,23 mar. 2022,Celebrada,https://www.camara.cl/legislacion/comisiones/citacion_detalle.aspx?prmId=4884&prmIdSesion=70833,https://www.camara.cl/verDoc.aspx?prmID=261182&prmTipo=DOCUMENTO_COMISIONSESIONCUENTA,https://www.camara.cl/verDoc.aspx?prmID=22083&prmTipo=DOCUMENTO_COMISIONSESIONACTA
2022,Marzo,1,22 mar. 2022,Celebrada,https://www.camara.cl/legislacion/comisiones/citacion_detalle.aspx?prmId=4884&prmIdSesion=70832,https://www.camara.cl/verDoc.aspx?prmID=261181&prmTipo=DOCUMENTO_COMISIONSESIONCUENTA,https://www.camara.cl/verDoc.aspx?prmID=22082&prmTipo=DOCUMENTO_COMISIONSESIONACTA
2022,Marzo,0,15 mar. 2022,Celebrada,https://www.camara.cl/legislacion/comisiones/citacion_detalle.aspx?prmId=4884&prmIdSesion=70796,https://www.camara.cl/verDoc.aspx?prmID=256961&prmTipo=DOCUMENTO_COMISIONSESIONCUENTA,https://www.camara.cl/verDoc.aspx?prmID=18021&prmTipo=DOCUMENTO_COMISIONSESIONACTA
2022,Marzo,426,03 mar. 2022,Celebrada,https://www.camara.cl/legislacion/comisiones/citacion_detalle.aspx?prmId=4884&prmIdSesion=70715,https://www.camara.cl/verDoc.aspx?prmID=259433&prmTipo=DOCUMENTO_COMISIONSESIONCUENTA,https://www.camara.cl/verDoc.aspx?prmID=20396&prmTipo=DOCUMENTO_COMISIONSESIONACTA
2022,Marzo,425,02 mar. 2022,Celebrada,https://www.camara.cl/legislacion/comisiones/citacion_detalle.aspx?prmId=4884&prmIdSesion=70676,https://www.camara.cl/verDoc.aspx?prmID=255882&prmTipo=DOCUMENTO_COMISIONSESIONCUENTA,https://www.camara.cl/verDoc.aspx?prmID=16977&prmTipo=DOCUMENTO_COMISIONSESIONACTA
2022,Marzo,424,01 mar. 2022,Celebrada,https://www.camara.cl/legislacion/comisiones/citacion_detalle.aspx?prmId=4884&prmIdSesion=70559,https://www.camara.cl/verDoc.aspx?prmID=260559&prmTipo=DOCUMENTO_COMISIONSESIONCUENTA,https://www.camara.cl/verDoc.aspx?prmID=21486&prmTipo=DOCUMENTO_COMISIONSESIONACTA
2022,Enero,423,24 ene. 2022,Celebrada,https://www.camara.cl/legislacion/comisiones/citacion_detalle.aspx?prmId=4884&prmIdSesion=70515,https://www.camara.cl/verDoc.aspx?prmID=256354&prmTipo=DOCUMENTO_COMISIONSESIONCUENTA,https://www.camara.cl/verDoc.aspx?prmID=17433&prmTipo=DOCUMENTO_COMISIONSESIONACTA
2022,Enero,422,19 ene. 2022,Celebrada,https://www.camara.cl/legislacion/comisiones/citacion_detalle.aspx?prmId=4884&prmIdSesion=70482,https://www.camara.cl/verDoc.aspx?prmID=254030&prmTipo=DOCUMENTO_COMISIONSESIONCUENTA,https://www.camara.cl/verDoc.aspx?prmID=15152&prmTipo=DOCUMENTO_COMISIONSESIONACTA
2022,Enero,421,18 ene. 2022,Celebrada,https://www.camara.cl/legislacion/comisiones/citacion_detalle.aspx?prmId=4884&prmIdSesion=70428,https://www.camara.cl/verDoc.aspx?prmID=255427&prmTipo=DOCUMENTO_COMISIONSESIONCUENTA,https://www.camara.cl/verDoc.aspx?prmID=16526&prmTipo=DOCUMENTO_COMISIONSESIONACTA
2022,Enero,420,12 ene. 2022,Celebrada,https://www.camara.cl/legislacion/comisiones/citacion_detalle.aspx?prmId=4884&prmIdSesion=70418,https://www.camara.cl/verDoc.aspx?prmID=255573&prmTipo=DOCUMENTO_COMISIONSESIONCUENTA,https://www.camara.cl/verDoc.aspx?prmID=16667&prmTipo=DOCUMENTO_COMISIONSESIONACTA
2022,Enero,419,11 ene. 2022,Celebrada,https://www.camara.cl/legislacion/comisiones/citacion_detalle.aspx?prmId=4884&prmIdSesion=70404,https://www.camara.cl/verDoc.aspx?prmID=259322&prmTipo=DOCUMENTO_COMISIONSESIONCUENTA,https://www.camara.cl/verDoc.aspx?prmID=20295&prmTipo=DOCUMENTO_COMISIONSESIONACTA
2022,Enero,418,10 ene. 2022,Celebrada,https://www.camara.cl/legislacion/comisiones/citacion_detalle.aspx?prmId=4884&prmIdSesion=70403,https://www.camara.cl/verDoc.aspx?prmID=259321&prmTipo=DOCUMENTO_COMISIONSESIONCUENTA,https://www.camara.cl/verDoc.aspx?prmID=20294&prmTipo=DOCUMENTO_COMISIONSESIONACTA
2022,Enero,417,05 ene. 2022,Celebrada,https://www.camara.cl/legislacion/comisiones/citacion_detalle.aspx?prmId=4884&prmIdSesion=70297,https://www.camara.cl/verDoc.aspx?prmID=252369&prmTipo=DOCUMENTO_COMISIONSESIONCUENTA,https://www.camara.cl/verDoc.aspx?prmID=13519&prmTipo=DOCUMENTO_COMISIONSESIONACTA
2022,Enero,416,04 ene. 2022,Celebrada,https://www.camara.cl/legislacion/comisiones/citacion_detalle.aspx?prmId=4884&prmIdSesion=70296,https://www.camara.cl/verDoc.aspx?prmID=252368&prmTipo=DOCUMENTO_COMISIONSESIONCUENTA,https://www.camara.cl/verDoc.aspx?prmID=13518&prmTipo=DOCUMENTO_COMISIONSESIONACTA
