fecha,edition,tab,titulo,cve,pdf_url,edicion_url
02-01-2026,44338,NORMAS GENERALES,"Resolución número 65, de 2025.- Rectifica resolución Nº 1, de 2025, que declaró área de restricción para nuevas extracciones en el sector hidrogeológico de aprovechamiento común denominado Melipilla, en la provincia de San Antonio, Región de Valparaíso y en las provincias de Melipilla y Talagante, Región Metropolitana de Santiago",CVE-2744518,https://www.diariooficial.interior.gob.cl/publicaciones/2026/01/02/44338/01/2744518.pdf,https://www.diariooficial.interior.gob.cl/edicionelectronica/index.php?date=02-01-2026&edition=44338&v=1
02-01-2026,44338,NORMAS GENERALES,"Resolución exenta número 1.975, de 2025.- Declara desierto concurso interno para proveer el cargo de Jefe(a) de Departamento grado 5 EUR, con desempeño en el Departamento de Programación Física y Control, del Servicio de Vivienda y Urbanización de la Región de Antofagasta",CVE-2748535,https://www.diariooficial.interior.gob.cl/publicaciones/2026/01/02/44338/01/2748535.pdf,https://www.diariooficial.interior.gob.cl/edicionelectronica/index.php?date=02-01-2026&edition=44338&v=1
02-01-2026,44338,NORMAS GENERALES,"Extracto de resolución exenta número 8.391, de 2025.- Instruye cumplimiento de sentencia del Tercer Tribunal Ambiental en autos R-12-2022 y acumuladas R-14-2022 y R-18-2022, recaídos sobre el Humedal Urbano Antiñir seguidos ante el Ilustre Segundo Tribunal Ambiental",CVE-2745301,https://www.diariooficial.interior.gob.cl/publicaciones/2026/01/02/44338/01/2745301.pdf,https://www.diariooficial.interior.gob.cl/edicionelectronica/index.php?date=02-01-2026&edition=44338&v=1
02-01-2026,44338,NORMAS GENERALES,"Extracto de resolución exenta número 9.425, de 2025.- Aprueba el listado de sustancias peligrosas de uso no industrial",CVE-2748537,https://www.diariooficial.interior.gob.cl/publicaciones/2026/01/02/44338/01/2748537.pdf,https://www.diariooficial.interior.gob.cl/edicionelectronica/index.php?date=02-01-2026&edition=44338&v=1
02-01-2026,44338,NORMAS GENERALES,"Extracto de resolución exenta número 202513001459, de 2025.- Notifica resolución de inicio de proceso de participación ciudadana en Declaración de Impacto Ambiental Proyecto: Planta de Tratamiento de Aguas Servidas El Cerrillo",CVE-2747031,https://www.diariooficial.interior.gob.cl/publicaciones/2026/01/02/44338/01/2747031.pdf,https://www.diariooficial.interior.gob.cl/edicionelectronica/index.php?date=02-01-2026&edition=44338&v=1
02-01-2026,44338,NORMAS GENERALES,Certificado Tipos de cambio y paridades de monedas extranjeras para efectos que señala,CVE-2749780,https://www.diariooficial.interior.gob.cl/publicaciones/2026/01/02/44338/01/2749780.pdf,https://www.diariooficial.interior.gob.cl/edicionelectronica/index.php?date=02-01-2026&edition=44338&v=1
02-01-2026,44338-B,NORMAS GENERALES,"Decreto número 1.784, de 2025.- Autoriza emisión de valores representativos de deuda pública directa, para su colocación en el mercado de capitales y pago anticipado de deuda",CVE-2749985,https://www.diariooficial.interior.gob.cl/publicaciones/2026/01/02/44338-B/01/2749985.pdf,https://www.diariooficial.interior.gob.cl/edicionelectronica/index.php?date=02-01-2026&edition=44338-B&v=2
02-01-2026,44338-B,NORMAS GENERALES,"Decreto número 18, de 2025.- Modifica el decreto N° 8, de 2013, de los Ministerios de Salud y Educación, que aprueba el reglamento de certificación de las especialidades de los prestadores individuales de salud y de las entidades que las otorgan",CVE-2749821,https://www.diariooficial.interior.gob.cl/publicaciones/2026/01/02/44338-B/01/2749821.pdf,https://www.diariooficial.interior.gob.cl/edicionelectronica/index.php?date=02-01-2026&edition=44338-B&v=2
03-01-2026,44339,NORMAS GENERALES,"Extracto de resolución exenta número 187, de 2025.- Establece régimen de tributación simplificada de IVA para contribuyentes que señala",CVE-2745902,https://www.diariooficial.interior.gob.cl/publicaciones/2026/01/03/44339/01/2745902.pdf,https://www.diariooficial.interior.gob.cl/edicionelectronica/index.php?date=03-01-2026&edition=44339
03-01-2026,44339,NORMAS GENERALES,"Extracto de resolución exenta número 190, de 2025.- Modifica resolución N° 66 exenta, de 2016",CVE-2746084,https://www.diariooficial.interior.gob.cl/publicaciones/2026/01/03/44339/01/2746084.pdf,https://www.diariooficial.interior.gob.cl/edicionelectronica/index.php?date=03-01-2026&edition=44339
03-01-2026,44339,NORMAS GENERALES,"Extracto de resolución exenta número 191, de 2025.- Modifica resolución N° 106 exenta de 2021",CVE-2746088,https://www.diariooficial.interior.gob.cl/publicaciones/2026/01/03/44339/01/2746088.pdf,https://www.diariooficial.interior.gob.cl/edicionelectronica/index.php?date=03-01-2026&edition=44339
03-01-2026,44339,NORMAS GENERALES,"Extracto de resolución exenta número 192, de 2025.- Establece formulario para declarar y pagar impuesto que indica",CVE-2746767,https://www.diariooficial.interior.gob.cl/publicaciones/2026/01/03/44339/01/2746767.pdf,https://www.diariooficial.interior.gob.cl/edicionelectronica/index.php?date=03-01-2026&edition=44339
03-01-2026,44339,NORMAS GENERALES,"Extracto de resolución exenta número 193, de 2025.- Crea registro de pequeños contribuyentes que indica",CVE-2746811,https://www.diariooficial.interior.gob.cl/publicaciones/2026/01/03/44339/01/2746811.pdf,https://www.diariooficial.interior.gob.cl/edicionelectronica/index.php?date=03-01-2026&edition=44339
03-01-2026,44339,NORMAS GENERALES,"Extracto de resolución exenta número 5.330, de 2025.- Modifica los anexos N° 1, N° 51-1, N° 51-39 y N° 51-49, del Compendio de Normas Aduaneras",CVE-2745936,https://www.diariooficial.interior.gob.cl/publicaciones/2026/01/03/44339/01/2745936.pdf,https://www.diariooficial.interior.gob.cl/edicionelectronica/index.php?date=03-01-2026&edition=44339
03-01-2026,44339,NORMAS GENERALES,"Extracto de decreto exento número 202500254, de 2025.- Establece cuota anual de captura para los recursos Huiro negro, Huiro palo y Huiro flotador en la Región de Atacama y Huiro flotador en el Sector Bahía Chasco, Año 2026",CVE-2746207,https://www.diariooficial.interior.gob.cl/publicaciones/2026/01/03/44339/01/2746207.pdf,https://www.diariooficial.interior.gob.cl/edicionelectronica/index.php?date=03-01-2026&edition=44339
03-01-2026,44339,NORMAS GENERALES,"Extracto de resolución exenta número 2.864, de 2025.- Inicia proceso de renovación de integrantes titulares y suplentes del Comité de Manejo de Merluza común",CVE-2745932,https://www.diariooficial.interior.gob.cl/publicaciones/2026/01/03/44339/01/2745932.pdf,https://www.diariooficial.interior.gob.cl/edicionelectronica/index.php?date=03-01-2026&edition=44339
03-01-2026,44339,NORMAS GENERALES,"Extracto de resolución exenta número 2.884, de 2025.- Aprueba las medidas de conservación y ordenamiento adoptadas por la Comisión para la Conservación de los Recursos Vivos Marinos Antárticos, temporada 2025-2026",CVE-2745899,https://www.diariooficial.interior.gob.cl/publicaciones/2026/01/03/44339/01/2745899.pdf,https://www.diariooficial.interior.gob.cl/edicionelectronica/index.php?date=03-01-2026&edition=44339
03-01-2026,44339,NORMAS GENERALES,"Extracto de resolución exenta número 2.896, de 2025.- Declara vacantes y abre período extraordinario de postulación de miembros titulares y suplentes del sector privado del Comité de Manejo de Centolla y Centollón de la Región de Magallanes y de la Antártica Chilena",CVE-2745926,https://www.diariooficial.interior.gob.cl/publicaciones/2026/01/03/44339/01/2745926.pdf,https://www.diariooficial.interior.gob.cl/edicionelectronica/index.php?date=03-01-2026&edition=44339
03-01-2026,44339,NORMAS GENERALES,"Extracto de resolución exenta número 1.072, de 2025.- Dispone someter al período de información pública establecido en el artículo 39 de la ley 19.880, la propuesta de norma de carácter general que señala",CVE-2746195,https://www.diariooficial.interior.gob.cl/publicaciones/2026/01/03/44339/01/2746195.pdf,https://www.diariooficial.interior.gob.cl/edicionelectronica/index.php?date=03-01-2026&edition=44339
03-01-2026,44339,NORMAS GENERALES,Extracto de Notificación Consulta de Villarrica Asesorías y Transportes SpA sobre bases de licitación para asignar concesión de uso de vías para la prestación de servicios urbanos de transporte público remunerado de pasajeros mediante buses,CVE-2749611,https://www.diariooficial.interior.gob.cl/publicaciones/2026/01/03/44339/01/2749611.pdf,https://www.diariooficial.interior.gob.cl/edicionelectronica/index.php?date=03-01-2026&edition=44339
05-01-2026,44340,NORMAS GENERALES,"Resolución exenta número 1.890, de 2025.- Aprueba Modelo de Atención Ciudadana de la Subsecretaría de Relaciones Exteriores",CVE-2745379,https://www.diariooficial.interior.gob.cl/publicaciones/2026/01/05/44340/01/2745379.pdf,https://www.diariooficial.interior.gob.cl/edicionelectronica/index.php?date=05-01-2026&edition=44340
05-01-2026,44340,NORMAS GENERALES,"Extracto de resolución exenta número 202513001462, de 2025.- Inicia proceso de participación ciudadana en Declaración de Impacto Ambiental proyecto: Parque Fotovoltaico Bruno Solar",CVE-2749665,https://www.diariooficial.interior.gob.cl/publicaciones/2026/01/05/44340/01/2749665.pdf,https://www.diariooficial.interior.gob.cl/edicionelectronica/index.php?date=05-01-2026&edition=44340
05-01-2026,44340,NORMAS GENERALES,Certificado Tipos de cambio y paridades de monedas extranjeras para efectos que señala,CVE-2750562,https://www.diariooficial.interior.gob.cl/publicaciones/2026/01/05/44340/01/2750562.pdf,https://www.diariooficial.interior.gob.cl/edicionelectronica/index.php?date=05-01-2026&edition=44340
05-01-2026,44340,NORMAS GENERALES,"Decreto alcaldicio exento número 4.144, de 2025.- Fija texto refundido y actualizado de la Ordenanza Local sobre Derechos Municipales por Concesiones, Permisos y Servicios",CVE-2746702,https://www.diariooficial.interior.gob.cl/publicaciones/2026/01/05/44340/01/2746702.pdf,https://www.diariooficial.interior.gob.cl/edicionelectronica/index.php?date=05-01-2026&edition=44340
06-01-2026,44341,NORMAS GENERALES,"Resolución exenta número 2.161, de 2025.- Establece estándares de habitabilidad de viviendas de emergencia y deja sin efecto resolución Nº 1.448 exenta, de 2023",CVE-2749766,https://www.diariooficial.interior.gob.cl/publicaciones/2026/01/06/44341/01/2749766.pdf,https://www.diariooficial.interior.gob.cl/edicionelectronica/index.php?date=06-01-2026&edition=44341
06-01-2026,44341,NORMAS GENERALES,"Decreto número 491, de 2024.- Fija monto de compensación comuna de Isla de Pascua, comunas con flujo significativo de población flotante por razones de turismo, coeficientes de distribución y montos de compensación anual del Fondo Común Municipal para el período 1º de enero de 2025 - 31 de diciembre de 2025",CVE-2745138,https://www.diariooficial.interior.gob.cl/publicaciones/2026/01/06/44341/01/2745138.pdf,https://www.diariooficial.interior.gob.cl/edicionelectronica/index.php?date=06-01-2026&edition=44341
06-01-2026,44341,NORMAS GENERALES,"Resolución exenta número 2.168, de 2025.- Deja sin efecto resolución Nº 49 exenta, de 2020, y fija vía de acceso a Playa Amarilla y Playa Piedra, del Lago Calafquén, comuna de Villarrica",CVE-2746257,https://www.diariooficial.interior.gob.cl/publicaciones/2026/01/06/44341/01/2746257.pdf,https://www.diariooficial.interior.gob.cl/edicionelectronica/index.php?date=06-01-2026&edition=44341
06-01-2026,44341,NORMAS GENERALES,"Decreto número 13, de 2025.- Modifica decreto N° 26, de 2016, Reglamento para el otorgamiento de la bonificación por retiro voluntario y otros beneficios establecidos en la ley N° 20.919",CVE-2745884,https://www.diariooficial.interior.gob.cl/publicaciones/2026/01/06/44341/01/2745884.pdf,https://www.diariooficial.interior.gob.cl/edicionelectronica/index.php?date=06-01-2026&edition=44341
06-01-2026,44341,NORMAS GENERALES,"Decreto número 45, de 2025.- Designa a doña Ximena Paz Aguilera Sanhueza, Ministra de Salud, en comisión de servicio en el extranjero a Washington D.C., Estados Unidos",CVE-2745877,https://www.diariooficial.interior.gob.cl/publicaciones/2026/01/06/44341/01/2745877.pdf,https://www.diariooficial.interior.gob.cl/edicionelectronica/index.php?date=06-01-2026&edition=44341
06-01-2026,44341,NORMAS GENERALES,"Resolución exenta número 1.606, de 2025.- Autoriza comercialización de productos de tabaco que indica comercializados por la Empresa Importadora y Exportadora Qatir Hookah Premium SpA",CVE-2745676,https://www.diariooficial.interior.gob.cl/publicaciones/2026/01/06/44341/01/2745676.pdf,https://www.diariooficial.interior.gob.cl/edicionelectronica/index.php?date=06-01-2026&edition=44341
06-01-2026,44341,NORMAS GENERALES,"Resolución exenta número 662, de 2025.- Llama a inscripción para asignación de cupos de vivienda destinados a familias vulnerables beneficiarias de subsidio en los proyectos seleccionados, Lomas de Borgoño II Etapa 2 y Ribera Kaukari, de la Comuna de Copiapó, del Programa de Integración Social y Territorial decreto N° 19, de 2016, en la Región de Atacama",CVE-2748665,https://www.diariooficial.interior.gob.cl/publicaciones/2026/01/06/44341/01/2748665.pdf,https://www.diariooficial.interior.gob.cl/edicionelectronica/index.php?date=06-01-2026&edition=44341
06-01-2026,44341,NORMAS GENERALES,"Extracto de resolución exenta número 1.443, de 2025.- Modifica resolución N° 1.331 exenta, de 2025",CVE-2749241,https://www.diariooficial.interior.gob.cl/publicaciones/2026/01/06/44341/01/2749241.pdf,https://www.diariooficial.interior.gob.cl/edicionelectronica/index.php?date=06-01-2026&edition=44341
06-01-2026,44341,NORMAS GENERALES,"Decreto número 147, de 2024.- Reglamento para la interoperación y difusión de la mensajería de alerta, declaración y resguardo de la infraestructura crítica de telecomunicaciones e información sobre fallas significativas en los sistemas de telecomunicaciones",CVE-2748663,https://www.diariooficial.interior.gob.cl/publicaciones/2026/01/06/44341/01/2748663.pdf,https://www.diariooficial.interior.gob.cl/edicionelectronica/index.php?date=06-01-2026&edition=44341
06-01-2026,44341,NORMAS GENERALES,"Resolución exenta número 9.387, de 2025.- Aprueba proyecto de ciclovía Loteo DFL2 en Lote X, comuna de San Bernardo",CVE-2749149,https://www.diariooficial.interior.gob.cl/publicaciones/2026/01/06/44341/01/2749149.pdf,https://www.diariooficial.interior.gob.cl/edicionelectronica/index.php?date=06-01-2026&edition=44341
06-01-2026,44341,NORMAS GENERALES,"Resolución exenta número 9.391, de 2025.- Aprueba proyecto Ciclovía Roger de Flor, comuna de Las Condes",CVE-2749155,https://www.diariooficial.interior.gob.cl/publicaciones/2026/01/06/44341/01/2749155.pdf,https://www.diariooficial.interior.gob.cl/edicionelectronica/index.php?date=06-01-2026&edition=44341
06-01-2026,44341,NORMAS GENERALES,"Resolución exenta número 644, de 2025.- Prohíbe circulación de vehículos motorizados, en tramo y vía que indica de la comuna de Caldera",CVE-2749186,https://www.diariooficial.interior.gob.cl/publicaciones/2026/01/06/44341/01/2749186.pdf,https://www.diariooficial.interior.gob.cl/edicionelectronica/index.php?date=06-01-2026&edition=44341
06-01-2026,44341,NORMAS GENERALES,"Resolución exenta número 645, de 2025.- Prohíbe circulación de vehículos motorizados en vías y tramos que indica de la comuna de Vallenar, Región de Atacama",CVE-2749181,https://www.diariooficial.interior.gob.cl/publicaciones/2026/01/06/44341/01/2749181.pdf,https://www.diariooficial.interior.gob.cl/edicionelectronica/index.php?date=06-01-2026&edition=44341
06-01-2026,44341,NORMAS GENERALES,"Resolución exenta número 662, de 2025.- Prorroga resolución Nº 114 exenta, de 2024, que prohíbe circulación de vehículos motorizados en tramos y vías que indica, de la provincia de Chañaral",CVE-2749192,https://www.diariooficial.interior.gob.cl/publicaciones/2026/01/06/44341/01/2749192.pdf,https://www.diariooficial.interior.gob.cl/edicionelectronica/index.php?date=06-01-2026&edition=44341
06-01-2026,44341,NORMAS GENERALES,"Resolución exenta número 663, de 2025.- Prohíbe circulación de vehículos motorizados en vías y tramos que indica de la provincia de Copiapó",CVE-2749213,https://www.diariooficial.interior.gob.cl/publicaciones/2026/01/06/44341/01/2749213.pdf,https://www.diariooficial.interior.gob.cl/edicionelectronica/index.php?date=06-01-2026&edition=44341
06-01-2026,44341,NORMAS GENERALES,"Resolución exenta número 664, de 2025.- Prohíbe circulación de vehículos motorizados en tramo de la vía que indica, de la comuna de Copiapó",CVE-2749240,https://www.diariooficial.interior.gob.cl/publicaciones/2026/01/06/44341/01/2749240.pdf,https://www.diariooficial.interior.gob.cl/edicionelectronica/index.php?date=06-01-2026&edition=44341
06-01-2026,44341,NORMAS GENERALES,"Resolución exenta número 2.875, de 2025.- Aprueba Instrucción General para el Reporte de Información Geoespacial",CVE-2747468,https://www.diariooficial.interior.gob.cl/publicaciones/2026/01/06/44341/01/2747468.pdf,https://www.diariooficial.interior.gob.cl/edicionelectronica/index.php?date=06-01-2026&edition=44341
06-01-2026,44341,NORMAS GENERALES,"Decreto exento número RA 218824/1361/2025, de 2025.- Establece orden de subrogación",CVE-2746515,https://www.diariooficial.interior.gob.cl/publicaciones/2026/01/06/44341/01/2746515.pdf,https://www.diariooficial.interior.gob.cl/edicionelectronica/index.php?date=06-01-2026&edition=44341
06-01-2026,44341,NORMAS GENERALES,"Resolución exenta número 2.709, de 2025.- Modifica resolución N° 222 exenta, de 2025, que crea el Centro de Atención Ciudadana y delega facultades para firmar Por orden del Contralor General en las materias que indica",CVE-2749242,https://www.diariooficial.interior.gob.cl/publicaciones/2026/01/06/44341/01/2749242.pdf,https://www.diariooficial.interior.gob.cl/edicionelectronica/index.php?date=06-01-2026&edition=44341
06-01-2026,44341,NORMAS GENERALES,Certificado Tipos de cambio y paridades de monedas extranjeras para efectos que señala,CVE-2751338,https://www.diariooficial.interior.gob.cl/publicaciones/2026/01/06/44341/01/2751338.pdf,https://www.diariooficial.interior.gob.cl/edicionelectronica/index.php?date=06-01-2026&edition=44341
06-01-2026,44341,NORMAS GENERALES,"Extracto de decreto alcaldicio número 1.372, de 2025.- Promulga actualización del Plan Regulador Comunal",CVE-2748660,https://www.diariooficial.interior.gob.cl/publicaciones/2026/01/06/44341/01/2748660.pdf,https://www.diariooficial.interior.gob.cl/edicionelectronica/index.php?date=06-01-2026&edition=44341
07-01-2026,44342,NORMAS GENERALES,"Decreto número 261, de 2025.- Acepta renuncia de don Diego Pardow Lorenzo al cargo de Ministro de Energía",CVE-2746517,https://www.diariooficial.interior.gob.cl/publicaciones/2026/01/07/44342/01/2746517.pdf,https://www.diariooficial.interior.gob.cl/edicionelectronica/index.php?date=07-01-2026&edition=44342
07-01-2026,44342,NORMAS GENERALES,"Decreto número 262, de 2025.- Nombra a don Álvaro García Hurtado como Ministro de Energía",CVE-2746518,https://www.diariooficial.interior.gob.cl/publicaciones/2026/01/07/44342/01/2746518.pdf,https://www.diariooficial.interior.gob.cl/edicionelectronica/index.php?date=07-01-2026&edition=44342
07-01-2026,44342,NORMAS GENERALES,"Decreto número 810, de 2025.- Acepta renuncia voluntaria y designa nuevos miembros en la Comisión Asesora Nacional de Evaluación y Productividad",CVE-2746818,https://www.diariooficial.interior.gob.cl/publicaciones/2026/01/07/44342/01/2746818.pdf,https://www.diariooficial.interior.gob.cl/edicionelectronica/index.php?date=07-01-2026&edition=44342
07-01-2026,44342,NORMAS GENERALES,"Decreto número 818, de 2025.- Designa a los Consejeros y Consejeras del Consejo Directivo del Organismo Administrador del Fondo Autónomo de Protección Previsional que indica, por el periodo que señala",CVE-2746865,https://www.diariooficial.interior.gob.cl/publicaciones/2026/01/07/44342/01/2746865.pdf,https://www.diariooficial.interior.gob.cl/edicionelectronica/index.php?date=07-01-2026&edition=44342
07-01-2026,44342,NORMAS GENERALES,"Decreto exento número 3, de 2026.- Determina el componente variable para el cálculo del impuesto específico establecido en la ley N° 18.502",CVE-2751896,https://www.diariooficial.interior.gob.cl/publicaciones/2026/01/07/44342/01/2751896.pdf,https://www.diariooficial.interior.gob.cl/edicionelectronica/index.php?date=07-01-2026&edition=44342
07-01-2026,44342,NORMAS GENERALES,"Decreto número 167, de 2024.- Aprueba actualización del Plan Sectorial de Adaptación y Mitigación al Cambio Climático - Sector Infraestructura",CVE-2745380,https://www.diariooficial.interior.gob.cl/publicaciones/2026/01/07/44342/01/2745380.pdf,https://www.diariooficial.interior.gob.cl/edicionelectronica/index.php?date=07-01-2026&edition=44342
07-01-2026,44342,NORMAS GENERALES,"Decreto número 116, de 2025.- Nombra a don Lincoyán Painecura Medina en el cargo de Secretario Regional Ministerial de Obras Públicas de la Región de La Araucanía",CVE-2746696,https://www.diariooficial.interior.gob.cl/publicaciones/2026/01/07/44342/01/2746696.pdf,https://www.diariooficial.interior.gob.cl/edicionelectronica/index.php?date=07-01-2026&edition=44342
07-01-2026,44342,NORMAS GENERALES,"Resolución exenta número CP 22.802, de 2025.- Declara zona de riesgo sanitario",CVE-2746840,https://www.diariooficial.interior.gob.cl/publicaciones/2026/01/07/44342/01/2746840.pdf,https://www.diariooficial.interior.gob.cl/edicionelectronica/index.php?date=07-01-2026&edition=44342
07-01-2026,44342,NORMAS GENERALES,"Resolución exenta número CP 23.493, de 2025.- Declara zona de riesgo sanitario",CVE-2746839,https://www.diariooficial.interior.gob.cl/publicaciones/2026/01/07/44342/01/2746839.pdf,https://www.diariooficial.interior.gob.cl/edicionelectronica/index.php?date=07-01-2026&edition=44342
07-01-2026,44342,NORMAS GENERALES,"Resolución exenta número 1.367, de 2025.- Llama a inscripción para asignación de cupos de vivienda destinados a familias vulnerables beneficiarias de subsidio a los proyectos seleccionados, Proyecto Ciudad Justa Maestranza, código 182807, Proyecto Condominio Paseo San Carlos VIII Código 176888, ambos de la comuna de Coquimbo, Condominio Mirador de San Luis código 177253 y Condominios Mirador de San Luis II código 177255, ambos de la comuna de Ovalle, todos del Programa de Integración Social y Territorial decreto Nº 19, de 2016",CVE-2748937,https://www.diariooficial.interior.gob.cl/publicaciones/2026/01/07/44342/01/2748937.pdf,https://www.diariooficial.interior.gob.cl/edicionelectronica/index.php?date=07-01-2026&edition=44342
07-01-2026,44342,NORMAS GENERALES,"Decreto número 26, de 2025.- Acepta renuncia no voluntaria presentada por don José Arturo Guajardo Reyes al cargo de Director Nacional del Servicio Agrícola y Ganadero",CVE-2746676,https://www.diariooficial.interior.gob.cl/publicaciones/2026/01/07/44342/01/2746676.pdf,https://www.diariooficial.interior.gob.cl/edicionelectronica/index.php?date=07-01-2026&edition=44342
07-01-2026,44342,NORMAS GENERALES,"Resolución exenta número 2.780, de 2025.- Establece área reglamentada de supresión y contención para Lobesia botrana",CVE-2746659,https://www.diariooficial.interior.gob.cl/publicaciones/2026/01/07/44342/01/2746659.pdf,https://www.diariooficial.interior.gob.cl/edicionelectronica/index.php?date=07-01-2026&edition=44342
07-01-2026,44342,NORMAS GENERALES,"Decreto exento número 2, de 2026.- Determina precios de referencia para combustibles derivados del petróleo",CVE-2752007,https://www.diariooficial.interior.gob.cl/publicaciones/2026/01/07/44342/01/2752007.pdf,https://www.diariooficial.interior.gob.cl/edicionelectronica/index.php?date=07-01-2026&edition=44342
07-01-2026,44342,NORMAS GENERALES,"Decreto exento número 3, de 2026.- Fija precios de paridad para combustibles derivados del petróleo",CVE-2752008,https://www.diariooficial.interior.gob.cl/publicaciones/2026/01/07/44342/01/2752008.pdf,https://www.diariooficial.interior.gob.cl/edicionelectronica/index.php?date=07-01-2026&edition=44342
07-01-2026,44342,NORMAS GENERALES,"Decreto exento número 4, de 2026.- Fija precios de referencia y paridad para kerosene doméstico",CVE-2752009,https://www.diariooficial.interior.gob.cl/publicaciones/2026/01/07/44342/01/2752009.pdf,https://www.diariooficial.interior.gob.cl/edicionelectronica/index.php?date=07-01-2026&edition=44342
07-01-2026,44342,NORMAS GENERALES,"Decreto número 30, de 2024.- Aprueba Reglamento de la ley N° 21.368, que regula la entrega de plásticos de un solo uso y las botellas plásticas, y modifica los cuerpos legales que indica",CVE-2748661,https://www.diariooficial.interior.gob.cl/publicaciones/2026/01/07/44342/01/2748661.pdf,https://www.diariooficial.interior.gob.cl/edicionelectronica/index.php?date=07-01-2026&edition=44342
07-01-2026,44342,NORMAS GENERALES,"Resolución exenta número 3.131, de 2025.- Delega facultades que indica en materia de contratos administrativos de suministro de bienes y prestación de servicios",CVE-2746692,https://www.diariooficial.interior.gob.cl/publicaciones/2026/01/07/44342/01/2746692.pdf,https://www.diariooficial.interior.gob.cl/edicionelectronica/index.php?date=07-01-2026&edition=44342
07-01-2026,44342,NORMAS GENERALES,Certificado Tipos de cambio y paridades de monedas extranjeras para efectos que señala,CVE-2752006,https://www.diariooficial.interior.gob.cl/publicaciones/2026/01/07/44342/01/2752006.pdf,https://www.diariooficial.interior.gob.cl/edicionelectronica/index.php?date=07-01-2026&edition=44342
08-01-2026,44343,NORMAS GENERALES,"Decreto número 105, de 2025.- Promulga el Acuerdo con la Organización de las Naciones Unidas para la Alimentación y la Agricultura relativo al Proyecto: Fortalecimiento del Marco de Transparencia de las Contribuciones Determinadas a Nivel Nacional de Chile - Segunda fase",CVE-2748384,https://www.diariooficial.interior.gob.cl/publicaciones/2026/01/08/44343/01/2748384.pdf,https://www.diariooficial.interior.gob.cl/edicionelectronica/index.php?date=08-01-2026&edition=44343
08-01-2026,44343,NORMAS GENERALES,"Decreto número 135, de 2025.- Promulga Acuerdo de Implementación en conformidad con el artículo 6 del Acuerdo de París entre el Gobierno de la República de Chile y el Gobierno de la República de Singapur",CVE-2748398,https://www.diariooficial.interior.gob.cl/publicaciones/2026/01/08/44343/01/2748398.pdf,https://www.diariooficial.interior.gob.cl/edicionelectronica/index.php?date=08-01-2026&edition=44343
08-01-2026,44343,NORMAS GENERALES,"Decreto número 152, de 2025.- Promulga el Acuerdo con el Reino de Países Bajos, que modifica el Acuerdo de 1995, por el cual se autoriza a los miembros de familia dependientes de un funcionario Diplomático, Consular de Carrera o del Personal Administrativo, Técnico y de Servicio de las Misiones acreditadas en ambos países, para realizar actividades remuneradas en el Estado receptor",CVE-2748385,https://www.diariooficial.interior.gob.cl/publicaciones/2026/01/08/44343/01/2748385.pdf,https://www.diariooficial.interior.gob.cl/edicionelectronica/index.php?date=08-01-2026&edition=44343
08-01-2026,44343,NORMAS GENERALES,"Resolución exenta número 105, de 2025.- Modifica resolución N° 48 exenta, de 2024, que designa integrantes del Consejo de Política Exterior del Ministerio de Relaciones Exteriores",CVE-2748370,https://www.diariooficial.interior.gob.cl/publicaciones/2026/01/08/44343/01/2748370.pdf,https://www.diariooficial.interior.gob.cl/edicionelectronica/index.php?date=08-01-2026&edition=44343
08-01-2026,44343,NORMAS GENERALES,"Resolución exenta número 198, de 2025.- Autoriza a la Subsecretaría de Transportes para otorgar permisos de transporte internacional terrestre a las empresas chilenas y extranjeras que cumplan con los requisitos establecidos en los tratados internacionales y en la legislación chilena",CVE-2749452,https://www.diariooficial.interior.gob.cl/publicaciones/2026/01/08/44343/01/2749452.pdf,https://www.diariooficial.interior.gob.cl/edicionelectronica/index.php?date=08-01-2026&edition=44343
08-01-2026,44343,NORMAS GENERALES,"Decreto número 86, de 2025.- Fija fórmulas tarifarias de los servicios de producción y distribución de agua potable y recolección y disposición de aguas servidas para la atención del sector denominado AUDP Batuco - Ecociudad, comuna de Lampa, Región Metropolitana, de la Empresa Aguas Lo Fontecilla S.A.",CVE-2751159,https://www.diariooficial.interior.gob.cl/publicaciones/2026/01/08/44343/01/2751159.pdf,https://www.diariooficial.interior.gob.cl/edicionelectronica/index.php?date=08-01-2026&edition=44343
08-01-2026,44343,NORMAS GENERALES,"Resolución exenta número 1.797, de 2025.- Deja sin efecto resolución Nº 144, de 2025, y aprueba procedimiento para la selección de entidad patrocinadora para los proyectos que se adjudiquen en el marco del instrumento de financiamiento Start-Up Chile",CVE-2750568,https://www.diariooficial.interior.gob.cl/publicaciones/2026/01/08/44343/01/2750568.pdf,https://www.diariooficial.interior.gob.cl/edicionelectronica/index.php?date=08-01-2026&edition=44343
08-01-2026,44343,NORMAS GENERALES,"Resolución exenta número 245, de 2025.- Modifica resolución Nº 241 exenta, que establece las variables, condiciones de calidad, estándares y periodicidad de la información del Registro Social de Hogares, y deja sin efecto resoluciones que indica",CVE-2749434,https://www.diariooficial.interior.gob.cl/publicaciones/2026/01/08/44343/01/2749434.pdf,https://www.diariooficial.interior.gob.cl/edicionelectronica/index.php?date=08-01-2026&edition=44343
08-01-2026,44343,NORMAS GENERALES,"Decreto número 89, de 2025.- Renueva designación de doña María Angélica Bosch Cartagena en el cargo de Secretaria General del Consejo de Rectores de Chile",CVE-2746906,https://www.diariooficial.interior.gob.cl/publicaciones/2026/01/08/44343/01/2746906.pdf,https://www.diariooficial.interior.gob.cl/edicionelectronica/index.php?date=08-01-2026&edition=44343
08-01-2026,44343,NORMAS GENERALES,"Resolución exenta número 14.073, de 2025.- Modifica resolución Nº 12.734 exenta, de 2025, en el sentido que indica",CVE-2749440,https://www.diariooficial.interior.gob.cl/publicaciones/2026/01/08/44343/01/2749440.pdf,https://www.diariooficial.interior.gob.cl/edicionelectronica/index.php?date=08-01-2026&edition=44343
08-01-2026,44343,NORMAS GENERALES,"Resolución exenta número 588, de 2025.- Establece valor en moneda corriente que se cobrará por los salvoconductos para la Zona Fronteriza Arica-Tacna",CVE-2748539,https://www.diariooficial.interior.gob.cl/publicaciones/2026/01/08/44343/01/2748539.pdf,https://www.diariooficial.interior.gob.cl/edicionelectronica/index.php?date=08-01-2026&edition=44343
08-01-2026,44343,NORMAS GENERALES,"Decreto número 44, de 2025.- Designa a doña Ximena Paz Aguilera Sanhueza, Ministra de Salud, en comisión de servicio en el extranjero a Berlín, Alemania",CVE-2746940,https://www.diariooficial.interior.gob.cl/publicaciones/2026/01/08/44343/01/2746940.pdf,https://www.diariooficial.interior.gob.cl/edicionelectronica/index.php?date=08-01-2026&edition=44343
08-01-2026,44343,NORMAS GENERALES,"Decreto exento número 34, de 2025.- Modifica decreto Nº 61 exento, de 2024, que determina especialidades de la medicina con derecho a asignación mensual de estímulo por competencias profesionales en atención primaria de salud en el año 2025",CVE-2746772,https://www.diariooficial.interior.gob.cl/publicaciones/2026/01/08/44343/01/2746772.pdf,https://www.diariooficial.interior.gob.cl/edicionelectronica/index.php?date=08-01-2026&edition=44343
08-01-2026,44343,NORMAS GENERALES,"Resolución exenta número 2.016, de 2025.- Fija valores unitarios de construcción para aplicar en cálculo de derechos de permisos municipales",CVE-2750584,https://www.diariooficial.interior.gob.cl/publicaciones/2026/01/08/44343/01/2750584.pdf,https://www.diariooficial.interior.gob.cl/edicionelectronica/index.php?date=08-01-2026&edition=44343
08-01-2026,44343,NORMAS GENERALES,"Resolución exenta número 2.019, de 2025.- Designa a profesionales como Revisores de la Certificación de Vivienda Sustentable",CVE-2750586,https://www.diariooficial.interior.gob.cl/publicaciones/2026/01/08/44343/01/2750586.pdf,https://www.diariooficial.interior.gob.cl/edicionelectronica/index.php?date=08-01-2026&edition=44343
08-01-2026,44343,NORMAS GENERALES,"Resolución exenta número 1.546, de 2025.- Interpreta el artículo 8°, literal N) y el artículo 23° del Plan Regulador Comunal de Quillota",CVE-2748377,https://www.diariooficial.interior.gob.cl/publicaciones/2026/01/08/44343/01/2748377.pdf,https://www.diariooficial.interior.gob.cl/edicionelectronica/index.php?date=08-01-2026&edition=44343
08-01-2026,44343,NORMAS GENERALES,"Resolución exenta número 11.058, de 2025.- Fija tiempos estándares para la autorización de muestreadores de material de propagación para el diagnóstico de plagas no cuarentenarias reglamentadas (PNCR)",CVE-2748558,https://www.diariooficial.interior.gob.cl/publicaciones/2026/01/08/44343/01/2748558.pdf,https://www.diariooficial.interior.gob.cl/edicionelectronica/index.php?date=08-01-2026&edition=44343
08-01-2026,44343,NORMAS GENERALES,"Resolución exenta número 11.347, de 2025.- Modifica resolución Nº 4.261 exenta, de 2019, que establece requerimientos de infraestructura, instalaciones y equipamiento para sitios de inspección de mercancías de importación de competencia del Servicio Agrícola y Ganadero",CVE-2748560,https://www.diariooficial.interior.gob.cl/publicaciones/2026/01/08/44343/01/2748560.pdf,https://www.diariooficial.interior.gob.cl/edicionelectronica/index.php?date=08-01-2026&edition=44343
08-01-2026,44343,NORMAS GENERALES,"Resolución exenta número 11.348, de 2025.- Exime a los sitios de inspección ubicados en los puertos habilitados de ingreso terrestres, administrados por el Estado, del cumplimiento de la resolución N° 4.261, de 2019",CVE-2748561,https://www.diariooficial.interior.gob.cl/publicaciones/2026/01/08/44343/01/2748561.pdf,https://www.diariooficial.interior.gob.cl/edicionelectronica/index.php?date=08-01-2026&edition=44343
08-01-2026,44343,NORMAS GENERALES,"Extracto de resolución exenta número 2.389, de 2025.- Aprueba gabinete técnico de la Municipalidad de Palmilla",CVE-2748390,https://www.diariooficial.interior.gob.cl/publicaciones/2026/01/08/44343/01/2748390.pdf,https://www.diariooficial.interior.gob.cl/edicionelectronica/index.php?date=08-01-2026&edition=44343
08-01-2026,44343,NORMAS GENERALES,"Extracto de resolución exenta número 202502001242, de 2025.- Inicia proceso de participación ciudadana en Declaración de Impacto Ambiental del Proyecto Optimización Operacional en Pila de Lixiviación de Sulfuros y Planta de Emulsión Matriz; Nuevas Obras Eléctricas, Planta de Tratamiento de Aguas Servidas, Relleno Sanitario, Sitio de Empréstito y Obras Auxiliares en Minera Escondida",CVE-2751325,https://www.diariooficial.interior.gob.cl/publicaciones/2026/01/08/44343/01/2751325.pdf,https://www.diariooficial.interior.gob.cl/edicionelectronica/index.php?date=08-01-2026&edition=44343
08-01-2026,44343,NORMAS GENERALES,Extracto de Estudio de Impacto Ambiental proyecto Parque Eólico Mirador del Sur,CVE-2750779,https://www.diariooficial.interior.gob.cl/publicaciones/2026/01/08/44343/01/2750779.pdf,https://www.diariooficial.interior.gob.cl/edicionelectronica/index.php?date=08-01-2026&edition=44343
08-01-2026,44343,NORMAS GENERALES,"Decreto número 38, de 2025.- Declara Monumento Nacional, en la categoría de Monumento Histórico, el ex Cuartel de Investigaciones, ubicado en calle Ibieta N° 165, Sitio de Memoria Ex Centro de Detención CNI de Rancagua, comuna de Rancagua, Región del Libertador General Bernardo O'Higgins",CVE-2746882,https://www.diariooficial.interior.gob.cl/publicaciones/2026/01/08/44343/01/2746882.pdf,https://www.diariooficial.interior.gob.cl/edicionelectronica/index.php?date=08-01-2026&edition=44343
08-01-2026,44343,NORMAS GENERALES,"Decreto número 39, de 2025.- Declara Monumento Nacional, en la categoría de Monumento Histórico, el Sitio de Memoria Ex Comisaría N° 3 Valparaíso Norte, Cerro Barón, comuna y Región de Valparaíso",CVE-2746883,https://www.diariooficial.interior.gob.cl/publicaciones/2026/01/08/44343/01/2746883.pdf,https://www.diariooficial.interior.gob.cl/edicionelectronica/index.php?date=08-01-2026&edition=44343
08-01-2026,44343,NORMAS GENERALES,"Decreto exento número 40, de 2025.- Declara Monumento Nacional, en la Categoría de Monumento Histórico, la Lápida de Santiago Pizarro Rivano, esposo de la Cantinera Irene Morales Galaz, Cementerio General de Antofagasta, Comuna y Región de Antofagasta",CVE-2746942,https://www.diariooficial.interior.gob.cl/publicaciones/2026/01/08/44343/01/2746942.pdf,https://www.diariooficial.interior.gob.cl/edicionelectronica/index.php?date=08-01-2026&edition=44343
08-01-2026,44343,NORMAS GENERALES,"Resolución exenta número 2.410, de 2025.- Crea Unidad de Gestión Estratégica, Estudios e Innovación de la Contraloría General",CVE-2749431,https://www.diariooficial.interior.gob.cl/publicaciones/2026/01/08/44343/01/2749431.pdf,https://www.diariooficial.interior.gob.cl/edicionelectronica/index.php?date=08-01-2026&edition=44343
08-01-2026,44343,NORMAS GENERALES,"Resolución exenta número 2.453, de 2025.- Establece política general de prevención del consumo de drogas en la Contraloría General de la República",CVE-2749788,https://www.diariooficial.interior.gob.cl/publicaciones/2026/01/08/44343/01/2749788.pdf,https://www.diariooficial.interior.gob.cl/edicionelectronica/index.php?date=08-01-2026&edition=44343
08-01-2026,44343,NORMAS GENERALES,Certificado Tipos de cambio y paridades de monedas extranjeras para efectos que señala,CVE-2752777,https://www.diariooficial.interior.gob.cl/publicaciones/2026/01/08/44343/01/2752777.pdf,https://www.diariooficial.interior.gob.cl/edicionelectronica/index.php?date=08-01-2026&edition=44343
08-01-2026,44343,NORMAS GENERALES,"Decreto alcaldicio número 3.807 Sección 1ª, de 2025.- Aprueba Plan de Inversiones en Infraestructura de Movilidad y Espacio Público",CVE-2748541,https://www.diariooficial.interior.gob.cl/publicaciones/2026/01/08/44343/01/2748541.pdf,https://www.diariooficial.interior.gob.cl/edicionelectronica/index.php?date=08-01-2026&edition=44343
08-01-2026,44343,NORMAS GENERALES,"Decreto alcaldicio exento número 12.990, de 2025.- Aprueba Plan de Inversiones en Infraestructura de Movilidad y Espacio Público, comuna de San Vicente de Tagua Tagua",CVE-2749442,https://www.diariooficial.interior.gob.cl/publicaciones/2026/01/08/44343/01/2749442.pdf,https://www.diariooficial.interior.gob.cl/edicionelectronica/index.php?date=08-01-2026&edition=44343
09-01-2026,44344,NORMAS GENERALES,"Decreto número 48, de 2024.- Aprueba Plan Sectorial de Mitigación del Cambio Climático del Ministerio de Salud",CVE-2745794,https://www.diariooficial.interior.gob.cl/publicaciones/2026/01/09/44344/01/2745794.pdf,https://www.diariooficial.interior.gob.cl/edicionelectronica/index.php?date=09-01-2026&edition=44344
09-01-2026,44344,NORMAS GENERALES,"Decreto número 49, de 2024.- Aprueba actualización del Plan Sectorial de Adaptación al Cambio Climático Sector Salud",CVE-2745738,https://www.diariooficial.interior.gob.cl/publicaciones/2026/01/09/44344/01/2745738.pdf,https://www.diariooficial.interior.gob.cl/edicionelectronica/index.php?date=09-01-2026&edition=44344
09-01-2026,44344,NORMAS GENERALES,"Resolución exenta número 2.042, de 2025.- Modifica resolución N° 1.537 exenta, de 2025, que llama a postulación en condiciones especiales a proyectos para la vivienda y proyectos para condominios de viviendas del Programa de Mejoramiento de Viviendas y Barrios, regulado por el decreto N° 27, de 2016, en las regiones que indica",CVE-2750863,https://www.diariooficial.interior.gob.cl/publicaciones/2026/01/09/44344/01/2750863.pdf,https://www.diariooficial.interior.gob.cl/edicionelectronica/index.php?date=09-01-2026&edition=44344
09-01-2026,44344,NORMAS GENERALES,"Resolución exenta número 2.045, de 2025.- Modifica la resolución N° 620 exenta, de 2025, que llama a postulación en condiciones especiales para el desarrollo de proyectos del Programa de Mejoramiento de Viviendas y Barrios, regulado por el decreto N° 27, de 2016, Capítulo Tercero, Proyectos de Ampliación de Vivienda en Copropiedad para Condominios de Vivienda Social de la Región Metropolitana",CVE-2750862,https://www.diariooficial.interior.gob.cl/publicaciones/2026/01/09/44344/01/2750862.pdf,https://www.diariooficial.interior.gob.cl/edicionelectronica/index.php?date=09-01-2026&edition=44344
09-01-2026,44344,NORMAS GENERALES,"Resolución exenta número 2.046, de 2025.- Modifica resolución Nº 486 exenta, de 2024, que adopta medidas excepcionales que indica, para proyectos del Programa de Integración Social y Territorial regulado por el decreto Nº 19, de 2016, en el marco del Plan de Emergencia Habitacional",CVE-2750865,https://www.diariooficial.interior.gob.cl/publicaciones/2026/01/09/44344/01/2750865.pdf,https://www.diariooficial.interior.gob.cl/edicionelectronica/index.php?date=09-01-2026&edition=44344
09-01-2026,44344,NORMAS GENERALES,"Resolución exenta número 2.065, de 2025.- Modifica resolución Nº 294 exenta, 2025, que llama a postulación nacional en condiciones especiales para el Desarrollo de Proyectos del Capítulo Primero, Equipamiento Comunitario, del Programa de Mejoramiento de Viviendas y Barrios, regulado por el decreto Nº 27 de 2016, dirigido a organizaciones comunitarias y juntas de vecinos, regidas por la ley Nº 19.418 y aprueba nómina de postulantes seleccionados",CVE-2751280,https://www.diariooficial.interior.gob.cl/publicaciones/2026/01/09/44344/01/2751280.pdf,https://www.diariooficial.interior.gob.cl/edicionelectronica/index.php?date=09-01-2026&edition=44344
09-01-2026,44344,NORMAS GENERALES,"Resolución exenta número 2067, de 2025.- Modifica resolución exenta N° 1.344, de 2025, que llama a proceso de elección en condiciones especiales para el otorgamiento de subsidios del programa habitacional fondo solidario de elección de vivienda, regulado por el DS N° 49, de 2011, y sus modificaciones, en la alternativa de postulación para la asociación a proyectos con viviendas en nómina seleccionados en los llamados especiales para la postulación colectiva, para la adquisición de terrenos y desarrollo de proyectos de construcción en nuevos terrenos y pequeños condominios y aprueba la selección de familias hábiles al 23 de octubre de 2025",CVE-2751278,https://www.diariooficial.interior.gob.cl/publicaciones/2026/01/09/44344/01/2751278.pdf,https://www.diariooficial.interior.gob.cl/edicionelectronica/index.php?date=09-01-2026&edition=44344
09-01-2026,44344,NORMAS GENERALES,"Resolución exenta número 2.070, de 2025.- Modifica resolución N° 195 exenta, de 2025 que llama a proceso de selección en condiciones especiales para el otorgamiento de subsidios del Programa Habitacional Fondo Solidario de Elección de Vivienda, regulado por el decreto N° 49, de 2011 y sus modificaciones, en la alternativa de postulación colectiva para proyectos de construcción en nuevos terrenos en las comunas de las regiones que indica, modifica resolución exenta N° 1.568, de 2025 y aprueba nómina de proyectos calificados al 17 de julio de 2025",CVE-2751275,https://www.diariooficial.interior.gob.cl/publicaciones/2026/01/09/44344/01/2751275.pdf,https://www.diariooficial.interior.gob.cl/edicionelectronica/index.php?date=09-01-2026&edition=44344
09-01-2026,44344,NORMAS GENERALES,"Resolución exenta número 2.441, de 2025.- Prohíbe la circulación de vehículos que indica en las condiciones que señala",CVE-2751436,https://www.diariooficial.interior.gob.cl/publicaciones/2026/01/09/44344/01/2751436.pdf,https://www.diariooficial.interior.gob.cl/edicionelectronica/index.php?date=09-01-2026&edition=44344
09-01-2026,44344,NORMAS GENERALES,"Resolución exenta número 2.443, de 2025.- Prohíbe la circulación de vehículos que indica en las condiciones que señala",CVE-2751431,https://www.diariooficial.interior.gob.cl/publicaciones/2026/01/09/44344/01/2751431.pdf,https://www.diariooficial.interior.gob.cl/edicionelectronica/index.php?date=09-01-2026&edition=44344
09-01-2026,44344,NORMAS GENERALES,"Resolución exenta número 9.519, de 2025.- Reconoce, por solicitud municipal, humedal urbano La Gruta",CVE-2751419,https://www.diariooficial.interior.gob.cl/publicaciones/2026/01/09/44344/01/2751419.pdf,https://www.diariooficial.interior.gob.cl/edicionelectronica/index.php?date=09-01-2026&edition=44344
09-01-2026,44344,NORMAS GENERALES,"Resolución exenta número 2.992, de 2025.- Fija programa de fiscalización ambiental para la aplicación del impuesto que grava las emisiones al aire de material particulado, óxidos de nitrógeno, dióxido de azufre y dióxido de carbono conforme a lo dispuesto en el artículo N° 8 de la ley 20.780, modificado por la ley N° 21.210, para el año 2026",CVE-2751381,https://www.diariooficial.interior.gob.cl/publicaciones/2026/01/09/44344/01/2751381.pdf,https://www.diariooficial.interior.gob.cl/edicionelectronica/index.php?date=09-01-2026&edition=44344
09-01-2026,44344,NORMAS GENERALES,"Resolución exenta número 2.993, de 2025.- Fija programa de fiscalización ambiental de sistemas de gestión afectos a la Ley Nº 20.920 que establece marco para la gestión de residuos, la responsabilidad extendida del productor y fomento al reciclaje para el año 2026",CVE-2751380,https://www.diariooficial.interior.gob.cl/publicaciones/2026/01/09/44344/01/2751380.pdf,https://www.diariooficial.interior.gob.cl/edicionelectronica/index.php?date=09-01-2026&edition=44344
09-01-2026,44344,NORMAS GENERALES,"Resolución exenta número 2.994, de 2025.- Fija programa de fiscalización ambiental de medidas provisionales, en conformidad con el artículo 43 bis de la ley Nº 19.300, para el año 2026",CVE-2751379,https://www.diariooficial.interior.gob.cl/publicaciones/2026/01/09/44344/01/2751379.pdf,https://www.diariooficial.interior.gob.cl/edicionelectronica/index.php?date=09-01-2026&edition=44344
09-01-2026,44344,NORMAS GENERALES,"Resolución exenta número 2.995, de 2025.- Fija programa de fiscalización ambiental de normas de calidad ambiental para el año 2026",CVE-2751378,https://www.diariooficial.interior.gob.cl/publicaciones/2026/01/09/44344/01/2751378.pdf,https://www.diariooficial.interior.gob.cl/edicionelectronica/index.php?date=09-01-2026&edition=44344
09-01-2026,44344,NORMAS GENERALES,"Resolución exenta número 2.996, de 2025.- Fija programa y subprograma de fiscalización ambiental de normas de emisión para el año 2026",CVE-2751377,https://www.diariooficial.interior.gob.cl/publicaciones/2026/01/09/44344/01/2751377.pdf,https://www.diariooficial.interior.gob.cl/edicionelectronica/index.php?date=09-01-2026&edition=44344
09-01-2026,44344,NORMAS GENERALES,"Resolución exenta número 2.997, de 2025.- Fija programa de fiscalización ambiental de Programas de Cumplimiento para el Año 2026",CVE-2751384,https://www.diariooficial.interior.gob.cl/publicaciones/2026/01/09/44344/01/2751384.pdf,https://www.diariooficial.interior.gob.cl/edicionelectronica/index.php?date=09-01-2026&edition=44344
09-01-2026,44344,NORMAS GENERALES,"Resolución exenta número 2.998, de 2025.- Fija programa y subprogramas de fiscalización ambiental de planes de prevención y/o descontaminación para el año 2026",CVE-2751383,https://www.diariooficial.interior.gob.cl/publicaciones/2026/01/09/44344/01/2751383.pdf,https://www.diariooficial.interior.gob.cl/edicionelectronica/index.php?date=09-01-2026&edition=44344
09-01-2026,44344,NORMAS GENERALES,"Resolución exenta número 2.999, de 2025.- Fija programa y subprogramas de fiscalización ambiental de resoluciones de calificación ambiental para el año 2026",CVE-2751382,https://www.diariooficial.interior.gob.cl/publicaciones/2026/01/09/44344/01/2751382.pdf,https://www.diariooficial.interior.gob.cl/edicionelectronica/index.php?date=09-01-2026&edition=44344
09-01-2026,44344,NORMAS GENERALES,"Extracto de resolución exenta número 20251600188, de 2025.- Inicia proceso de participación ciudadana en Declaración de Impacto Ambiental del proyecto Continuidad Operacional Extracción de Áridos RCA N° 40/2019",CVE-2751385,https://www.diariooficial.interior.gob.cl/publicaciones/2026/01/09/44344/01/2751385.pdf,https://www.diariooficial.interior.gob.cl/edicionelectronica/index.php?date=09-01-2026&edition=44344
09-01-2026,44344,NORMAS GENERALES,"Extracto de resolución exenta número 202509101870, de 2025.- Da término al proceso de consulta a pueblos indígenas en el Estudio de Impacto Ambiental del proyecto Nivelación y Cierre Relleno Sanitario Villarrica",CVE-2750791,https://www.diariooficial.interior.gob.cl/publicaciones/2026/01/09/44344/01/2750791.pdf,https://www.diariooficial.interior.gob.cl/edicionelectronica/index.php?date=09-01-2026&edition=44344
09-01-2026,44344,NORMAS GENERALES,"Resolución exenta número 202510001244, de 2025.- Informa inicio de un proceso de participación ciudadana según lo establecido en el artículo 30 bis de la ley 19.300, en el marco de la evaluación ambiental de la Declaración de Impacto Ambiental del proyecto Planta de Tratamiento de Aguas Servidas Puerto Montt",CVE-2751542,https://www.diariooficial.interior.gob.cl/publicaciones/2026/01/09/44344/01/2751542.pdf,https://www.diariooficial.interior.gob.cl/edicionelectronica/index.php?date=09-01-2026&edition=44344
09-01-2026,44344,NORMAS GENERALES,Certificado Fija valor de la Unidad de Fomento y del Índice Valor Promedio para los días comprendidos entre el 10 de enero y el 9 de febrero de 2026,CVE-2753378,https://www.diariooficial.interior.gob.cl/publicaciones/2026/01/09/44344/01/2753378.pdf,https://www.diariooficial.interior.gob.cl/edicionelectronica/index.php?date=09-01-2026&edition=44344
09-01-2026,44344,NORMAS GENERALES,Certificado Tipos de cambio y paridades de monedas extranjeras para efectos que señala,CVE-2753661,https://www.diariooficial.interior.gob.cl/publicaciones/2026/01/09/44344/01/2753661.pdf,https://www.diariooficial.interior.gob.cl/edicionelectronica/index.php?date=09-01-2026&edition=44344
10-01-2026,44345,NORMAS GENERALES,"Extracto de resolución exenta número 205, de 2025.- Fija tasas de interés que indica",CVE-2749810,https://www.diariooficial.interior.gob.cl/publicaciones/2026/01/10/44345/01/2749810.pdf,https://www.diariooficial.interior.gob.cl/edicionelectronica/index.php?date=10-01-2026&edition=44345
10-01-2026,44345,NORMAS GENERALES,"Extracto de resolución exenta número 207, de 2025.- Elimina obligación de incorporar la impresión del timbre electrónico que indica",CVE-2749812,https://www.diariooficial.interior.gob.cl/publicaciones/2026/01/10/44345/01/2749812.pdf,https://www.diariooficial.interior.gob.cl/edicionelectronica/index.php?date=10-01-2026&edition=44345
10-01-2026,44345,NORMAS GENERALES,"Extracto de resolución exenta número 209, de 2025.- Fija valores de terrenos y construcciones para el reavalúo de los bienes raíces de la Segunda Serie No Agrícolas",CVE-2750559,https://www.diariooficial.interior.gob.cl/publicaciones/2026/01/10/44345/01/2750559.pdf,https://www.diariooficial.interior.gob.cl/edicionelectronica/index.php?date=10-01-2026&edition=44345
10-01-2026,44345,NORMAS GENERALES,"Extracto de decreto exento número 258, de 2025.- Establece cuota global de captura pesquería de Langostino colorado, área Arica y Parinacota a Coquimbo, año 2026",CVE-2748552,https://www.diariooficial.interior.gob.cl/publicaciones/2026/01/10/44345/01/2748552.pdf,https://www.diariooficial.interior.gob.cl/edicionelectronica/index.php?date=10-01-2026&edition=44345
10-01-2026,44345,NORMAS GENERALES,"Extracto de decreto exento número 202500263, de 2025.- Establece cuota global de captura pesquería de Camarón nailon, área Antofagasta a Biobío, año 2026",CVE-2748554,https://www.diariooficial.interior.gob.cl/publicaciones/2026/01/10/44345/01/2748554.pdf,https://www.diariooficial.interior.gob.cl/edicionelectronica/index.php?date=10-01-2026&edition=44345
10-01-2026,44345,NORMAS GENERALES,"Extracto de decreto exento número 202500266, de 2025.- Establece cuota global de captura pesquería de Reineta, año 2026",CVE-2748555,https://www.diariooficial.interior.gob.cl/publicaciones/2026/01/10/44345/01/2748555.pdf,https://www.diariooficial.interior.gob.cl/edicionelectronica/index.php?date=10-01-2026&edition=44345
10-01-2026,44345,NORMAS GENERALES,"Extracto de decreto exento número 202500273, de 2025.- Establece cuotas globales de captura de Congrio dorado, año 2026",CVE-2748667,https://www.diariooficial.interior.gob.cl/publicaciones/2026/01/10/44345/01/2748667.pdf,https://www.diariooficial.interior.gob.cl/edicionelectronica/index.php?date=10-01-2026&edition=44345
10-01-2026,44345,NORMAS GENERALES,"Extracto de decreto exento número 202500274, de 2025.- Establece cuota global de captura pesquería de Jurel, año 2026",CVE-2748672,https://www.diariooficial.interior.gob.cl/publicaciones/2026/01/10/44345/01/2748672.pdf,https://www.diariooficial.interior.gob.cl/edicionelectronica/index.php?date=10-01-2026&edition=44345
10-01-2026,44345,NORMAS GENERALES,"Extracto de resolución exenta número 2.930, de 2025.- Declara vacantes y abre periodo extraordinario de postulación de miembros titulares y suplentes del sector privado del Comité de Manejo de Algas Pardas en la Región de Antofagasta",CVE-2749805,https://www.diariooficial.interior.gob.cl/publicaciones/2026/01/10/44345/01/2749805.pdf,https://www.diariooficial.interior.gob.cl/edicionelectronica/index.php?date=10-01-2026&edition=44345
10-01-2026,44345,NORMAS GENERALES,"Extracto de resolución exenta número 2.954, de 2025.- Establece distribución histórica de la fracción artesanal de Merluza del sur, año 2026",CVE-2748671,https://www.diariooficial.interior.gob.cl/publicaciones/2026/01/10/44345/01/2748671.pdf,https://www.diariooficial.interior.gob.cl/edicionelectronica/index.php?date=10-01-2026&edition=44345
10-01-2026,44345,NORMAS GENERALES,"Extracto de resolución exenta número 2.955, de 2025.- Establece distribución histórica de la fracción artesanal de Congrio dorado regiones Valparaíso-Los Ríos, año 2026",CVE-2748670,https://www.diariooficial.interior.gob.cl/publicaciones/2026/01/10/44345/01/2748670.pdf,https://www.diariooficial.interior.gob.cl/edicionelectronica/index.php?date=10-01-2026&edition=44345
10-01-2026,44345,NORMAS GENERALES,"Extracto de resolución exenta número 2.956, de 2025.- Establece distribución histórica de la fracción artesanal de Merluza común regiones Coquimbo a Los Lagos, año 2026​​​​​​​",CVE-2748669,https://www.diariooficial.interior.gob.cl/publicaciones/2026/01/10/44345/01/2748669.pdf,https://www.diariooficial.interior.gob.cl/edicionelectronica/index.php?date=10-01-2026&edition=44345
10-01-2026,44345,NORMAS GENERALES,"Extracto de resolución exenta número 2.957, de 2025.- Establece distribución histórica de la fracción artesanal de Congrio dorado en las regiones de Los Lagos a Magallanes, año 2026",CVE-2748668,https://www.diariooficial.interior.gob.cl/publicaciones/2026/01/10/44345/01/2748668.pdf,https://www.diariooficial.interior.gob.cl/edicionelectronica/index.php?date=10-01-2026&edition=44345
10-01-2026,44345,NORMAS GENERALES,"Extracto de resolución exenta número 2.959, de 2025.- Abre período extraordinario de postulación de miembros titulares y suplentes del sector privado del Comité de Manejo de Jaibas y Centolla de la Región de Aysén del General Carlos Ibáñez del Campo​​​​​​​",CVE-2748673,https://www.diariooficial.interior.gob.cl/publicaciones/2026/01/10/44345/01/2748673.pdf,https://www.diariooficial.interior.gob.cl/edicionelectronica/index.php?date=10-01-2026&edition=44345
10-01-2026,44345,NORMAS GENERALES,"Extracto de resolución exenta número 2.962, de 2025.- Establece distribución histórica de las fracciones artesanales de Jurel, año 2026",CVE-2748674,https://www.diariooficial.interior.gob.cl/publicaciones/2026/01/10/44345/01/2748674.pdf,https://www.diariooficial.interior.gob.cl/edicionelectronica/index.php?date=10-01-2026&edition=44345
10-01-2026,44345,NORMAS GENERALES,"Extracto de resolución exenta número 2.963, de 2025.- Establece distribución histórica de la cuota de captura artesanal de Bacalao de profundidad, año 2026",CVE-2748675,https://www.diariooficial.interior.gob.cl/publicaciones/2026/01/10/44345/01/2748675.pdf,https://www.diariooficial.interior.gob.cl/edicionelectronica/index.php?date=10-01-2026&edition=44345
10-01-2026,44345,NORMAS GENERALES,"Extracto de resolución exenta número 2.964, de 2025.- Establece distribución cuota de los recursos Huiro negro, Huiro palo y Huiro flotador en la Región de Atacama, temporada extractiva y de recolección año 2026",CVE-2748676,https://www.diariooficial.interior.gob.cl/publicaciones/2026/01/10/44345/01/2748676.pdf,https://www.diariooficial.interior.gob.cl/edicionelectronica/index.php?date=10-01-2026&edition=44345
10-01-2026,44345,NORMAS GENERALES,"Extracto de resolución exenta número 2.965, de 2025.- Establece distribución histórica de la fracción artesanal de Camarón nailon, año 2026",CVE-2749795,https://www.diariooficial.interior.gob.cl/publicaciones/2026/01/10/44345/01/2749795.pdf,https://www.diariooficial.interior.gob.cl/edicionelectronica/index.php?date=10-01-2026&edition=44345
10-01-2026,44345,NORMAS GENERALES,"Extracto de resolución exenta número 2.970, de 2025.- Establece distribución histórica de la fracción artesanal de Langostino colorado regiones Arica y Parinacota - Coquimbo, año 2026",CVE-2749794,https://www.diariooficial.interior.gob.cl/publicaciones/2026/01/10/44345/01/2749794.pdf,https://www.diariooficial.interior.gob.cl/edicionelectronica/index.php?date=10-01-2026&edition=44345
10-01-2026,44345,NORMAS GENERALES,"Extracto de resolución exenta número 2.971, de 2025.- Establece distribución histórica de la fracción artesanal de Langostino Amarillo Regiones Arica y Parinacota a Coquimbo, año 2026",CVE-2749796,https://www.diariooficial.interior.gob.cl/publicaciones/2026/01/10/44345/01/2749796.pdf,https://www.diariooficial.interior.gob.cl/edicionelectronica/index.php?date=10-01-2026&edition=44345
10-01-2026,44345,NORMAS GENERALES,"Extracto de resolución exenta número 2.975, de 2025.- Establece distribución cuota de los recursos Huiro negro, Huiro palo y Huiro flotador en la Región de Coquimbo, período extractivo y de recolección año 2026",CVE-2749797,https://www.diariooficial.interior.gob.cl/publicaciones/2026/01/10/44345/01/2749797.pdf,https://www.diariooficial.interior.gob.cl/edicionelectronica/index.php?date=10-01-2026&edition=44345
10-01-2026,44345,NORMAS GENERALES,"Extracto de resolución exenta número 2.977, de 2025.- Modifica resolución N° 291 exenta, de 2015",CVE-2749799,https://www.diariooficial.interior.gob.cl/publicaciones/2026/01/10/44345/01/2749799.pdf,https://www.diariooficial.interior.gob.cl/edicionelectronica/index.php?date=10-01-2026&edition=44345
10-01-2026,44345,NORMAS GENERALES,"Extracto de resolución exenta número 2.989, de 2025.- Establece distribución histórica de las fracciones artesanales de Anchoveta y Sardina común regiones Valparaíso a Los Lagos, año 2026",CVE-2749800,https://www.diariooficial.interior.gob.cl/publicaciones/2026/01/10/44345/01/2749800.pdf,https://www.diariooficial.interior.gob.cl/edicionelectronica/index.php?date=10-01-2026&edition=44345
10-01-2026,44345,NORMAS GENERALES,"Extracto de resolución exenta número 2.991, de 2025.- Modifica resolución Nº 2.187 exenta, de 2010, que aprobó plan de manejo para el recurso Huiro en sector Bahía Chasco, Región de Atacama",CVE-2749801,https://www.diariooficial.interior.gob.cl/publicaciones/2026/01/10/44345/01/2749801.pdf,https://www.diariooficial.interior.gob.cl/edicionelectronica/index.php?date=10-01-2026&edition=44345
10-01-2026,44345,NORMAS GENERALES,"Extracto de resolución exenta número 3.010, de 2025.- Establece distribución histórica por área de la fracción artesanal de Merluza común Coquimbo - Los Lagos, año 2026",CVE-2749802,https://www.diariooficial.interior.gob.cl/publicaciones/2026/01/10/44345/01/2749802.pdf,https://www.diariooficial.interior.gob.cl/edicionelectronica/index.php?date=10-01-2026&edition=44345
10-01-2026,44345,NORMAS GENERALES,"Extracto de resolución exenta número 781, de 2025.- Aprueba circular que imparte instrucciones sobre reglamentos internos a establecimientos de educación básica y media",CVE-2748857,https://www.diariooficial.interior.gob.cl/publicaciones/2026/01/10/44345/01/2748857.pdf,https://www.diariooficial.interior.gob.cl/edicionelectronica/index.php?date=10-01-2026&edition=44345
10-01-2026,44345,NORMAS GENERALES,"Extracto de resolución exenta número 782, de 2025.- Aprueba circular que imparte instrucciones sobre la aplicación de medidas formativas y disciplinarias en los establecimientos educacionales de enseñanza básica y media",CVE-2748856,https://www.diariooficial.interior.gob.cl/publicaciones/2026/01/10/44345/01/2748856.pdf,https://www.diariooficial.interior.gob.cl/edicionelectronica/index.php?date=10-01-2026&edition=44345
10-01-2026,44345,NORMAS GENERALES,"Extracto de resolución exenta número 799, de 2025.- Aprueba Plan Anual de Fiscalización año 2026",CVE-2751462,https://www.diariooficial.interior.gob.cl/publicaciones/2026/01/10/44345/01/2751462.pdf,https://www.diariooficial.interior.gob.cl/edicionelectronica/index.php?date=10-01-2026&edition=44345
10-01-2026,44345,NORMAS GENERALES,"Decreto número 13A, de 2025.- Acepta renuncia no voluntaria de don Marco Antonio Mancilla Ayancán al cargo de Secretario Ejecutivo de la Comisión Nacional de Energía",CVE-2751474,https://www.diariooficial.interior.gob.cl/publicaciones/2026/01/10/44345/01/2751474.pdf,https://www.diariooficial.interior.gob.cl/edicionelectronica/index.php?date=10-01-2026&edition=44345
12-01-2026,44346,NORMAS GENERALES,"Decreto número 133, de 2025.- Modifica decreto Nº 47, de 2018, que aprueba Reglamento para el otorgamiento de la bonificación adicional por retiro al personal académico, directivo y profesional no académico de las universidades del Estado y faculta a las mismas para conceder otros beneficios transitorios establecidos en la ley Nº 21.043, y regula los artículos 89 y 91 de la ley Nº 21.724",CVE-2748551,https://www.diariooficial.interior.gob.cl/publicaciones/2026/01/12/44346/01/2748551.pdf,https://www.diariooficial.interior.gob.cl/edicionelectronica/index.php?date=12-01-2026&edition=44346
12-01-2026,44346,NORMAS GENERALES,"Resolución exenta número 10.706, de 2025.- Establece requisitos fitosanitarios de importación para plantas y ramillas dormantes de pecano (carya illinoinensis) procedentes de Estados Unidos de América",CVE-2750387,https://www.diariooficial.interior.gob.cl/publicaciones/2026/01/12/44346/01/2750387.pdf,https://www.diariooficial.interior.gob.cl/edicionelectronica/index.php?date=12-01-2026&edition=44346
12-01-2026,44346,NORMAS GENERALES,"Resolución exenta número 11.136, de 2025.- Modifica resolución exenta N° 2.519/2019 que crea el Sistema Nacional de Control Predial para Establecimientos Pecuarios",CVE-2750474,https://www.diariooficial.interior.gob.cl/publicaciones/2026/01/12/44346/01/2750474.pdf,https://www.diariooficial.interior.gob.cl/edicionelectronica/index.php?date=12-01-2026&edition=44346
12-01-2026,44346,NORMAS GENERALES,"Resolución exenta número 670, de 2025.- Prohíbe circulación de vehículos motorizados en tramo de la vía que indica, de la comuna de Copiapó, Región de Atacama",CVE-2751884,https://www.diariooficial.interior.gob.cl/publicaciones/2026/01/12/44346/01/2751884.pdf,https://www.diariooficial.interior.gob.cl/edicionelectronica/index.php?date=12-01-2026&edition=44346
12-01-2026,44346,NORMAS GENERALES,"Decreto exento número 354, de 2025.- Fija obras nuevas de los Sistemas de Transmisión Nacional y Zonal que deben iniciar su proceso de licitación en los doce meses siguientes, correspondientes al Plan de Expansión del Año 2024",CVE-2751812,https://www.diariooficial.interior.gob.cl/publicaciones/2026/01/12/44346/01/2751812.pdf,https://www.diariooficial.interior.gob.cl/edicionelectronica/index.php?date=12-01-2026&edition=44346
12-01-2026,44346,NORMAS GENERALES,"Resolución exenta número 9.534, de 2025.- Reconoce, por solicitud municipal, Humedal Playa Negra I",CVE-2751813,https://www.diariooficial.interior.gob.cl/publicaciones/2026/01/12/44346/01/2751813.pdf,https://www.diariooficial.interior.gob.cl/edicionelectronica/index.php?date=12-01-2026&edition=44346
12-01-2026,44346,NORMAS GENERALES,"Resolución exenta número 9.537, de 2025.- Reconoce, por solicitud municipal, Humedal Urbano Playa Negra II",CVE-2751918,https://www.diariooficial.interior.gob.cl/publicaciones/2026/01/12/44346/01/2751918.pdf,https://www.diariooficial.interior.gob.cl/edicionelectronica/index.php?date=12-01-2026&edition=44346
12-01-2026,44346,NORMAS GENERALES,"Resolución exenta número 2.668, de 2025.- Modifica resolución Nº 1.338 exenta, de 2025, que fija organización interna de la Superintendencia del Medio Ambiente",CVE-2751626,https://www.diariooficial.interior.gob.cl/publicaciones/2026/01/12/44346/01/2751626.pdf,https://www.diariooficial.interior.gob.cl/edicionelectronica/index.php?date=12-01-2026&edition=44346
12-01-2026,44346,NORMAS GENERALES,"Extracto de resolución exenta número 202503101302, de 2025.- Amplía proceso de consulta indígena en EIA del proyecto Modificación Fase de Cierre Pascua Lama",CVE-2750784,https://www.diariooficial.interior.gob.cl/publicaciones/2026/01/12/44346/01/2750784.pdf,https://www.diariooficial.interior.gob.cl/edicionelectronica/index.php?date=12-01-2026&edition=44346
12-01-2026,44346,NORMAS GENERALES,"Extracto de resolución exenta número 202503101305, de 2025.- Ordena apertura de proceso de Consulta Indígena que indica",CVE-2750777,https://www.diariooficial.interior.gob.cl/publicaciones/2026/01/12/44346/01/2750777.pdf,https://www.diariooficial.interior.gob.cl/edicionelectronica/index.php?date=12-01-2026&edition=44346
12-01-2026,44346,NORMAS GENERALES,"Decreto número 18, de 2025.- Aprueba Reglamento que regula el Sistema Integrado de Información sobre Violencia de Género, según lo dispuesto en el artículo 26 de la ley N° 21.675",CVE-2746843,https://www.diariooficial.interior.gob.cl/publicaciones/2026/01/12/44346/01/2746843.pdf,https://www.diariooficial.interior.gob.cl/edicionelectronica/index.php?date=12-01-2026&edition=44346
12-01-2026,44346,NORMAS GENERALES,Certificado Clasificación de riesgo de los Estados Soberanos y entidades bancarias extranjeras que indica,CVE-2752628,https://www.diariooficial.interior.gob.cl/publicaciones/2026/01/12/44346/01/2752628.pdf,https://www.diariooficial.interior.gob.cl/edicionelectronica/index.php?date=12-01-2026&edition=44346
12-01-2026,44346,NORMAS GENERALES,Certificado Tipos de cambio y paridades de monedas extranjeras para efectos que señala,CVE-2754218,https://www.diariooficial.interior.gob.cl/publicaciones/2026/01/12/44346/01/2754218.pdf,https://www.diariooficial.interior.gob.cl/edicionelectronica/index.php?date=12-01-2026&edition=44346
12-01-2026,44346,NORMAS GENERALES,"Decreto alcaldicio número 1.725, de 2025.- Aprueba modificación y dicta texto refundido, coordinado y sistematizado de Ordenanza municipal para regular el comercio ambulante y estacionado",CVE-2750469,https://www.diariooficial.interior.gob.cl/publicaciones/2026/01/12/44346/01/2750469.pdf,https://www.diariooficial.interior.gob.cl/edicionelectronica/index.php?date=12-01-2026&edition=44346
13-01-2026,44347,NORMAS GENERALES,"Resolución exenta número 7.083, de 2025.- Autoriza ediciones extraordinarias del Diario Oficial para los días que indica",CVE-2751815,https://www.diariooficial.interior.gob.cl/publicaciones/2026/01/13/44347/01/2751815.pdf,https://www.diariooficial.interior.gob.cl/edicionelectronica/index.php?date=13-01-2026&edition=44347
13-01-2026,44347,NORMAS GENERALES,"Decreto número 140, de 2025.- Promulga el Acuerdo con el Programa de las Naciones Unidas para el Desarrollo relativo al proyecto: Asistencia Técnica al Gobierno Regional de Los Ríos para la Planificación del Desarrollo Territorial del Pueblo Mapuche",CVE-2751678,https://www.diariooficial.interior.gob.cl/publicaciones/2026/01/13/44347/01/2751678.pdf,https://www.diariooficial.interior.gob.cl/edicionelectronica/index.php?date=13-01-2026&edition=44347
13-01-2026,44347,NORMAS GENERALES,"Decreto exento número 355, de 2025.- Confiere el Patrocinio del Gobierno y declara Internacional la Feria Aquasur 2026",CVE-2753634,https://www.diariooficial.interior.gob.cl/publicaciones/2026/01/13/44347/01/2753634.pdf,https://www.diariooficial.interior.gob.cl/edicionelectronica/index.php?date=13-01-2026&edition=44347
13-01-2026,44347,NORMAS GENERALES,"Extracto de resolución exenta número 5.416, de 2025.- Modifica anexos del Compendio de Normas Aduaneras",CVE-2749817,https://www.diariooficial.interior.gob.cl/publicaciones/2026/01/13/44347/01/2749817.pdf,https://www.diariooficial.interior.gob.cl/edicionelectronica/index.php?date=13-01-2026&edition=44347
13-01-2026,44347,NORMAS GENERALES,"Decreto exento número 147, de 2025.- Identifica cobertura anual 2025 de nuevos usuarios del Subsistema de Protección y Promoción Social Seguridades y Oportunidades",CVE-2749816,https://www.diariooficial.interior.gob.cl/publicaciones/2026/01/13/44347/01/2749816.pdf,https://www.diariooficial.interior.gob.cl/edicionelectronica/index.php?date=13-01-2026&edition=44347
13-01-2026,44347,NORMAS GENERALES,"Resolución exenta número E8.168/25, de 2025.- Abre período de información pública en procedimiento de Régimen de Control Sanitario respecto al producto Ácido Azelaico 15%",CVE-2748680,https://www.diariooficial.interior.gob.cl/publicaciones/2026/01/13/44347/01/2748680.pdf,https://www.diariooficial.interior.gob.cl/edicionelectronica/index.php?date=13-01-2026&edition=44347
13-01-2026,44347,NORMAS GENERALES,"Extracto de resolución exenta número 28, de 2026.- Aprueba Bases técnicas y administrativas, y sus modificaciones, de Concurso para proyecto habitacional en terreno de propiedad del Serviu en comuna de Salamanca",CVE-2753141,https://www.diariooficial.interior.gob.cl/publicaciones/2026/01/13/44347/01/2753141.pdf,https://www.diariooficial.interior.gob.cl/edicionelectronica/index.php?date=13-01-2026&edition=44347
13-01-2026,44347,NORMAS GENERALES,"Resolución exenta número 5.111, de 2025.- Declara libre de Mosca del Mediterráneo (Ceratitis capitata Wied) el área regulada que indica",CVE-2751846,https://www.diariooficial.interior.gob.cl/publicaciones/2026/01/13/44347/01/2751846.pdf,https://www.diariooficial.interior.gob.cl/edicionelectronica/index.php?date=13-01-2026&edition=44347
13-01-2026,44347,NORMAS GENERALES,"Resolución exenta número 5.112, de 2025.- Declara libre de Mosca del Mediterráneo (Ceratitis capitata W.) el área cuarentenada para el Mercado de China",CVE-2751845,https://www.diariooficial.interior.gob.cl/publicaciones/2026/01/13/44347/01/2751845.pdf,https://www.diariooficial.interior.gob.cl/edicionelectronica/index.php?date=13-01-2026&edition=44347
13-01-2026,44347,NORMAS GENERALES,"Resolución exenta número 5.140, de 2025.- Modifica resolución N° 5.112 exenta, de 2025",CVE-2751844,https://www.diariooficial.interior.gob.cl/publicaciones/2026/01/13/44347/01/2751844.pdf,https://www.diariooficial.interior.gob.cl/edicionelectronica/index.php?date=13-01-2026&edition=44347
13-01-2026,44347,NORMAS GENERALES,"Resolución exenta número 12, de 2026.- Modifica resolución N° 1.383 exenta, de 2025",CVE-2752688,https://www.diariooficial.interior.gob.cl/publicaciones/2026/01/13/44347/01/2752688.pdf,https://www.diariooficial.interior.gob.cl/edicionelectronica/index.php?date=13-01-2026&edition=44347
13-01-2026,44347,NORMAS GENERALES,Extracto de Estudio de Impacto Ambiental proyecto Parque Eólico Tulipanes,CVE-2753591,https://www.diariooficial.interior.gob.cl/publicaciones/2026/01/13/44347/01/2753591.pdf,https://www.diariooficial.interior.gob.cl/edicionelectronica/index.php?date=13-01-2026&edition=44347
13-01-2026,44347,NORMAS GENERALES,"Extracto de resolución número 20260110011, de 2026.- Decreta apertura de proceso de participación ciudadana en el marco de la evaluación ambiental de la Declaración de Impacto Ambiental del proyecto Parque Fotovoltaico Semillero",CVE-2753404,https://www.diariooficial.interior.gob.cl/publicaciones/2026/01/13/44347/01/2753404.pdf,https://www.diariooficial.interior.gob.cl/edicionelectronica/index.php?date=13-01-2026&edition=44347
13-01-2026,44347,NORMAS GENERALES,"Extracto de resolución exenta número 202503001191, de 2025.- Inicia proceso de participación ciudadana en Declaración de Impacto Ambiental del proyecto Sistema de Almacenamiento de Energía y Línea de Transmisión Kronos",CVE-2752544,https://www.diariooficial.interior.gob.cl/publicaciones/2026/01/13/44347/01/2752544.pdf,https://www.diariooficial.interior.gob.cl/edicionelectronica/index.php?date=13-01-2026&edition=44347
13-01-2026,44347,NORMAS GENERALES,Extracto de Estudio de Impacto Ambiental proyecto Parque Eólico Trumao,CVE-2753355,https://www.diariooficial.interior.gob.cl/publicaciones/2026/01/13/44347/01/2753355.pdf,https://www.diariooficial.interior.gob.cl/edicionelectronica/index.php?date=13-01-2026&edition=44347
13-01-2026,44347,NORMAS GENERALES,"Resolución exenta número 22, de 2025.- Aprueba Memorando de Entendimiento suscrito entre el Ministerio de las Culturas, las Artes y el Patrimonio de la República de Chile y el Ministerio de Cultura de la República Federativa del Brasil",CVE-2748687,https://www.diariooficial.interior.gob.cl/publicaciones/2026/01/13/44347/01/2748687.pdf,https://www.diariooficial.interior.gob.cl/edicionelectronica/index.php?date=13-01-2026&edition=44347
13-01-2026,44347,NORMAS GENERALES,"Resolución exenta número 23, de 2025.- Aprueba Memorando de Entendimiento sobre Cooperación Cinematográfica entre el Ministerio de las Culturas, las Artes y el Patrimonio de la República de Chile y el Ministerio de Cultura, Deportes y Turismo de la República de Corea",CVE-2748686,https://www.diariooficial.interior.gob.cl/publicaciones/2026/01/13/44347/01/2748686.pdf,https://www.diariooficial.interior.gob.cl/edicionelectronica/index.php?date=13-01-2026&edition=44347
13-01-2026,44347,NORMAS GENERALES,"Resolución exenta número 27, de 2025.- Aprueba Convenio marco de cooperación suscrito entre el Ministerio de las Culturas, las Artes y el Patrimonio de Chile y la Organización de Estados Iberoamericanos para la Educación, la Ciencia y la Cultura",CVE-2748688,https://www.diariooficial.interior.gob.cl/publicaciones/2026/01/13/44347/01/2748688.pdf,https://www.diariooficial.interior.gob.cl/edicionelectronica/index.php?date=13-01-2026&edition=44347
13-01-2026,44347,NORMAS GENERALES,Certificado Tipos de cambio y paridades de monedas extranjeras para efectos que señala,CVE-2754873,https://www.diariooficial.interior.gob.cl/publicaciones/2026/01/13/44347/01/2754873.pdf,https://www.diariooficial.interior.gob.cl/edicionelectronica/index.php?date=13-01-2026&edition=44347
13-01-2026,44347,NORMAS GENERALES,"Decreto alcaldicio número 1.801, de 2025.- Aprueba Ordenanza sobre humedades urbanos",CVE-2748681,https://www.diariooficial.interior.gob.cl/publicaciones/2026/01/13/44347/01/2748681.pdf,https://www.diariooficial.interior.gob.cl/edicionelectronica/index.php?date=13-01-2026&edition=44347
14-01-2026,44348,NORMAS GENERALES,"Ley número 21.793.- Modifica la Ley N° 18.290, de Tránsito, con el objeto de facultar al Ministerio de Transportes y Telecomunicaciones para autorizar establecimientos o talleres que realicen transformación de sistemas de propulsión de combustión interna a eléctricos, y otras adaptaciones, a vehículos motorizados en uso",CVE-2753398,https://www.diariooficial.interior.gob.cl/publicaciones/2026/01/14/44348/01/2753398.pdf,https://www.diariooficial.interior.gob.cl/edicionelectronica/index.php?date=14-01-2026&edition=44348
14-01-2026,44348,NORMAS GENERALES,"Decreto exento número 11, de 2026.- Determina el componente variable para el cálculo del impuesto específico establecido en la ley N° 18.502",CVE-2755565,https://www.diariooficial.interior.gob.cl/publicaciones/2026/01/14/44348/01/2755565.pdf,https://www.diariooficial.interior.gob.cl/edicionelectronica/index.php?date=14-01-2026&edition=44348
14-01-2026,44348,NORMAS GENERALES,"Resolución exenta número 1, de 2026.- Autoriza eliminación de carpetas de causas penales de la Defensoría Regional de la Araucanía",CVE-2753390,https://www.diariooficial.interior.gob.cl/publicaciones/2026/01/14/44348/01/2753390.pdf,https://www.diariooficial.interior.gob.cl/edicionelectronica/index.php?date=14-01-2026&edition=44348
14-01-2026,44348,NORMAS GENERALES,"Decreto número 29, de 2024.- Aprueba Reglamento Sanitario sobre Labores de Recepción y Almacenamiento de Residuos de Productos Prioritarios",CVE-2748564,https://www.diariooficial.interior.gob.cl/publicaciones/2026/01/14/44348/01/2748564.pdf,https://www.diariooficial.interior.gob.cl/edicionelectronica/index.php?date=14-01-2026&edition=44348
14-01-2026,44348,NORMAS GENERALES,"Decreto exento número RA 272/62/2025, de 2025.- Establece orden de subrogación",CVE-2752579,https://www.diariooficial.interior.gob.cl/publicaciones/2026/01/14/44348/01/2752579.pdf,https://www.diariooficial.interior.gob.cl/edicionelectronica/index.php?date=14-01-2026&edition=44348
14-01-2026,44348,NORMAS GENERALES,"Resolución exenta número 1.355, de 2025.- Declara admisibles, elegibles y seleccionadas las propuestas de localidades que indica, en el marco del llamado a formulación de propuestas para concurso de selección regional para la ejecución del Programa para Pequeñas Localidades en la Región del Libertador General Bernardo O'Higgins",CVE-2748852,https://www.diariooficial.interior.gob.cl/publicaciones/2026/01/14/44348/01/2748852.pdf,https://www.diariooficial.interior.gob.cl/edicionelectronica/index.php?date=14-01-2026&edition=44348
14-01-2026,44348,NORMAS GENERALES,"Decreto número 112, de 2025.- Regula la definición de los programas de operación de transporte público establecidos de acuerdo con lo dispuesto en el literal b) del artículo cuarto transitorio",CVE-2753588,https://www.diariooficial.interior.gob.cl/publicaciones/2026/01/14/44348/01/2753588.pdf,https://www.diariooficial.interior.gob.cl/edicionelectronica/index.php?date=14-01-2026&edition=44348
14-01-2026,44348,NORMAS GENERALES,"Decreto número 79, de 2020.- Aprueba Reglamento de Servicio de Gas de Red y de Distribución de Gas Licuado a Granel y deroga decreto N° 67, de 2004, del Ministerio de Economía, Fomento y Reconstrucción",CVE-2750541,https://www.diariooficial.interior.gob.cl/publicaciones/2026/01/14/44348/01/2750541.pdf,https://www.diariooficial.interior.gob.cl/edicionelectronica/index.php?date=14-01-2026&edition=44348
14-01-2026,44348,NORMAS GENERALES,"Decreto exento número 11, de 2026.- Determina precios de referencia para combustibles derivados del petróleo",CVE-2755615,https://www.diariooficial.interior.gob.cl/publicaciones/2026/01/14/44348/01/2755615.pdf,https://www.diariooficial.interior.gob.cl/edicionelectronica/index.php?date=14-01-2026&edition=44348
14-01-2026,44348,NORMAS GENERALES,"Decreto exento número 12, de 2026.- Fija precios de paridad para combustibles derivados del petróleo",CVE-2755616,https://www.diariooficial.interior.gob.cl/publicaciones/2026/01/14/44348/01/2755616.pdf,https://www.diariooficial.interior.gob.cl/edicionelectronica/index.php?date=14-01-2026&edition=44348
14-01-2026,44348,NORMAS GENERALES,"Decreto exento número 13, de 2026.- Fija precios de referencia y paridad para kerosene doméstico",CVE-2755617,https://www.diariooficial.interior.gob.cl/publicaciones/2026/01/14/44348/01/2755617.pdf,https://www.diariooficial.interior.gob.cl/edicionelectronica/index.php?date=14-01-2026&edition=44348
14-01-2026,44348,NORMAS GENERALES,"Extracto de resolución exenta número 3, de 2026.- Pone término al Proceso de Evaluación Ambiental Estratégica aplicado al Plan Estratégico de Energía de la Región de Magallanes y la Antártica Chilena",CVE-2755140,https://www.diariooficial.interior.gob.cl/publicaciones/2026/01/14/44348/01/2755140.pdf,https://www.diariooficial.interior.gob.cl/edicionelectronica/index.php?date=14-01-2026&edition=44348
14-01-2026,44348,NORMAS GENERALES,"Resolución exenta número 9.639, de 2025.- Reconoce, por solicitud municipal, Humedal Urbano Estuario Los Molles",CVE-2752568,https://www.diariooficial.interior.gob.cl/publicaciones/2026/01/14/44348/01/2752568.pdf,https://www.diariooficial.interior.gob.cl/edicionelectronica/index.php?date=14-01-2026&edition=44348
14-01-2026,44348,NORMAS GENERALES,"Extracto de resolución exenta número 9.579, de 2025.- Aprueba propuesta de Plan de Manejo del Área de Conservación de Múltiples Usos (ACMU) de Tortel y la somete a consulta pública",CVE-2753307,https://www.diariooficial.interior.gob.cl/publicaciones/2026/01/14/44348/01/2753307.pdf,https://www.diariooficial.interior.gob.cl/edicionelectronica/index.php?date=14-01-2026&edition=44348
14-01-2026,44348,NORMAS GENERALES,"Resolución exenta número 24, de 2025.- Aprueba Programa de Intercambio Cultural entre el Ministerio de las Culturas, las Artes y el Patrimonio de la República de Chile y el Ministerio de Cultura del Gobierno de la Republica de la India",CVE-2748685,https://www.diariooficial.interior.gob.cl/publicaciones/2026/01/14/44348/01/2748685.pdf,https://www.diariooficial.interior.gob.cl/edicionelectronica/index.php?date=14-01-2026&edition=44348
14-01-2026,44348,NORMAS GENERALES,"Resolución exenta número 25, de 2025.- Aprueba Carta de Intenciones suscrita entre el Ministerio de las Culturas, las Artes y el Patrimonio de la República de Chile y el Ministerio de Cultura del Reino de España para la colaboración en materia de memoria y cultura",CVE-2748684,https://www.diariooficial.interior.gob.cl/publicaciones/2026/01/14/44348/01/2748684.pdf,https://www.diariooficial.interior.gob.cl/edicionelectronica/index.php?date=14-01-2026&edition=44348
14-01-2026,44348,NORMAS GENERALES,"Resolución exenta número 26, de 2025.- Aprueba memorándum de entendimiento suscrito entre el Ministerio de las Culturas, las Artes y el Patrimonio de la República de Chile y la Secretaría Nacional de Cultura de la República del Paraguay",CVE-2748683,https://www.diariooficial.interior.gob.cl/publicaciones/2026/01/14/44348/01/2748683.pdf,https://www.diariooficial.interior.gob.cl/edicionelectronica/index.php?date=14-01-2026&edition=44348
14-01-2026,44348,NORMAS GENERALES,"Resolución exenta número 28, de 2025.- Aprueba Programa de Cooperación Cultural entre el Ministerio de las Culturas, las Artes y el Patrimonio de la República de Chile y el Ministerio de Cultura, Deportes y Turismo de la República Socialista de Vietnam para los Años 2024-2026",CVE-2748682,https://www.diariooficial.interior.gob.cl/publicaciones/2026/01/14/44348/01/2748682.pdf,https://www.diariooficial.interior.gob.cl/edicionelectronica/index.php?date=14-01-2026&edition=44348
14-01-2026,44348,NORMAS GENERALES,Certificado Tipos de cambio y paridades de monedas extranjeras para efectos que señala,CVE-2755568,https://www.diariooficial.interior.gob.cl/publicaciones/2026/01/14/44348/01/2755568.pdf,https://www.diariooficial.interior.gob.cl/edicionelectronica/index.php?date=14-01-2026&edition=44348
15-01-2026,44349,NORMAS GENERALES,"Certificado número 1, de 2026.- Determina interés corriente por el lapso que indica",CVE-2755383,https://www.diariooficial.interior.gob.cl/publicaciones/2026/01/15/44349/01/2755383.pdf,https://www.diariooficial.interior.gob.cl/edicionelectronica/index.php?date=15-01-2026&edition=44349
15-01-2026,44349,NORMAS GENERALES,"Resolución exenta número 24, de 2026.- Modifica bases del instrumento de financiamiento denominado Semilla Expande y aprueba su nuevo texto",CVE-2754049,https://www.diariooficial.interior.gob.cl/publicaciones/2026/01/15/44349/01/2754049.pdf,https://www.diariooficial.interior.gob.cl/edicionelectronica/index.php?date=15-01-2026&edition=44349
15-01-2026,44349,NORMAS GENERALES,"Resolución exenta número 5.357, de 2025.- Fija listado de derechos de aprovechamiento de aguas afectos al pago de patente a beneficio fiscal por no utilización de las aguas, proceso 2026",CVE-2751192,https://www.diariooficial.interior.gob.cl/publicaciones/2026/01/15/44349/01/2751192.pdf,https://www.diariooficial.interior.gob.cl/edicionelectronica/index.php?date=15-01-2026&edition=44349
15-01-2026,44349,NORMAS GENERALES,"Resolución exenta número 2.063, de 2025.- Declara desierto concurso público para proveer el cargo de jefatura de departamento grado 5 EUR, con desempeño en el Departamento de Administración y Finanzas, del Servicio de Vivienda y Urbanización de la Región del Libertador Bernardo O'Higgins (ID 3300)",CVE-2754138,https://www.diariooficial.interior.gob.cl/publicaciones/2026/01/15/44349/01/2754138.pdf,https://www.diariooficial.interior.gob.cl/edicionelectronica/index.php?date=15-01-2026&edition=44349
15-01-2026,44349,NORMAS GENERALES,"Extracto de resolución exenta número 2026021012, de 2026.- Informa sobre término de proceso de consulta a pueblos indígenas del Estudio de Impacto Ambiental del proyecto Desarrollo Futuro DMH",CVE-2754056,https://www.diariooficial.interior.gob.cl/publicaciones/2026/01/15/44349/01/2754056.pdf,https://www.diariooficial.interior.gob.cl/edicionelectronica/index.php?date=15-01-2026&edition=44349
15-01-2026,44349,NORMAS GENERALES,"Extracto de resolución exenta número 202508101439, de 2025.- Resuelve procedimiento administrativo de invalidación parcial en contra de la resolución exenta Nº 202408101446 de 2024, que resuelve iniciar un proceso de consulta a pueblos indígenas, en el Proceso de Evaluación Ambiental del EIA del Proyecto de Desarrollo Minero de Extracción de Arcillas para Producción de Concentrado de Tierras Raras",CVE-2755203,https://www.diariooficial.interior.gob.cl/publicaciones/2026/01/15/44349/01/2755203.pdf,https://www.diariooficial.interior.gob.cl/edicionelectronica/index.php?date=15-01-2026&edition=44349
15-01-2026,44349,NORMAS GENERALES,Certificado Tipos de cambio y paridades de monedas extranjeras para efectos que señala,CVE-2756194,https://www.diariooficial.interior.gob.cl/publicaciones/2026/01/15/44349/01/2756194.pdf,https://www.diariooficial.interior.gob.cl/edicionelectronica/index.php?date=15-01-2026&edition=44349
15-01-2026,44349,NORMAS GENERALES,"Decreto alcaldicio número SECMUN-00056/2026, de 2026.- Dispone postergación de otorgamiento de permisos que indica",CVE-2754558,https://www.diariooficial.interior.gob.cl/publicaciones/2026/01/15/44349/01/2754558.pdf,https://www.diariooficial.interior.gob.cl/edicionelectronica/index.php?date=15-01-2026&edition=44349
16-01-2026,44350,NORMAS GENERALES,"Decreto número 4, de 2025.- Modifica decreto Nº 1, de 2024, que establece disposiciones para el nombramiento y concurrencia de alumnos a los programas que imparte la Academia Nacional de Estudios Políticos y Estratégicos para el año 2025, que se indican",CVE-2750479,https://www.diariooficial.interior.gob.cl/publicaciones/2026/01/16/44350/01/2750479.pdf,https://www.diariooficial.interior.gob.cl/edicionelectronica/index.php?date=16-01-2026&edition=44350
16-01-2026,44350,NORMAS GENERALES,"Extracto de resolución número 5.415, de 2025.- Prorroga plazo por seis meses para la autorización para realizar mediciones en los embarques de petróleo crudo transportado vía Oleoducto Transandino Chile S.A., y la emisión de los Informes Diarios de Recepción e Informe Mensual de Entregas",CVE-2750476,https://www.diariooficial.interior.gob.cl/publicaciones/2026/01/16/44350/01/2750476.pdf,https://www.diariooficial.interior.gob.cl/edicionelectronica/index.php?date=16-01-2026&edition=44350
16-01-2026,44350,NORMAS GENERALES,"Resolución exenta número 672, de 2025.- Fija nuevo avalúo por gramo de metales nobles para los créditos del rubro alhajas por el periodo que se indica",CVE-2750734,https://www.diariooficial.interior.gob.cl/publicaciones/2026/01/16/44350/01/2750734.pdf,https://www.diariooficial.interior.gob.cl/edicionelectronica/index.php?date=16-01-2026&edition=44350
16-01-2026,44350,NORMAS GENERALES,"Decreto número 40, de 2025.- Modifica decreto Nº 594, de 1999, que aprueba el Reglamento sobre condiciones sanitarias y ambientales básicas en los lugares de trabajo",CVE-2749490,https://www.diariooficial.interior.gob.cl/publicaciones/2026/01/16/44350/01/2749490.pdf,https://www.diariooficial.interior.gob.cl/edicionelectronica/index.php?date=16-01-2026&edition=44350
16-01-2026,44350,NORMAS GENERALES,"Decreto exento número 60, de 2025.- Aprueba Norma Técnica Nº 254 para la Comunicación de la objeción de conciencia individual e institucional en relación con la ley Nº 21.030",CVE-2749491,https://www.diariooficial.interior.gob.cl/publicaciones/2026/01/16/44350/01/2749491.pdf,https://www.diariooficial.interior.gob.cl/edicionelectronica/index.php?date=16-01-2026&edition=44350
16-01-2026,44350,NORMAS GENERALES,"Rectificación Decreto número 29, de 2025.- Aprueba garantías explícitas en salud del Régimen General de Garantías en Salud",CVE-2748196,https://www.diariooficial.interior.gob.cl/publicaciones/2026/01/16/44350/01/2748196.pdf,https://www.diariooficial.interior.gob.cl/edicionelectronica/index.php?date=16-01-2026&edition=44350
16-01-2026,44350,NORMAS GENERALES,"Decreto número 26, de 2025.- Sanciona comisión de servicio de doña Gabriela Elgueta Poblete, Subsecretaria de Vivienda y Urbanismo, a la ciudad de Mar del Plata, Argentina",CVE-2754751,https://www.diariooficial.interior.gob.cl/publicaciones/2026/01/16/44350/01/2754751.pdf,https://www.diariooficial.interior.gob.cl/edicionelectronica/index.php?date=16-01-2026&edition=44350
16-01-2026,44350,NORMAS GENERALES,"Decreto número 114, de 2025.- Modifica decreto Nº 53, de 1984, que dicta normas para la placa patente única de vehículos motorizados",CVE-2754777,https://www.diariooficial.interior.gob.cl/publicaciones/2026/01/16/44350/01/2754777.pdf,https://www.diariooficial.interior.gob.cl/edicionelectronica/index.php?date=16-01-2026&edition=44350
16-01-2026,44350,NORMAS GENERALES,"Resolución exenta número 5.856, de 2025.- Autoriza experiencia de prueba para la implementación de cintas LED en el cruce semaforizado peatonal que indica, de la comuna de Estación Central, Región Metropolitana",CVE-2754991,https://www.diariooficial.interior.gob.cl/publicaciones/2026/01/16/44350/01/2754991.pdf,https://www.diariooficial.interior.gob.cl/edicionelectronica/index.php?date=16-01-2026&edition=44350
16-01-2026,44350,NORMAS GENERALES,"Resolución exenta número 5.898, de 2025.- Delega en funcionarios que indica la facultad para otorgar las autorizaciones de transporte internacional terrestre que señala, y deja sin efecto resolución N° 733 exenta, de 2025",CVE-2754833,https://www.diariooficial.interior.gob.cl/publicaciones/2026/01/16/44350/01/2754833.pdf,https://www.diariooficial.interior.gob.cl/edicionelectronica/index.php?date=16-01-2026&edition=44350
16-01-2026,44350,NORMAS GENERALES,"Resolución exenta número 23, de 2026.- Rectifica resolución N° 2.263 exenta, de 2025, en el sentido que indica",CVE-2754835,https://www.diariooficial.interior.gob.cl/publicaciones/2026/01/16/44350/01/2754835.pdf,https://www.diariooficial.interior.gob.cl/edicionelectronica/index.php?date=16-01-2026&edition=44350
16-01-2026,44350,NORMAS GENERALES,"Resolución exenta número 2.723, de 2025.- Aprueba proyecto de ciclovía en calle Patricio Lynch, comuna de Los Ángeles",CVE-2755010,https://www.diariooficial.interior.gob.cl/publicaciones/2026/01/16/44350/01/2755010.pdf,https://www.diariooficial.interior.gob.cl/edicionelectronica/index.php?date=16-01-2026&edition=44350
16-01-2026,44350,NORMAS GENERALES,"Decreto número 35, de 2025.- Modifica decreto Nº 200 exento, de 2022, y modifica decreto Nº 2T, de 2025",CVE-2754328,https://www.diariooficial.interior.gob.cl/publicaciones/2026/01/16/44350/01/2754328.pdf,https://www.diariooficial.interior.gob.cl/edicionelectronica/index.php?date=16-01-2026&edition=44350
16-01-2026,44350,NORMAS GENERALES,"Decreto exento número 326, de 2025.- Fija nuevo valor de inversión y valores de las componentes del nuevo valor anual de la transmisión por tramo de la obra Ampliación en S/E Ana María y Seccionamiento Línea 2x220 kV Frontera -María Elena, sus fórmulas de indexación y actualiza cronograma de ejecución",CVE-2754849,https://www.diariooficial.interior.gob.cl/publicaciones/2026/01/16/44350/01/2754849.pdf,https://www.diariooficial.interior.gob.cl/edicionelectronica/index.php?date=16-01-2026&edition=44350
16-01-2026,44350,NORMAS GENERALES,"Decreto exento número 328, de 2025.- Fija nuevo valor de inversión y valores de las componentes del nuevo valor anual de la transmisión por tramo de la obra Ampliación en S/E Mulchén y seccionamiento Línea 1x220 kV Charrúa-Temuco, sus fórmulas de indexación y actualiza cronograma de ejecución",CVE-2754845,https://www.diariooficial.interior.gob.cl/publicaciones/2026/01/16/44350/01/2754845.pdf,https://www.diariooficial.interior.gob.cl/edicionelectronica/index.php?date=16-01-2026&edition=44350
16-01-2026,44350,NORMAS GENERALES,"Decreto exento número 329, de 2025.- Fija nuevo valor de inversión y valores de las componentes del nuevo valor anual de la transmisión por tramo de la obra Aumento de Capacidad Líneas 2x220 kV Frontera - María Elena y 2x220 kV María Elena - Kimal, sus fórmulas de indexación y actualiza cronograma de ejecución",CVE-2754841,https://www.diariooficial.interior.gob.cl/publicaciones/2026/01/16/44350/01/2754841.pdf,https://www.diariooficial.interior.gob.cl/edicionelectronica/index.php?date=16-01-2026&edition=44350
16-01-2026,44350,NORMAS GENERALES,"Resolución exenta número 9.638, de 2025.- Reconoce, por solicitud municipal, Humedal Urbano Río Mapocho",CVE-2752608,https://www.diariooficial.interior.gob.cl/publicaciones/2026/01/16/44350/01/2752608.pdf,https://www.diariooficial.interior.gob.cl/edicionelectronica/index.php?date=16-01-2026&edition=44350
16-01-2026,44350,NORMAS GENERALES,"Extracto de resolución exenta número 2026140011, de 2026.- Inicia nuevo proceso de participación ciudadana en Declaración de Impacto Ambiental del proyecto Nuevo Desarrollo Inmobiliario Bahía Coique",CVE-2754272,https://www.diariooficial.interior.gob.cl/publicaciones/2026/01/16/44350/01/2754272.pdf,https://www.diariooficial.interior.gob.cl/edicionelectronica/index.php?date=16-01-2026&edition=44350
16-01-2026,44350,NORMAS GENERALES,"Decreto número 43, de 2025.- Otorga Premio Nacional de Literatura-Narrativa 2025 a don Ramón Díaz Eterovic",CVE-2749479,https://www.diariooficial.interior.gob.cl/publicaciones/2026/01/16/44350/01/2749479.pdf,https://www.diariooficial.interior.gob.cl/edicionelectronica/index.php?date=16-01-2026&edition=44350
16-01-2026,44350,NORMAS GENERALES,"Decreto número 44, de 2025.- Otorga Premio Nacional de Artes Plásticas 2025 a don Alejandro González González (Alejandro Mono González)",CVE-2749480,https://www.diariooficial.interior.gob.cl/publicaciones/2026/01/16/44350/01/2749480.pdf,https://www.diariooficial.interior.gob.cl/edicionelectronica/index.php?date=16-01-2026&edition=44350
16-01-2026,44350,NORMAS GENERALES,"Decreto número 45, de 2025.- Otorga Premio Nacional de Artes de la Representación y Audiovisuales 2025 a don Jaime Patricio Vadell Amión",CVE-2749478,https://www.diariooficial.interior.gob.cl/publicaciones/2026/01/16/44350/01/2749478.pdf,https://www.diariooficial.interior.gob.cl/edicionelectronica/index.php?date=16-01-2026&edition=44350
16-01-2026,44350,NORMAS GENERALES,"Acta número 1, de 2026.- Auto Acordado que crea la Unidad de Control de la Gestión Administrativa de la Corte Suprema",CVE-2752379,https://www.diariooficial.interior.gob.cl/publicaciones/2026/01/16/44350/01/2752379.pdf,https://www.diariooficial.interior.gob.cl/edicionelectronica/index.php?date=16-01-2026&edition=44350
16-01-2026,44350,NORMAS GENERALES,Certificado Tipos de cambio y paridades de monedas extranjeras para efectos que señala,CVE-2756890,https://www.diariooficial.interior.gob.cl/publicaciones/2026/01/16/44350/01/2756890.pdf,https://www.diariooficial.interior.gob.cl/edicionelectronica/index.php?date=16-01-2026&edition=44350
16-01-2026,44350,NORMAS GENERALES,"Complementación de publicación en el Diario Oficial de decreto alcaldicio N° 3.807, de 2025",CVE-2755873,https://www.diariooficial.interior.gob.cl/publicaciones/2026/01/16/44350/01/2755873.pdf,https://www.diariooficial.interior.gob.cl/edicionelectronica/index.php?date=16-01-2026&edition=44350
17-01-2026,44351,NORMAS GENERALES,"Extracto de resolución exenta número 5.448, de 2025.- Modifica resolución Nº 7.591 exenta, de 2012",CVE-2750555,https://www.diariooficial.interior.gob.cl/publicaciones/2026/01/17/44351/01/2750555.pdf,https://www.diariooficial.interior.gob.cl/edicionelectronica/index.php?date=17-01-2026&edition=44351
17-01-2026,44351,NORMAS GENERALES,"Decreto exento número 10, de 2026.- Fija obras necesarias y urgentes correspondientes al año 2025, de acuerdo con el artículo 91° bis de la Ley General de Servicios Eléctricos, para iniciar su proceso de licitación",CVE-2755252,https://www.diariooficial.interior.gob.cl/publicaciones/2026/01/17/44351/01/2755252.pdf,https://www.diariooficial.interior.gob.cl/edicionelectronica/index.php?date=17-01-2026&edition=44351
17-01-2026,44351,NORMAS GENERALES,"Resolución exenta número 9.633, de 2025.- Inicia procedimiento de elaboración del anteproyecto de la norma de emisión de metano",CVE-2754792,https://www.diariooficial.interior.gob.cl/publicaciones/2026/01/17/44351/01/2754792.pdf,https://www.diariooficial.interior.gob.cl/edicionelectronica/index.php?date=17-01-2026&edition=44351
17-01-2026,44351,NORMAS GENERALES,"Resolución exenta número 9.634, de 2025.- Da inicio al procedimiento de elaboración del anteproyecto de la Norma de Emisión de Hidrofluorocarbonos",CVE-2754791,https://www.diariooficial.interior.gob.cl/publicaciones/2026/01/17/44351/01/2754791.pdf,https://www.diariooficial.interior.gob.cl/edicionelectronica/index.php?date=17-01-2026&edition=44351
17-01-2026,44351,NORMAS GENERALES,"Resolución exenta número E891, de 2025.- Aprueba texto de las recomendaciones del Consejo para la Transparencia sobre Gestión Documental en el marco del ejercicio del derecho de acceso a la información pública",CVE-2748863,https://www.diariooficial.interior.gob.cl/publicaciones/2026/01/17/44351/01/2748863.pdf,https://www.diariooficial.interior.gob.cl/edicionelectronica/index.php?date=17-01-2026&edition=44351
18-01-2026,44352-B,NORMAS GENERALES,"Decreto número 2, de 2026.- Declara estado de excepción constitucional de catástrofe en la Región de Ñuble",CVE-2757409,https://www.diariooficial.interior.gob.cl/publicaciones/2026/01/18/44352-B/01/2757409.pdf,https://www.diariooficial.interior.gob.cl/edicionelectronica/index.php?date=18-01-2026&edition=44352-B&v=1
18-01-2026,44352-B,NORMAS GENERALES,"Decreto número 3, de 2026.- Declara estado de excepción constitucional de catástrofe en la Región del Biobío",CVE-2757408,https://www.diariooficial.interior.gob.cl/publicaciones/2026/01/18/44352-B/01/2757408.pdf,https://www.diariooficial.interior.gob.cl/edicionelectronica/index.php?date=18-01-2026&edition=44352-B&v=1
18-01-2026,44352-C,NORMAS GENERALES,"Decreto número 4, de 2026.- Declara como zona afectada por catástrofe a la Región de Ñuble; ratifica medidas que señala y designa autoridad con atribuciones que indica",CVE-2757406,https://www.diariooficial.interior.gob.cl/publicaciones/2026/01/18/44352-C/01/2757406.pdf,https://www.diariooficial.interior.gob.cl/edicionelectronica/index.php?date=18-01-2026&edition=44352-C&v=2
18-01-2026,44352-C,NORMAS GENERALES,"Decreto número 5, de 2026.- Declara como zonas afectadas por catástrofe a las comunas de Concepción, Penco y Tomé, todas de la Región del Biobío; ratifica medidas que señala y designa autoridad con atribuciones que indica",CVE-2757407,https://www.diariooficial.interior.gob.cl/publicaciones/2026/01/18/44352-C/01/2757407.pdf,https://www.diariooficial.interior.gob.cl/edicionelectronica/index.php?date=18-01-2026&edition=44352-C&v=2
18-01-2026,44352-D,NORMAS GENERALES,"Decreto número 2, de 2026.- Decreta alerta sanitaria y otorga facultades extraordinarias que señala, por emergencia provocada por incendios en las Regiones de Ñuble y Biobío",CVE-2757420,https://www.diariooficial.interior.gob.cl/publicaciones/2026/01/18/44352-D/01/2757420.pdf,https://www.diariooficial.interior.gob.cl/edicionelectronica/index.php?date=18-01-2026&edition=44352-D&v=3
19-01-2026,44353,NORMAS GENERALES,"Extracto de resolución N° 12600/06/450 Vrs. y Nº 12600/03/464 Vrs., ambas de 2025.- Aprueba y actualiza circulares que se indican",CVE-2750574,https://www.diariooficial.interior.gob.cl/publicaciones/2026/01/19/44353/01/2750574.pdf,https://www.diariooficial.interior.gob.cl/edicionelectronica/index.php?date=19-01-2026&edition=44353&v=1
19-01-2026,44353,NORMAS GENERALES,"Decreto número 1.078, de 2025.- Nombra a doña Constanza Oyanguren Alviña como juez integrante del Tribunal de Contratación Pública, en calidad de suplente",CVE-2755409,https://www.diariooficial.interior.gob.cl/publicaciones/2026/01/19/44353/01/2755409.pdf,https://www.diariooficial.interior.gob.cl/edicionelectronica/index.php?date=19-01-2026&edition=44353&v=1
19-01-2026,44353,NORMAS GENERALES,"Resolución número 4.622, de 2025.- Asigna a doña Irma Dianella Ojeda Riquelme la función de abogado en el Servicio de Tesorerías",CVE-2752676,https://www.diariooficial.interior.gob.cl/publicaciones/2026/01/19/44353/01/2752676.pdf,https://www.diariooficial.interior.gob.cl/edicionelectronica/index.php?date=19-01-2026&edition=44353&v=1
19-01-2026,44353,NORMAS GENERALES,"Decreto exento número DEXE202600001, de 2026.- Modifica polígono de la zona de interés turístico San José de Maipo",CVE-2752668,https://www.diariooficial.interior.gob.cl/publicaciones/2026/01/19/44353/01/2752668.pdf,https://www.diariooficial.interior.gob.cl/edicionelectronica/index.php?date=19-01-2026&edition=44353&v=1
19-01-2026,44353,NORMAS GENERALES,"Decreto exento número 1.508, de 2025.- Individualiza a personal que se traspasará desde las Municipalidades de Quinta Normal y Renca al Servicio Local de Educación Pública de Los Parques, según lo dispuesto en el artículo trigésimo noveno transitorio de la ley N° 21.040",CVE-2750566,https://www.diariooficial.interior.gob.cl/publicaciones/2026/01/19/44353/01/2750566.pdf,https://www.diariooficial.interior.gob.cl/edicionelectronica/index.php?date=19-01-2026&edition=44353&v=1
19-01-2026,44353,NORMAS GENERALES,"Decreto número 129, de 2025.- Modifica decreto Nº 200, de 2017, que aprueba el Reglamento para el otorgamiento de la bonificación adicional por retiro al personal no académico ni profesional de las universidades del Estado y faculta a éstas para conceder otros beneficios transitorios establecidos en la ley Nº 20.996, y regula los artículos 89 y 91 de la ley Nº 21.724",CVE-2750700,https://www.diariooficial.interior.gob.cl/publicaciones/2026/01/19/44353/01/2750700.pdf,https://www.diariooficial.interior.gob.cl/edicionelectronica/index.php?date=19-01-2026&edition=44353&v=1
19-01-2026,44353,NORMAS GENERALES,"Decreto número 62, de 2025.- Modifica decreto Nº 98, de 2023, que aprueba Plan Nacional de Búsqueda de Verdad y Justicia respecto de las personas víctimas de desaparición forzada ocurrida en Chile entre el 11 de septiembre de 1973 y el 10 de marzo de 1990, designa al Programa de Derechos Humanos como órgano ejecutor y crea el Comité de Seguimiento y Participación",CVE-2752401,https://www.diariooficial.interior.gob.cl/publicaciones/2026/01/19/44353/01/2752401.pdf,https://www.diariooficial.interior.gob.cl/edicionelectronica/index.php?date=19-01-2026&edition=44353&v=1
19-01-2026,44353,NORMAS GENERALES,"Decreto exento número 85, de 2025.- Aprueba el Programa del Fondo Único de Prestaciones Familiares y Subsidios de Cesantía para el ejercicio del año 2026",CVE-2749784,https://www.diariooficial.interior.gob.cl/publicaciones/2026/01/19/44353/01/2749784.pdf,https://www.diariooficial.interior.gob.cl/edicionelectronica/index.php?date=19-01-2026&edition=44353&v=1
19-01-2026,44353,NORMAS GENERALES,"Resolución exenta número 1.692, de 2025.- Autoriza comercialización de productos de tabaco que indica, comercializados por la empresa E & A Habanos y Puros SpA",CVE-2752388,https://www.diariooficial.interior.gob.cl/publicaciones/2026/01/19/44353/01/2752388.pdf,https://www.diariooficial.interior.gob.cl/edicionelectronica/index.php?date=19-01-2026&edition=44353&v=1
19-01-2026,44353,NORMAS GENERALES,"Resolución exenta número 1.693, de 2025.- Autoriza comercialización de productos de tabaco que indica comercializados por la empresa C&C Servicios Eventos y Arriendo Equipos SpA",CVE-2752389,https://www.diariooficial.interior.gob.cl/publicaciones/2026/01/19/44353/01/2752389.pdf,https://www.diariooficial.interior.gob.cl/edicionelectronica/index.php?date=19-01-2026&edition=44353&v=1
19-01-2026,44353,NORMAS GENERALES,"Decreto número 14, de 2025.- Modifica decreto N° 21 de 2024, que determina aporte estatal a municipalidades que indica, para sus entidades administradoras de salud municipal",CVE-2752655,https://www.diariooficial.interior.gob.cl/publicaciones/2026/01/19/44353/01/2752655.pdf,https://www.diariooficial.interior.gob.cl/edicionelectronica/index.php?date=19-01-2026&edition=44353&v=1
19-01-2026,44353,NORMAS GENERALES,"Resolución exenta número 5.201, de 2025.- Delega facultad que indica en directores de hospitales que señala",CVE-2750884,https://www.diariooficial.interior.gob.cl/publicaciones/2026/01/19/44353/01/2750884.pdf,https://www.diariooficial.interior.gob.cl/edicionelectronica/index.php?date=19-01-2026&edition=44353&v=1
19-01-2026,44353,NORMAS GENERALES,"Resolución exenta número 1.302, de 2025.- Establece medidas sanitarias ante episodios de altas temperaturas",CVE-2755976,https://www.diariooficial.interior.gob.cl/publicaciones/2026/01/19/44353/01/2755976.pdf,https://www.diariooficial.interior.gob.cl/edicionelectronica/index.php?date=19-01-2026&edition=44353&v=1
19-01-2026,44353,NORMAS GENERALES,"Decreto exento número 1, de 2026.- Establece orden de subrogación del cargo de Director(a) Nacional del Servicio Nacional de Geología y Minería",CVE-2752460,https://www.diariooficial.interior.gob.cl/publicaciones/2026/01/19/44353/01/2752460.pdf,https://www.diariooficial.interior.gob.cl/edicionelectronica/index.php?date=19-01-2026&edition=44353&v=1
19-01-2026,44353,NORMAS GENERALES,"Extracto de resolución número 36, de 2025.- Extiende vigencia de la tasa adicional transitoria que indica",CVE-2755726,https://www.diariooficial.interior.gob.cl/publicaciones/2026/01/19/44353/01/2755726.pdf,https://www.diariooficial.interior.gob.cl/edicionelectronica/index.php?date=19-01-2026&edition=44353&v=1
19-01-2026,44353,NORMAS GENERALES,"Resolución exenta número 51, de 2025.- Deja sin efecto resolución N° 6 exenta, de 2024, que deja sin efecto resolución N° 90 exenta, de 2023, del Gobierno Regional de Tarapacá, prohíbe circulación de vehículos que indica y establece nuevo horario de restricción de vehículos pesados",CVE-2755733,https://www.diariooficial.interior.gob.cl/publicaciones/2026/01/19/44353/01/2755733.pdf,https://www.diariooficial.interior.gob.cl/edicionelectronica/index.php?date=19-01-2026&edition=44353&v=1
19-01-2026,44353,NORMAS GENERALES,"Resolución exenta número 2.722, de 2025.- Prohíbe circulación de toda clase de vehículos motorizados en eje Colón/Autopista Concepción-Talcahuano, comuna de Talcahuano",CVE-2755738,https://www.diariooficial.interior.gob.cl/publicaciones/2026/01/19/44353/01/2755738.pdf,https://www.diariooficial.interior.gob.cl/edicionelectronica/index.php?date=19-01-2026&edition=44353&v=1
19-01-2026,44353,NORMAS GENERALES,"Resolución exenta número 9.518, de 2025.- Reconoce, por solicitud municipal, Humedal Urbano El Bato",CVE-2752622,https://www.diariooficial.interior.gob.cl/publicaciones/2026/01/19/44353/01/2752622.pdf,https://www.diariooficial.interior.gob.cl/edicionelectronica/index.php?date=19-01-2026&edition=44353&v=1
19-01-2026,44353,NORMAS GENERALES,Certificado Tipos de cambio y paridades de monedas extranjeras para efectos que señala,CVE-2757327,https://www.diariooficial.interior.gob.cl/publicaciones/2026/01/19/44353/01/2757327.pdf,https://www.diariooficial.interior.gob.cl/edicionelectronica/index.php?date=19-01-2026&edition=44353&v=1
19-01-2026,44353-B,NORMAS GENERALES,"Ley número 21.790.- Protege los derechos de estudiantes cuidadores de la educación superior, promoviendo la corresponsabilidad y asegurando la conciliación entre actividades familiares, académicas y formativas",CVE-2757229,https://www.diariooficial.interior.gob.cl/publicaciones/2026/01/19/44353-B/01/2757229.pdf,https://www.diariooficial.interior.gob.cl/edicionelectronica/index.php?date=19-01-2026&edition=44353-B&v=2
19-01-2026,44353-B,NORMAS GENERALES,Ley número 21.792.- Modifica el Código Aeronáutico para exigir a las empresas aéreas la entrega de información sobre sus pasajeros a las autoridades que indica,CVE-2757230,https://www.diariooficial.interior.gob.cl/publicaciones/2026/01/19/44353-B/01/2757230.pdf,https://www.diariooficial.interior.gob.cl/edicionelectronica/index.php?date=19-01-2026&edition=44353-B&v=2
20-01-2026,44354,NORMAS GENERALES,Ley número 21.789.- Crea el contrato de buceo y actividades conexas,CVE-2757231,https://www.diariooficial.interior.gob.cl/publicaciones/2026/01/20/44354/01/2757231.pdf,https://www.diariooficial.interior.gob.cl/edicionelectronica/index.php?date=20-01-2026&edition=44354&v=1
20-01-2026,44354,NORMAS GENERALES,"Decreto número 84, de 2025.- Constituye Área Metropolitana La Serena - Coquimbo",CVE-2750717,https://www.diariooficial.interior.gob.cl/publicaciones/2026/01/20/44354/01/2750717.pdf,https://www.diariooficial.interior.gob.cl/edicionelectronica/index.php?date=20-01-2026&edition=44354&v=1
20-01-2026,44354,NORMAS GENERALES,"Decreto número 85, de 2025.- Constituye Área Metropolitana Gran Valparaíso",CVE-2750716,https://www.diariooficial.interior.gob.cl/publicaciones/2026/01/20/44354/01/2750716.pdf,https://www.diariooficial.interior.gob.cl/edicionelectronica/index.php?date=20-01-2026&edition=44354&v=1
20-01-2026,44354,NORMAS GENERALES,"Decreto número 86, de 2025.- Constituye Área Metropolitana de O'Higgins",CVE-2750715,https://www.diariooficial.interior.gob.cl/publicaciones/2026/01/20/44354/01/2750715.pdf,https://www.diariooficial.interior.gob.cl/edicionelectronica/index.php?date=20-01-2026&edition=44354&v=1
20-01-2026,44354,NORMAS GENERALES,"Decreto número 87, de 2025.- Constituye Área Metropolitana Puerto Montt - Puerto Varas",CVE-2750714,https://www.diariooficial.interior.gob.cl/publicaciones/2026/01/20/44354/01/2750714.pdf,https://www.diariooficial.interior.gob.cl/edicionelectronica/index.php?date=20-01-2026&edition=44354&v=1
20-01-2026,44354,NORMAS GENERALES,"Resolución exenta número 969, de 2025.- Aprueba términos y condiciones de uso de la plataforma Casilla Única",CVE-2752413,https://www.diariooficial.interior.gob.cl/publicaciones/2026/01/20/44354/01/2752413.pdf,https://www.diariooficial.interior.gob.cl/edicionelectronica/index.php?date=20-01-2026&edition=44354&v=1
20-01-2026,44354,NORMAS GENERALES,"Resolución exenta número 27, de 2026.- Determina tasas de interés de referencia de conformidad con lo dispuesto en articulo 13 del decreto N° 180 exento, que aprueba reglas generales de funcionamiento del subsidio a la tasa de interés de créditos hipotecarios de viviendas nuevas",CVE-2756983,https://www.diariooficial.interior.gob.cl/publicaciones/2026/01/20/44354/01/2756983.pdf,https://www.diariooficial.interior.gob.cl/edicionelectronica/index.php?date=20-01-2026&edition=44354&v=1
20-01-2026,44354,NORMAS GENERALES,"Extracto de resolución exenta número 2, de 2026.- Implementa firma digital centralizada para la emisión de boletas electrónicas a través del sistema gratuito del SII",CVE-2753313,https://www.diariooficial.interior.gob.cl/publicaciones/2026/01/20/44354/01/2753313.pdf,https://www.diariooficial.interior.gob.cl/edicionelectronica/index.php?date=20-01-2026&edition=44354&v=1
20-01-2026,44354,NORMAS GENERALES,"Extracto de decreto exento número 202500275, de 2025.- Establece cuotas globales de captura pesquería de rayas, año 2026",CVE-2754345,https://www.diariooficial.interior.gob.cl/publicaciones/2026/01/20/44354/01/2754345.pdf,https://www.diariooficial.interior.gob.cl/edicionelectronica/index.php?date=20-01-2026&edition=44354&v=1
20-01-2026,44354,NORMAS GENERALES,"Extracto de decreto exento número 202500276, de 2025.- Establece cuotas globales de captura pesquerías de Anchoveta y Sardina española, área Arica y Parinacota a Coquimbo, año 2026",CVE-2753468,https://www.diariooficial.interior.gob.cl/publicaciones/2026/01/20/44354/01/2753468.pdf,https://www.diariooficial.interior.gob.cl/edicionelectronica/index.php?date=20-01-2026&edition=44354&v=1
20-01-2026,44354,NORMAS GENERALES,"Extracto de decreto exento número 202600007, de 2026.- Renueva veda extractiva para el recurso Loco entre las regiones de Arica y Parinacota y de Aysén del General Carlos Ibáñez del Campo en período que señala",CVE-2754355,https://www.diariooficial.interior.gob.cl/publicaciones/2026/01/20/44354/01/2754355.pdf,https://www.diariooficial.interior.gob.cl/edicionelectronica/index.php?date=20-01-2026&edition=44354&v=1
20-01-2026,44354,NORMAS GENERALES,"Extracto de resolución exenta número 3.050, de 2025.- Establece distribución del aumento de fracción artesanal para el recurso Sardina común y Anchoveta entre las regiones de Valparaíso a Los Lagos, año 2026, ley N° 21.752",CVE-2753304,https://www.diariooficial.interior.gob.cl/publicaciones/2026/01/20/44354/01/2753304.pdf,https://www.diariooficial.interior.gob.cl/edicionelectronica/index.php?date=20-01-2026&edition=44354&v=1
20-01-2026,44354,NORMAS GENERALES,"Extracto de resolución exenta número 3.051, de 2025.- Establece distribución del aumento de fracción artesanal para el recurso Anchoveta y Sardina española entre las regiones de Arica y Parinacota a Coquimbo, año 2026, ley N° 21.752",CVE-2753132,https://www.diariooficial.interior.gob.cl/publicaciones/2026/01/20/44354/01/2753132.pdf,https://www.diariooficial.interior.gob.cl/edicionelectronica/index.php?date=20-01-2026&edition=44354&v=1
20-01-2026,44354,NORMAS GENERALES,"Extracto de resolución exenta número 24, de 2026.- Declara vacantes y abre periodo extraordinario de postulación de miembros titulares y suplentes del sector privado del Comité de Manejo del recurso Pelillo en la Bahía de Mejillones, Región de Antofagasta",CVE-2754071,https://www.diariooficial.interior.gob.cl/publicaciones/2026/01/20/44354/01/2754071.pdf,https://www.diariooficial.interior.gob.cl/edicionelectronica/index.php?date=20-01-2026&edition=44354&v=1
20-01-2026,44354,NORMAS GENERALES,"Extracto de resolución exenta número 43, de 2026.- Establece distribución histórica de la fracción artesanal de pesquería de Merluza del sur por área en la Región de Los Lagos, año 2026",CVE-2753220,https://www.diariooficial.interior.gob.cl/publicaciones/2026/01/20/44354/01/2753220.pdf,https://www.diariooficial.interior.gob.cl/edicionelectronica/index.php?date=20-01-2026&edition=44354&v=1
20-01-2026,44354,NORMAS GENERALES,"Extracto de resolución exenta número 202600003, de 2026.- Modifica decreto N° 25 exento, de 2015",CVE-2754347,https://www.diariooficial.interior.gob.cl/publicaciones/2026/01/20/44354/01/2754347.pdf,https://www.diariooficial.interior.gob.cl/edicionelectronica/index.php?date=20-01-2026&edition=44354&v=1
20-01-2026,44354,NORMAS GENERALES,"Resolución exenta número 848, de 2025.- Modifica resolución N° 357 exenta, de 2023, y elimina la coordinación de economía del comportamiento de la Subdirección de Consumo Financiero",CVE-2751979,https://www.diariooficial.interior.gob.cl/publicaciones/2026/01/20/44354/01/2751979.pdf,https://www.diariooficial.interior.gob.cl/edicionelectronica/index.php?date=20-01-2026&edition=44354&v=1
20-01-2026,44354,NORMAS GENERALES,"Decreto número 57, de 2025.- Renueva nombramiento de alto directivo público, doña Aída Chacón Barraza, como Directora Nacional del Instituto de Seguridad Laboral",CVE-2752475,https://www.diariooficial.interior.gob.cl/publicaciones/2026/01/20/44354/01/2752475.pdf,https://www.diariooficial.interior.gob.cl/edicionelectronica/index.php?date=20-01-2026&edition=44354&v=1
20-01-2026,44354,NORMAS GENERALES,"Decreto número 17, de 2025.- Modifica decreto Nº 25, de 2016, reglamento para el otorgamiento de la bonificación por retiro voluntario establecida en la Ley Nº 20.921",CVE-2751978,https://www.diariooficial.interior.gob.cl/publicaciones/2026/01/20/44354/01/2751978.pdf,https://www.diariooficial.interior.gob.cl/edicionelectronica/index.php?date=20-01-2026&edition=44354&v=1
20-01-2026,44354,NORMAS GENERALES,"Resolución exenta número 47, de 2026.- Fija coeficientes para proyección de reajuste y de interés de boletas bancarias de garantía, que indica, vigencia: desde el 16 de enero de 2026 hasta el 15 de febrero de 2026",CVE-2756311,https://www.diariooficial.interior.gob.cl/publicaciones/2026/01/20/44354/01/2756311.pdf,https://www.diariooficial.interior.gob.cl/edicionelectronica/index.php?date=20-01-2026&edition=44354&v=1
20-01-2026,44354,NORMAS GENERALES,"Resolución exenta número 2.863, de 2025.- Declara libre de Mosca del Mediterráneo (Ceratitis capitata Wied) el área reglamentada que indica",CVE-2752493,https://www.diariooficial.interior.gob.cl/publicaciones/2026/01/20/44354/01/2752493.pdf,https://www.diariooficial.interior.gob.cl/edicionelectronica/index.php?date=20-01-2026&edition=44354&v=1
20-01-2026,44354,NORMAS GENERALES,"Resolución exenta número 2.864, de 2025.- Declara libre de mosca del mediterráneo (Ceratitis capitata Wied) el área reglamentada que indica, Región de O'Higgins, mercado de China 27,2 km brote Malloa",CVE-2752492,https://www.diariooficial.interior.gob.cl/publicaciones/2026/01/20/44354/01/2752492.pdf,https://www.diariooficial.interior.gob.cl/edicionelectronica/index.php?date=20-01-2026&edition=44354&v=1
20-01-2026,44354,NORMAS GENERALES,"Resolución exenta número 6, de 2026.- Determina valor de tonelada métrica de cobre fino Grado A, conforme a lo prescrito en la ley N° 21.591, y en el decreto N° 1.465, de Hacienda, de 2006",CVE-2756980,https://www.diariooficial.interior.gob.cl/publicaciones/2026/01/20/44354/01/2756980.pdf,https://www.diariooficial.interior.gob.cl/edicionelectronica/index.php?date=20-01-2026&edition=44354&v=1
20-01-2026,44354,NORMAS GENERALES,"Resolución exenta número 65, de 2026.- Modifica resolución Nº 1.534 exenta, de 2008",CVE-2755068,https://www.diariooficial.interior.gob.cl/publicaciones/2026/01/20/44354/01/2755068.pdf,https://www.diariooficial.interior.gob.cl/edicionelectronica/index.php?date=20-01-2026&edition=44354&v=1
20-01-2026,44354,NORMAS GENERALES,"Resolución exenta número 13, de 2026.- Aprueba proyecto ciclovía Construcción Red Corto Plazo de Ciclovías, Comuna de Constitución",CVE-2756348,https://www.diariooficial.interior.gob.cl/publicaciones/2026/01/20/44354/01/2756348.pdf,https://www.diariooficial.interior.gob.cl/edicionelectronica/index.php?date=20-01-2026&edition=44354&v=1
20-01-2026,44354,NORMAS GENERALES,"Decreto número 23T, de 2025.- Fija precios estabilizados para medios de generación de pequeña escala",CVE-2755075,https://www.diariooficial.interior.gob.cl/publicaciones/2026/01/20/44354/01/2755075.pdf,https://www.diariooficial.interior.gob.cl/edicionelectronica/index.php?date=20-01-2026&edition=44354&v=1
20-01-2026,44354,NORMAS GENERALES,"Extracto de resolución exenta número 202513001470, de 2026.- Notifica resolución de calificación ambiental en Estudio de Impacto Ambiental del proyecto Solución Sanitaria Las Lilas",CVE-2755809,https://www.diariooficial.interior.gob.cl/publicaciones/2026/01/20/44354/01/2755809.pdf,https://www.diariooficial.interior.gob.cl/edicionelectronica/index.php?date=20-01-2026&edition=44354&v=1
20-01-2026,44354,NORMAS GENERALES,"Resolución exenta número 2.530, de 2025.- Deja sin efecto resolución N° 6.348 exenta, de 2022, de la Subsecretaría del Interior, y aprueba Plan Nacional contra el Crimen Organizado",CVE-2753180,https://www.diariooficial.interior.gob.cl/publicaciones/2026/01/20/44354/01/2753180.pdf,https://www.diariooficial.interior.gob.cl/edicionelectronica/index.php?date=20-01-2026&edition=44354&v=1
20-01-2026,44354,NORMAS GENERALES,Acuerdo adoptado por el Consejo del Banco Central de Chile en su sesión ordinaria N° 2763,CVE-2757030,https://www.diariooficial.interior.gob.cl/publicaciones/2026/01/20/44354/01/2757030.pdf,https://www.diariooficial.interior.gob.cl/edicionelectronica/index.php?date=20-01-2026&edition=44354&v=1
20-01-2026,44354,NORMAS GENERALES,Certificado Tipos de cambio y paridades de monedas extranjeras para efectos que señala,CVE-2757914,https://www.diariooficial.interior.gob.cl/publicaciones/2026/01/20/44354/01/2757914.pdf,https://www.diariooficial.interior.gob.cl/edicionelectronica/index.php?date=20-01-2026&edition=44354&v=1
20-01-2026,44354-B,NORMAS GENERALES,"Decreto número 24T, de 2025.- Fija precios de nudo promedio en el Sistema Eléctrico Nacional, de acuerdo al artículo 158° de la Ley General de Servicios Eléctricos y fija ajustes y recargos por aplicación del mecanismo de equidad tarifaria residencial",CVE-2756963,https://www.diariooficial.interior.gob.cl/publicaciones/2026/01/20/44354-B/01/2756963.pdf,https://www.diariooficial.interior.gob.cl/edicionelectronica/index.php?date=20-01-2026&edition=44354-B&v=2
21-01-2026,44355,NORMAS GENERALES,"Decreto número 1.845, de 2025.- Sobre modificaciones presupuestarias para el año 2026",CVE-2753300,https://www.diariooficial.interior.gob.cl/publicaciones/2026/01/21/44355/01/2753300.pdf,https://www.diariooficial.interior.gob.cl/edicionelectronica/index.php?date=21-01-2026&edition=44355&v=1
21-01-2026,44355,NORMAS GENERALES,"Decreto exento número 17, de 2026.- Determina el componente variable para el cálculo del impuesto específico establecido en la ley N° 18.502",CVE-2758574,https://www.diariooficial.interior.gob.cl/publicaciones/2026/01/21/44355/01/2758574.pdf,https://www.diariooficial.interior.gob.cl/edicionelectronica/index.php?date=21-01-2026&edition=44355&v=1
21-01-2026,44355,NORMAS GENERALES,"Extracto de decreto exento número 202500255, de 2025.- Establece cuota global de captura para pesquería de Merluza de tres aletas, área Los Lagos-Magallanes, año 2026",CVE-2754356,https://www.diariooficial.interior.gob.cl/publicaciones/2026/01/21/44355/01/2754356.pdf,https://www.diariooficial.interior.gob.cl/edicionelectronica/index.php?date=21-01-2026&edition=44355&v=1
21-01-2026,44355,NORMAS GENERALES,"Extracto de resolución exenta número 3.023, de 2025.- Establece distribución del aumento de fracción artesanal para el recurso Merluza común entre las regiones de Coquimbo a Los Lagos año 2026, ley N° 21.752",CVE-2754410,https://www.diariooficial.interior.gob.cl/publicaciones/2026/01/21/44355/01/2754410.pdf,https://www.diariooficial.interior.gob.cl/edicionelectronica/index.php?date=21-01-2026&edition=44355&v=1
21-01-2026,44355,NORMAS GENERALES,"Extracto de resolución exenta número 3.040, de 2025.- Establece distribución del aumento de fracción artesanal para el recurso Jurel en la Región de Los Lagos, año 2026, ley N° 21.752",CVE-2754402,https://www.diariooficial.interior.gob.cl/publicaciones/2026/01/21/44355/01/2754402.pdf,https://www.diariooficial.interior.gob.cl/edicionelectronica/index.php?date=21-01-2026&edition=44355&v=1
21-01-2026,44355,NORMAS GENERALES,"Extracto de resolución exenta número 3.041, de 2025.- Establece distribución del aumento de fracción artesanal para el recurso Jurel entre las regiones de Atacama y los Ríos, año 2026, ley N° 21.752",CVE-2754409,https://www.diariooficial.interior.gob.cl/publicaciones/2026/01/21/44355/01/2754409.pdf,https://www.diariooficial.interior.gob.cl/edicionelectronica/index.php?date=21-01-2026&edition=44355&v=1
21-01-2026,44355,NORMAS GENERALES,"Extracto de resolución exenta número 3.042, de 2025.- Establece distribución del aumento de fracción artesanal para el recurso Merluza del sur entre las regiones de Los Lagos y Magallanes y la Antártica Chilena, año 2026, ley N° 21.752",CVE-2754392,https://www.diariooficial.interior.gob.cl/publicaciones/2026/01/21/44355/01/2754392.pdf,https://www.diariooficial.interior.gob.cl/edicionelectronica/index.php?date=21-01-2026&edition=44355&v=1
21-01-2026,44355,NORMAS GENERALES,"Extracto de resolución exenta número 3.048, de 2025.- Establece distribución del aumento de fracción artesanal para el recurso Camarón nailon regiones de Antofagasta al Biobío año 2026, ley N° 21.752",CVE-2754412,https://www.diariooficial.interior.gob.cl/publicaciones/2026/01/21/44355/01/2754412.pdf,https://www.diariooficial.interior.gob.cl/edicionelectronica/index.php?date=21-01-2026&edition=44355&v=1
21-01-2026,44355,NORMAS GENERALES,"Resolución exenta número 14.256, de 2025.- Dispone la no renovación de los convenios de igualdad de oportunidades y excelencia educativa suscritos por los sostenedores de los establecimientos educacionales que se indican, de acuerdo a lo establecido en el artículo 7º bis de la Ley Nº 20.248",CVE-2753323,https://www.diariooficial.interior.gob.cl/publicaciones/2026/01/21/44355/01/2753323.pdf,https://www.diariooficial.interior.gob.cl/edicionelectronica/index.php?date=21-01-2026&edition=44355&v=1
21-01-2026,44355,NORMAS GENERALES,"Resolución exenta número 2000-1064/2026, de 2026.- Complementa y precisa implementación SGI, Procedimiento de Fiscalización y normas de transición DTPlus–SGI",CVE-2756994,https://www.diariooficial.interior.gob.cl/publicaciones/2026/01/21/44355/01/2756994.pdf,https://www.diariooficial.interior.gob.cl/edicionelectronica/index.php?date=21-01-2026&edition=44355&v=1
21-01-2026,44355,NORMAS GENERALES,"Decreto exento número 18, de 2026.- Fija precios de referencia y paridad para kerosene doméstico",CVE-2758653,https://www.diariooficial.interior.gob.cl/publicaciones/2026/01/21/44355/01/2758653.pdf,https://www.diariooficial.interior.gob.cl/edicionelectronica/index.php?date=21-01-2026&edition=44355&v=1
21-01-2026,44355,NORMAS GENERALES,"Decreto exento número 19, de 2026.- Fija precios de paridad para combustibles derivados del petróleo",CVE-2758654,https://www.diariooficial.interior.gob.cl/publicaciones/2026/01/21/44355/01/2758654.pdf,https://www.diariooficial.interior.gob.cl/edicionelectronica/index.php?date=21-01-2026&edition=44355&v=1
21-01-2026,44355,NORMAS GENERALES,"Decreto exento número 20, de 2026.- Determina precios de referencia para combustibles derivados del petróleo",CVE-2758655,https://www.diariooficial.interior.gob.cl/publicaciones/2026/01/21/44355/01/2758655.pdf,https://www.diariooficial.interior.gob.cl/edicionelectronica/index.php?date=21-01-2026&edition=44355&v=1
21-01-2026,44355,NORMAS GENERALES,"Decreto número 17, de 2025.- Aprueba modificación al decreto Nº 40, de 2012, que establece el Reglamento del Sistema de Evaluación de Impacto Ambiental",CVE-2753383,https://www.diariooficial.interior.gob.cl/publicaciones/2026/01/21/44355/01/2753383.pdf,https://www.diariooficial.interior.gob.cl/edicionelectronica/index.php?date=21-01-2026&edition=44355&v=1
21-01-2026,44355,NORMAS GENERALES,"Extracto de resolución exenta número 181, de 2026.- Somete a consulta pública la propuesta de creación de áreas protegidas en el marco de la Red de Salares Protegidos para la Región de Antofagasta",CVE-2756585,https://www.diariooficial.interior.gob.cl/publicaciones/2026/01/21/44355/01/2756585.pdf,https://www.diariooficial.interior.gob.cl/edicionelectronica/index.php?date=21-01-2026&edition=44355&v=1
21-01-2026,44355,NORMAS GENERALES,"Resolución número 9.509, de 2025.- Establece los criterios para determinar las condiciones de ventilación en las comunas de Concón, Quintero y Puchuncaví, para la gestión de episodios críticos",CVE-2756579,https://www.diariooficial.interior.gob.cl/publicaciones/2026/01/21/44355/01/2756579.pdf,https://www.diariooficial.interior.gob.cl/edicionelectronica/index.php?date=21-01-2026&edition=44355&v=1
21-01-2026,44355,NORMAS GENERALES,"Extracto de resolución exenta número 2026100012, de 2026.- Notifica Resolución de Calificación Ambiental del EIA Ampliación y mejoramiento obras de saneamiento Puerto Varas-Llanquihue",CVE-2756020,https://www.diariooficial.interior.gob.cl/publicaciones/2026/01/21/44355/01/2756020.pdf,https://www.diariooficial.interior.gob.cl/edicionelectronica/index.php?date=21-01-2026&edition=44355&v=1
21-01-2026,44355,NORMAS GENERALES,Certificado Tipos de cambio y paridades de monedas extranjeras para efectos que señala,CVE-2758657,https://www.diariooficial.interior.gob.cl/publicaciones/2026/01/21/44355/01/2758657.pdf,https://www.diariooficial.interior.gob.cl/edicionelectronica/index.php?date=21-01-2026&edition=44355&v=1
21-01-2026,44355-B,NORMAS GENERALES,"Resolución exenta número 16, de 2026.- Suspende proceso de consulta indígena instruido mediante resolución número 244 exenta, de 2025, por motivos que indica",CVE-2759289,https://www.diariooficial.interior.gob.cl/publicaciones/2026/01/21/44355-B/01/2759289.pdf,https://www.diariooficial.interior.gob.cl/edicionelectronica/index.php?date=21-01-2026&edition=44355-B&v=2
22-01-2026,44356,NORMAS GENERALES,"Resolución exenta número 24, de 2026.- Establece documentos de viaje conforme a lo dispuesto en el artículo 24 de la Ley Nº 21.325, de Migración y Extranjería",CVE-2758364,https://www.diariooficial.interior.gob.cl/publicaciones/2026/01/22/44356/01/2758364.pdf,https://www.diariooficial.interior.gob.cl/edicionelectronica/index.php?date=22-01-2026&edition=44356&v=1
22-01-2026,44356,NORMAS GENERALES,"Decreto número 76, de 2025.- Aprueba la Política Nacional de Desarrollo Productivo Sostenible",CVE-2757291,https://www.diariooficial.interior.gob.cl/publicaciones/2026/01/22/44356/01/2757291.pdf,https://www.diariooficial.interior.gob.cl/edicionelectronica/index.php?date=22-01-2026&edition=44356&v=1
22-01-2026,44356,NORMAS GENERALES,"Extracto de resolución exenta número 3.034, de 2025.- Modifica resolución N° 1.843 exenta, de 2024",CVE-2754440,https://www.diariooficial.interior.gob.cl/publicaciones/2026/01/22/44356/01/2754440.pdf,https://www.diariooficial.interior.gob.cl/edicionelectronica/index.php?date=22-01-2026&edition=44356&v=1
22-01-2026,44356,NORMAS GENERALES,"Extracto de resolución exenta número 2, de 2026.- Modifica resolución N° 1.184 exenta de 2017, que aprobó el Plan de manejo de recursos bentónicos de la bahía de Ancud, Región de Los Lagos",CVE-2754438,https://www.diariooficial.interior.gob.cl/publicaciones/2026/01/22/44356/01/2754438.pdf,https://www.diariooficial.interior.gob.cl/edicionelectronica/index.php?date=22-01-2026&edition=44356&v=1
22-01-2026,44356,NORMAS GENERALES,"Extracto de resolución exenta número 33, de 2026.- Establece zonas de resguardo temporal que indica de conformidad con el Plan de manejo de recursos bentónicos de la bahía de Ancud, Región de Los Lagos",CVE-2754439,https://www.diariooficial.interior.gob.cl/publicaciones/2026/01/22/44356/01/2754439.pdf,https://www.diariooficial.interior.gob.cl/edicionelectronica/index.php?date=22-01-2026&edition=44356&v=1
22-01-2026,44356,NORMAS GENERALES,"Decreto número 34, de 2025.- Renueva nombramiento de Alto Directivo Público a doña Claudia Asmad Palomo, en el cargo de Directora Nacional del Servicio Nacional del Adulto Mayor",CVE-2754585,https://www.diariooficial.interior.gob.cl/publicaciones/2026/01/22/44356/01/2754585.pdf,https://www.diariooficial.interior.gob.cl/edicionelectronica/index.php?date=22-01-2026&edition=44356&v=1
22-01-2026,44356,NORMAS GENERALES,"Decreto exento número 62, de 2025.- Determina nómina de intervenciones sanitarias priorizadas otorgadas por sistema de acceso priorizado para el año 2026 conforme a la Ley Nº 21.736",CVE-2757190,https://www.diariooficial.interior.gob.cl/publicaciones/2026/01/22/44356/01/2757190.pdf,https://www.diariooficial.interior.gob.cl/edicionelectronica/index.php?date=22-01-2026&edition=44356&v=1
22-01-2026,44356,NORMAS GENERALES,"Circular número IF 524, de 2026.- Modifica listado de problemas de salud garantizados que pueden informarse mediante el Dau o documento alternativo, en reemplazo del formulario GES",CVE-2753930,https://www.diariooficial.interior.gob.cl/publicaciones/2026/01/22/44356/01/2753930.pdf,https://www.diariooficial.interior.gob.cl/edicionelectronica/index.php?date=22-01-2026&edition=44356&v=1
22-01-2026,44356,NORMAS GENERALES,"Resolución exenta número CP 26.995, de 2025.- Aprueba nuevo arsenal farmacológico básico para los centros de atención primaria (Centros de Salud y Centros de Salud Familiar) ubicados en la Región de Ñuble​​​​​​​",CVE-2753899,https://www.diariooficial.interior.gob.cl/publicaciones/2026/01/22/44356/01/2753899.pdf,https://www.diariooficial.interior.gob.cl/edicionelectronica/index.php?date=22-01-2026&edition=44356&v=1
22-01-2026,44356,NORMAS GENERALES,"Decreto exento número 1, de 2026.- Establece orden de subrogación del Secretario Regional Ministerial de Agricultura de la Región de Atacama",CVE-2753859,https://www.diariooficial.interior.gob.cl/publicaciones/2026/01/22/44356/01/2753859.pdf,https://www.diariooficial.interior.gob.cl/edicionelectronica/index.php?date=22-01-2026&edition=44356&v=1
22-01-2026,44356,NORMAS GENERALES,"Decreto número 16, de 2025.- Modifica decreto N° 64, de 2017, que estableció los requisitos y condiciones del contrato especial de operación para la exploración, explotación y beneficio de yacimientos de litio en el Salar de Maricunga y sus alrededores, ubicado en la Región de Atacama, que el Estado de Chile suscribió con Salar de Maricunga SpA",CVE-2757300,https://www.diariooficial.interior.gob.cl/publicaciones/2026/01/22/44356/01/2757300.pdf,https://www.diariooficial.interior.gob.cl/edicionelectronica/index.php?date=22-01-2026&edition=44356&v=1
22-01-2026,44356,NORMAS GENERALES,"Resolución exenta número 37.130, de 2026.- Establece formato para informar anualmente a esta superintendencia las actividades relevantes realizadas para garantizar la seguridad de los oleoductos y las tuberías submarinas",CVE-2754563,https://www.diariooficial.interior.gob.cl/publicaciones/2026/01/22/44356/01/2754563.pdf,https://www.diariooficial.interior.gob.cl/edicionelectronica/index.php?date=22-01-2026&edition=44356&v=1
22-01-2026,44356,NORMAS GENERALES,"Oficio Circular número 307621, de 2025.- Prohíbe transitoriamente la comercialización del producto Turbocalefactor",CVE-2754633,https://www.diariooficial.interior.gob.cl/publicaciones/2026/01/22/44356/01/2754633.pdf,https://www.diariooficial.interior.gob.cl/edicionelectronica/index.php?date=22-01-2026&edition=44356&v=1
22-01-2026,44356,NORMAS GENERALES,"Resolución exenta número 9.517, de 2025.- Da inicio al vigésimo primer proceso de clasificación de especies e indica listado de especies a clasificar",CVE-2757007,https://www.diariooficial.interior.gob.cl/publicaciones/2026/01/22/44356/01/2757007.pdf,https://www.diariooficial.interior.gob.cl/edicionelectronica/index.php?date=22-01-2026&edition=44356&v=1
22-01-2026,44356,NORMAS GENERALES,"Resolución exenta número 38, de 2026.- Da inicio al procedimiento de generación de estudios y recopilación de antecedentes con el objeto de determinar la conveniencia de iniciar el procedimiento de dictación de la norma de emisión para compuestos orgánicos volátiles",CVE-2756590,https://www.diariooficial.interior.gob.cl/publicaciones/2026/01/22/44356/01/2756590.pdf,https://www.diariooficial.interior.gob.cl/edicionelectronica/index.php?date=22-01-2026&edition=44356&v=1
22-01-2026,44356,NORMAS GENERALES,Extracto de Estudio de Impacto Ambiental Proyecto Modificación faena minera Caserones: Ampliación e incorporación de obras y optimización de medidas para continuidad operacional,CVE-2757659,https://www.diariooficial.interior.gob.cl/publicaciones/2026/01/22/44356/01/2757659.pdf,https://www.diariooficial.interior.gob.cl/edicionelectronica/index.php?date=22-01-2026&edition=44356&v=1
22-01-2026,44356,NORMAS GENERALES,"Resolución exenta número 1, de 2026.- Delega facultad para suscribir convenios educacionales con Instituciones de Educación Superior",CVE-2753926,https://www.diariooficial.interior.gob.cl/publicaciones/2026/01/22/44356/01/2753926.pdf,https://www.diariooficial.interior.gob.cl/edicionelectronica/index.php?date=22-01-2026&edition=44356&v=1
22-01-2026,44356,NORMAS GENERALES,Certificado Tipos de cambio y paridades de monedas extranjeras para efectos que señala,CVE-2759335,https://www.diariooficial.interior.gob.cl/publicaciones/2026/01/22/44356/01/2759335.pdf,https://www.diariooficial.interior.gob.cl/edicionelectronica/index.php?date=22-01-2026&edition=44356&v=1
22-01-2026,44356,NORMAS GENERALES,"Decreto alcaldicio número 10, de 2026.- Promulga Modificación Integral del Plan Regulador Comunal de Los Andes",CVE-2753838,https://www.diariooficial.interior.gob.cl/publicaciones/2026/01/22/44356/01/2753838.pdf,https://www.diariooficial.interior.gob.cl/edicionelectronica/index.php?date=22-01-2026&edition=44356&v=1
22-01-2026,44356-B,NORMAS GENERALES,"Decreto número 3, de 2026.- Modifica decreto Nº 2, de 18 de enero de 2026, que decreta alerta sanitaria y otorga facultades extraordinarias que señala, por emergencia provocada por incendios en las regiones de Ñuble y Biobío",CVE-2759210,https://www.diariooficial.interior.gob.cl/publicaciones/2026/01/22/44356-B/01/2759210.pdf,https://www.diariooficial.interior.gob.cl/edicionelectronica/index.php?date=22-01-2026&edition=44356-B&v=2
22-01-2026,44356-C,NORMAS GENERALES,"Decreto exento número 149, de 2026.- Declara duelo nacional por dos días, con motivo del sensible fallecimiento de personas ocurrido con ocasión de los incendios forestales que se indican",CVE-2759765,https://www.diariooficial.interior.gob.cl/publicaciones/2026/01/22/44356-C/01/2759765.pdf,https://www.diariooficial.interior.gob.cl/edicionelectronica/index.php?date=22-01-2026&edition=44356-C&v=3
23-01-2026,44357,NORMAS GENERALES,"Decreto número 467, de 2024.- Nombra a don Mario Andrés Cruces Núñez como Delegado Presidencial Provincial de Itata",CVE-2754854,https://www.diariooficial.interior.gob.cl/publicaciones/2026/01/23/44357/01/2754854.pdf,https://www.diariooficial.interior.gob.cl/edicionelectronica/index.php?date=23-01-2026&edition=44357&v=1
23-01-2026,44357,NORMAS GENERALES,"Resolución número 45, de 2025.- Modifica resolución Nº 358, de 2016, sobre delegación de atribuciones, y deja sin efecto resoluciones que indica",CVE-2755136,https://www.diariooficial.interior.gob.cl/publicaciones/2026/01/23/44357/01/2755136.pdf,https://www.diariooficial.interior.gob.cl/edicionelectronica/index.php?date=23-01-2026&edition=44357&v=1
23-01-2026,44357,NORMAS GENERALES,"Extracto de resolución exenta número 14, de 2026.- Otorga condonación sobre intereses y multas infraccionales en casos que señalan",CVE-2758098,https://www.diariooficial.interior.gob.cl/publicaciones/2026/01/23/44357/01/2758098.pdf,https://www.diariooficial.interior.gob.cl/edicionelectronica/index.php?date=23-01-2026&edition=44357&v=1
23-01-2026,44357,NORMAS GENERALES,"Extracto de circular número 4, de 2026.- Reitera instrucciones sobre el tratamiento tributario de gastos y donaciones que indica",CVE-2758003,https://www.diariooficial.interior.gob.cl/publicaciones/2026/01/23/44357/01/2758003.pdf,https://www.diariooficial.interior.gob.cl/edicionelectronica/index.php?date=23-01-2026&edition=44357&v=1
23-01-2026,44357,NORMAS GENERALES,"Decreto número 11, de 2024.- Designa a doña Camila Vallejo Dowling, Ministra Secretaria General de Gobierno, en comisión de servicio a la ciudad de Río de Janeiro, Brasil",CVE-2755192,https://www.diariooficial.interior.gob.cl/publicaciones/2026/01/23/44357/01/2755192.pdf,https://www.diariooficial.interior.gob.cl/edicionelectronica/index.php?date=23-01-2026&edition=44357&v=1
23-01-2026,44357,NORMAS GENERALES,"Decreto exento número 11, de 2025.- Establece nuevo orden de subrogación para el cargo de Secretario Regional Ministerial de Gobierno de la Región del Libertador General Bernardo O'Higgins y deja sin efecto el decreto Nº 16 exento, de 2023",CVE-2755189,https://www.diariooficial.interior.gob.cl/publicaciones/2026/01/23/44357/01/2755189.pdf,https://www.diariooficial.interior.gob.cl/edicionelectronica/index.php?date=23-01-2026&edition=44357&v=1
23-01-2026,44357,NORMAS GENERALES,"Decreto exento número DEXE202600008, de 2026.- Modifica nombre de la Zona de Interés Turístico Torres del Paine por Natales-Torres del Paine",CVE-2755168,https://www.diariooficial.interior.gob.cl/publicaciones/2026/01/23/44357/01/2755168.pdf,https://www.diariooficial.interior.gob.cl/edicionelectronica/index.php?date=23-01-2026&edition=44357&v=1
23-01-2026,44357,NORMAS GENERALES,"Decreto exento número DEXE202600009, de 2026.- Declara zona de interés turístico Isla de Maipo",CVE-2755135,https://www.diariooficial.interior.gob.cl/publicaciones/2026/01/23/44357/01/2755135.pdf,https://www.diariooficial.interior.gob.cl/edicionelectronica/index.php?date=23-01-2026&edition=44357&v=1
23-01-2026,44357,NORMAS GENERALES,"Decreto exento número DEXE202600010, de 2026.- Declara Zona de Interés Turístico Pirque",CVE-2755181,https://www.diariooficial.interior.gob.cl/publicaciones/2026/01/23/44357/01/2755181.pdf,https://www.diariooficial.interior.gob.cl/edicionelectronica/index.php?date=23-01-2026&edition=44357&v=1
23-01-2026,44357,NORMAS GENERALES,"Decreto exento número 20, de 2026.- Individualiza a personal que se traspasará desde las municipalidades de Quilpué, Limache, Olmué y Villa Alemana al Servicio Local de Educación Pública de Marga Marga, según lo dispuesto en el artículo trigésimo noveno transitorio de la ley N° 21.040",CVE-2755131,https://www.diariooficial.interior.gob.cl/publicaciones/2026/01/23/44357/01/2755131.pdf,https://www.diariooficial.interior.gob.cl/edicionelectronica/index.php?date=23-01-2026&edition=44357&v=1
23-01-2026,44357,NORMAS GENERALES,"Extracto de resolución exenta N°s. 541, 547, 550, 566, 586, 588, 797, 814, 592, de 2025",CVE-2755054,https://www.diariooficial.interior.gob.cl/publicaciones/2026/01/23/44357/01/2755054.pdf,https://www.diariooficial.interior.gob.cl/edicionelectronica/index.php?date=23-01-2026&edition=44357&v=1
23-01-2026,44357,NORMAS GENERALES,"Decreto exento número RA 272/59/2025, de 2025.- Establece orden de subrogación",CVE-2757805,https://www.diariooficial.interior.gob.cl/publicaciones/2026/01/23/44357/01/2757805.pdf,https://www.diariooficial.interior.gob.cl/edicionelectronica/index.php?date=23-01-2026&edition=44357&v=1
23-01-2026,44357,NORMAS GENERALES,"Decreto número 18, de 2025.- Aprueba Política Nacional de Juventudes Rurales",CVE-2753890,https://www.diariooficial.interior.gob.cl/publicaciones/2026/01/23/44357/01/2753890.pdf,https://www.diariooficial.interior.gob.cl/edicionelectronica/index.php?date=23-01-2026&edition=44357&v=1
23-01-2026,44357,NORMAS GENERALES,"Resolución exenta número 41, de 2026.- Declara situación de emergencia agrícola por los efectos de daño productivo derivados de los incendios forestales en la Región de Ñuble",CVE-2759304,https://www.diariooficial.interior.gob.cl/publicaciones/2026/01/23/44357/01/2759304.pdf,https://www.diariooficial.interior.gob.cl/edicionelectronica/index.php?date=23-01-2026&edition=44357&v=1
23-01-2026,44357,NORMAS GENERALES,"Resolución exenta número 43, de 2026.- Declara situación de emergencia agrícola por los efectos de daño productivo derivados de los incendios forestales en la Región del Biobío",CVE-2759817,https://www.diariooficial.interior.gob.cl/publicaciones/2026/01/23/44357/01/2759817.pdf,https://www.diariooficial.interior.gob.cl/edicionelectronica/index.php?date=23-01-2026&edition=44357&v=1
23-01-2026,44357,NORMAS GENERALES,"Resolución exenta número 35, de 2026.- Declara libre de Mosca del Mediterráneo (Ceratitis capitata W.) el área regulada que indica",CVE-2757811,https://www.diariooficial.interior.gob.cl/publicaciones/2026/01/23/44357/01/2757811.pdf,https://www.diariooficial.interior.gob.cl/edicionelectronica/index.php?date=23-01-2026&edition=44357&v=1
23-01-2026,44357,NORMAS GENERALES,"Resolución exenta número 36, de 2026.- Declara libre de Mosca del Mediterráneo (Ceratitis capitata W.) el área cuarentenada para el mercado de China",CVE-2757810,https://www.diariooficial.interior.gob.cl/publicaciones/2026/01/23/44357/01/2757810.pdf,https://www.diariooficial.interior.gob.cl/edicionelectronica/index.php?date=23-01-2026&edition=44357&v=1
23-01-2026,44357,NORMAS GENERALES,"Resolución exenta número 9.516, de 2025.- Reconoce, por solicitud municipal, humedal urbano Laguna Adelaida",CVE-2752593,https://www.diariooficial.interior.gob.cl/publicaciones/2026/01/23/44357/01/2752593.pdf,https://www.diariooficial.interior.gob.cl/edicionelectronica/index.php?date=23-01-2026&edition=44357&v=1
23-01-2026,44357,NORMAS GENERALES,"Extracto de resolución exenta número 2026030013, de 2026.- Inicia proceso de participación ciudadana en declaración de Impacto Ambiental del proyecto Parque Fotovoltaico El Aguilucho",CVE-2757225,https://www.diariooficial.interior.gob.cl/publicaciones/2026/01/23/44357/01/2757225.pdf,https://www.diariooficial.interior.gob.cl/edicionelectronica/index.php?date=23-01-2026&edition=44357&v=1
23-01-2026,44357,NORMAS GENERALES,"Decreto número 19, de 2025.- Designa a don Rodrigo Iván Silva Améstica como Consejero del Consejo Nacional de las Culturas, las Artes y el Patrimonio como persona representativa de las culturas tradicionales y el patrimonio cultural",CVE-2755197,https://www.diariooficial.interior.gob.cl/publicaciones/2026/01/23/44357/01/2755197.pdf,https://www.diariooficial.interior.gob.cl/edicionelectronica/index.php?date=23-01-2026&edition=44357&v=1
23-01-2026,44357,NORMAS GENERALES,"Resolución número 2, de 2026.- Fija normas de procedimiento sobre rendición de cuentas",CVE-2759086,https://www.diariooficial.interior.gob.cl/publicaciones/2026/01/23/44357/01/2759086.pdf,https://www.diariooficial.interior.gob.cl/edicionelectronica/index.php?date=23-01-2026&edition=44357&v=1
23-01-2026,44357,NORMAS GENERALES,Acuerdo adoptado por el Consejo del Banco Central de Chile en su sesión extraordinaria Nº 2764E,CVE-2759078,https://www.diariooficial.interior.gob.cl/publicaciones/2026/01/23/44357/01/2759078.pdf,https://www.diariooficial.interior.gob.cl/edicionelectronica/index.php?date=23-01-2026&edition=44357&v=1
23-01-2026,44357,NORMAS GENERALES,Certificado Tipos de cambio y paridades de monedas extranjeras para efectos que señala,CVE-2759992,https://www.diariooficial.interior.gob.cl/publicaciones/2026/01/23/44357/01/2759992.pdf,https://www.diariooficial.interior.gob.cl/edicionelectronica/index.php?date=23-01-2026&edition=44357&v=1
23-01-2026,44357,NORMAS GENERALES,"Decreto alcaldicio número 60, de 2026.- Promulga el Plan de Inversiones en Infraestructura de Movilidad y Espacio Público de la comuna de Castro para el período 2026-2035",CVE-2757829,https://www.diariooficial.interior.gob.cl/publicaciones/2026/01/23/44357/01/2757829.pdf,https://www.diariooficial.interior.gob.cl/edicionelectronica/index.php?date=23-01-2026&edition=44357&v=1
23-01-2026,44357-B,NORMAS GENERALES,"Decreto número 28, de 2024.- Modifica decreto N° 47, de 1992, Ordenanza General de Urbanismo y Construcciones, en el sentido de adecuar sus disposiciones a la ley N° 20.582, que modifica normas legales de urbanismo y construcciones para favorecer la reconstrucción",CVE-2760319,https://www.diariooficial.interior.gob.cl/publicaciones/2026/01/23/44357-B/01/2760319.pdf,https://www.diariooficial.interior.gob.cl/edicionelectronica/index.php?date=23-01-2026&edition=44357-B&v=2
24-01-2026,44358,NORMAS GENERALES,Ley número 21.794.- Modifica la ley Nº 21.368 para autorizar la entrega de productos de un solo uso elaborados con materiales reciclables o reutilizables,CVE-2760003,https://www.diariooficial.interior.gob.cl/publicaciones/2026/01/24/44358/01/2760003.pdf,https://www.diariooficial.interior.gob.cl/edicionelectronica/index.php?date=24-01-2026&edition=44358
24-01-2026,44358,NORMAS GENERALES,"Decreto número 10, de 2026.- Prorroga declaración de estado de excepción constitucional de emergencia en las zonas del territorio nacional que indica",CVE-2760519,https://www.diariooficial.interior.gob.cl/publicaciones/2026/01/24/44358/01/2760519.pdf,https://www.diariooficial.interior.gob.cl/edicionelectronica/index.php?date=24-01-2026&edition=44358
24-01-2026,44358,NORMAS GENERALES,"Decreto exento número 15, de 2026.- Nombra Comité Asesor establecido en el artículo 5º del decreto Nº 662, de 2010, respecto a catástrofes declaradas por decretos Nº 4 y Nº 5, de 2026, ambos del Ministerio del Interior",CVE-2759204,https://www.diariooficial.interior.gob.cl/publicaciones/2026/01/24/44358/01/2759204.pdf,https://www.diariooficial.interior.gob.cl/edicionelectronica/index.php?date=24-01-2026&edition=44358
24-01-2026,44358,NORMAS GENERALES,"Extracto de resolución exenta número 3.022, de 2025.- Establece distribución histórica de la fracción artesanal de Anchoveta y Sardina española, área marítima de regiones de Arica y Parinacota a Coquimbo, año 2026",CVE-2751638,https://www.diariooficial.interior.gob.cl/publicaciones/2026/01/24/44358/01/2751638.pdf,https://www.diariooficial.interior.gob.cl/edicionelectronica/index.php?date=24-01-2026&edition=44358
24-01-2026,44358,NORMAS GENERALES,"Resolución exenta número 19, de 2026.- Concede ampliación de oficio de plazos que indica, con ocasión de la declaración de estado de excepción constitucional de catástrofe de las regiones de Ñuble y Biobío, por período que indica",CVE-2758582,https://www.diariooficial.interior.gob.cl/publicaciones/2026/01/24/44358/01/2758582.pdf,https://www.diariooficial.interior.gob.cl/edicionelectronica/index.php?date=24-01-2026&edition=44358
24-01-2026,44358,NORMAS GENERALES,"Extracto de resolución exenta número 3.496, de 2025.- Fija valores hora máximos, por participante, a imputarse con cargo a franquicia tributaria que establece el artículo 36 de la ley N° 19.518",CVE-2755139,https://www.diariooficial.interior.gob.cl/publicaciones/2026/01/24/44358/01/2755139.pdf,https://www.diariooficial.interior.gob.cl/edicionelectronica/index.php?date=24-01-2026&edition=44358
24-01-2026,44358,NORMAS GENERALES,"Resolución exenta número 54, de 2026.- Modifica resoluciones exentas Nº 1.917, de 1996, Nº 940, de 2003, Nº 902, de 2013, y Nº 1.567, de 2018 y delega facultades en los abogados encargados de las unidades de regularización de las Secretarías Regionales Ministeriales de Bienes Nacionales de las Regiones de Ñuble y del Biobío",CVE-2759924,https://www.diariooficial.interior.gob.cl/publicaciones/2026/01/24/44358/01/2759924.pdf,https://www.diariooficial.interior.gob.cl/edicionelectronica/index.php?date=24-01-2026&edition=44358
24-01-2026,44358,NORMAS GENERALES,"Resolución exenta número 55, de 2026.- Llama a ingreso de solicitudes para iniciar el procedimiento de emergencia de saneamiento del dominio de la pequeña propiedad raíz particular de acuerdo con el decreto ley Nº 2.695/79 para inmuebles respecto de los cuales los solicitantes carecen de título de dominio inscrito a su nombre o lo tienen imperfecto, ejercen posesión material, y se vieron afectados por los incendios ocurridos en las regiones de Ñuble y del Biobío, en enero de 2026",CVE-2759925,https://www.diariooficial.interior.gob.cl/publicaciones/2026/01/24/44358/01/2759925.pdf,https://www.diariooficial.interior.gob.cl/edicionelectronica/index.php?date=24-01-2026&edition=44358
26-01-2026,44359,NORMAS GENERALES,"Ley número 21.795.- Condona la deuda originada en los pagos en exceso, realizados erróneamente por las municipalidades, a los funcionarios y exfuncionarios que indica",CVE-2759174,https://www.diariooficial.interior.gob.cl/publicaciones/2026/01/26/44359/01/2759174.pdf,https://www.diariooficial.interior.gob.cl/edicionelectronica/index.php?date=26-01-2026&edition=44359
26-01-2026,44359,NORMAS GENERALES,"Resolución exenta número 18, de 2026.- Modifica resolución Nº 259 exenta, de 2021, en el sentido que designa un nuevo miembro titular y miembro subrogante en el Comité para la Fijación de Límites a las Tasas de Intercambio",CVE-2755270,https://www.diariooficial.interior.gob.cl/publicaciones/2026/01/26/44359/01/2755270.pdf,https://www.diariooficial.interior.gob.cl/edicionelectronica/index.php?date=26-01-2026&edition=44359
26-01-2026,44359,NORMAS GENERALES,"Resolución número 71, de 2025.- Ejecuta Acuerdo N° 29.467, del Comité Ejecutivo de Créditos de Corfo, adoptado en Sesión N° 10-2025, que aprueba la creación del programa denominado Programa Crédito Corfo H2V y aprueba reglamento de dicho programa",CVE-2756998,https://www.diariooficial.interior.gob.cl/publicaciones/2026/01/26/44359/01/2756998.pdf,https://www.diariooficial.interior.gob.cl/edicionelectronica/index.php?date=26-01-2026&edition=44359
26-01-2026,44359,NORMAS GENERALES,"Decreto número 32, de 2025.- Nombra alto directivo público a don Pedro Tomás Goic Boroevic, en el cargo de Director Nacional del Servicio Nacional de la Discapacidad",CVE-2755290,https://www.diariooficial.interior.gob.cl/publicaciones/2026/01/26/44359/01/2755290.pdf,https://www.diariooficial.interior.gob.cl/edicionelectronica/index.php?date=26-01-2026&edition=44359
26-01-2026,44359,NORMAS GENERALES,"Resolución exenta número 13, de 2026.- Delega facultades que indica en los (las) Secretarios(as) Regionales Ministeriales de Desarrollo Social y Familia para la ejecución del Programa Centros Comunitarios de Cuidados",CVE-2755406,https://www.diariooficial.interior.gob.cl/publicaciones/2026/01/26/44359/01/2755406.pdf,https://www.diariooficial.interior.gob.cl/edicionelectronica/index.php?date=26-01-2026&edition=44359
26-01-2026,44359,NORMAS GENERALES,"Resolución exenta número PE 744, de 2025.- Crea Sub-Oficina del Servicio de Registro Civil e Identificación en la comuna de Coquimbo, Región de Coquimbo",CVE-2755411,https://www.diariooficial.interior.gob.cl/publicaciones/2026/01/26/44359/01/2755411.pdf,https://www.diariooficial.interior.gob.cl/edicionelectronica/index.php?date=26-01-2026&edition=44359
26-01-2026,44359,NORMAS GENERALES,"Resolución exenta número 26, de 2026.- Fija tope imponible vigente durante 2026 para el pago de cotizaciones previsionales al Seguro de Cesantía",CVE-2755277,https://www.diariooficial.interior.gob.cl/publicaciones/2026/01/26/44359/01/2755277.pdf,https://www.diariooficial.interior.gob.cl/edicionelectronica/index.php?date=26-01-2026&edition=44359
26-01-2026,44359,NORMAS GENERALES,"Resolución exenta número 27, de 2026.- Fija tope imponible para las cotizaciones obligatorias del sistema de pensiones, de salud y de la ley de accidentes de trabajo",CVE-2755278,https://www.diariooficial.interior.gob.cl/publicaciones/2026/01/26/44359/01/2755278.pdf,https://www.diariooficial.interior.gob.cl/edicionelectronica/index.php?date=26-01-2026&edition=44359
26-01-2026,44359,NORMAS GENERALES,"Resolución exenta número 2, de 2026.- Incrementa monto mensual de la beca de médicos becarios de programas de formación en especialidades de Medicina de Urgencia, Medicina Intensiva, Medicina Familiar, Geriatría, Radioterapia Oncológica, Medicina Nuclear, Genética Clínica y Salud Pública",CVE-2755402,https://www.diariooficial.interior.gob.cl/publicaciones/2026/01/26/44359/01/2755402.pdf,https://www.diariooficial.interior.gob.cl/edicionelectronica/index.php?date=26-01-2026&edition=44359
26-01-2026,44359,NORMAS GENERALES,"Decreto exento número RA 272/66/2025, de 2025.- Establece orden de subrogación",CVE-2759022,https://www.diariooficial.interior.gob.cl/publicaciones/2026/01/26/44359/01/2759022.pdf,https://www.diariooficial.interior.gob.cl/edicionelectronica/index.php?date=26-01-2026&edition=44359
26-01-2026,44359,NORMAS GENERALES,"Decreto exento número RA 272/68/2025, de 2025.- Establece orden de subrogación",CVE-2759023,https://www.diariooficial.interior.gob.cl/publicaciones/2026/01/26/44359/01/2759023.pdf,https://www.diariooficial.interior.gob.cl/edicionelectronica/index.php?date=26-01-2026&edition=44359
26-01-2026,44359,NORMAS GENERALES,"Resolución exenta número 42, de 2026.- Modifica resolución Nº 2.588 exenta, de 2025, que llama a inscripción para la asignación de cupos de vivienda destinados a familias vulnerables beneficiarias de subsidio a los proyectos habitacionales seleccionados Pintor José Venturelli de Buin, Condominio Escritor Salvador Reyes de Colina, Gran Avenida Etapa 1 y Gran Avenida Etapa 2, ambos de El Bosque, Condominio San José 8 y Condominio San José 9, ambos de Lampa, Condominio Escritor Jorge Edwards (ex Travesía) de Pudahuel, Condominio Los Cipreses VII Lote X2, Condominio Los Cipreses VIII Lote X4, Condominio Punta Gruesa y Parcela 4 Etapa 1, todos de San Bernardo, y todos del Programa de Integración Social y Territorial, regulado por el decreto Nº 19, de 2016, y sus modificaciones, en la Región Metropolitana (Ord. Nº 97, de Serviu Metropolitano, de fecha 12-01-2026)",CVE-2757863,https://www.diariooficial.interior.gob.cl/publicaciones/2026/01/26/44359/01/2757863.pdf,https://www.diariooficial.interior.gob.cl/edicionelectronica/index.php?date=26-01-2026&edition=44359
26-01-2026,44359,NORMAS GENERALES,"Resolución exenta número 3.468, de 2025.- Declara libre de Mosca del Mediterráneo (Ceratitis capitata W.) el área regulada que indica. Brote San Felipe 27,2 Km mercado China, y deja sin efecto resoluciones exentas N° 901, N° 1.164 y N° 1.607, todas de 2025",CVE-2755359,https://www.diariooficial.interior.gob.cl/publicaciones/2026/01/26/44359/01/2755359.pdf,https://www.diariooficial.interior.gob.cl/edicionelectronica/index.php?date=26-01-2026&edition=44359
26-01-2026,44359,NORMAS GENERALES,"Resolución exenta número 3.469, de 2025.- Declara libre de Mosca del Mediterráneo (Ceratitis capitata W.) el área regulada que indica: Brote San Felipe 7,2 Km y deja sin efecto resoluciones exentas Nos. 900, 1.163 y 1.606, todas de 2025",CVE-2755358,https://www.diariooficial.interior.gob.cl/publicaciones/2026/01/26/44359/01/2755358.pdf,https://www.diariooficial.interior.gob.cl/edicionelectronica/index.php?date=26-01-2026&edition=44359
26-01-2026,44359,NORMAS GENERALES,"Resolución exenta número 3.488, de 2025.- Modifica resolución Nº 3.468 exenta, de 2025",CVE-2755357,https://www.diariooficial.interior.gob.cl/publicaciones/2026/01/26/44359/01/2755357.pdf,https://www.diariooficial.interior.gob.cl/edicionelectronica/index.php?date=26-01-2026&edition=44359
26-01-2026,44359,NORMAS GENERALES,"Resolución exenta número 5, de 2026.- Modifica resolución Nº 3.469 exenta, de 2025",CVE-2755360,https://www.diariooficial.interior.gob.cl/publicaciones/2026/01/26/44359/01/2755360.pdf,https://www.diariooficial.interior.gob.cl/edicionelectronica/index.php?date=26-01-2026&edition=44359
26-01-2026,44359,NORMAS GENERALES,"Extracto de resolución exenta número 2026140015, de 2026.- Notifica Resolución de Calificación Ambiental del Estudio de Impacto Ambiental del proyecto Ampliación y Mejoramiento del Sistema de Recolección y Tratamiento de las Aguas Servidas de Panguipulli",CVE-2758446,https://www.diariooficial.interior.gob.cl/publicaciones/2026/01/26/44359/01/2758446.pdf,https://www.diariooficial.interior.gob.cl/edicionelectronica/index.php?date=26-01-2026&edition=44359
26-01-2026,44359,NORMAS GENERALES,"Decreto exento número 2, de 2026.- Declara Monumento Nacional, en la categoría de Monumento Histórico, la Casa y Parque de las Esculturas de Marta Colvin y Fernando May, comuna de Chillán, Región de Ñuble",CVE-2755273,https://www.diariooficial.interior.gob.cl/publicaciones/2026/01/26/44359/01/2755273.pdf,https://www.diariooficial.interior.gob.cl/edicionelectronica/index.php?date=26-01-2026&edition=44359
26-01-2026,44359,NORMAS GENERALES,"Decreto exento número 3, de 2026.- Modifica decreto N° 521, de 2009, que declara monumento nacional en la categoría de Monumento Histórico El Pabellón Valentín Errázuriz y otros pabellones del Hospital San Borja Arriarán, comuna de Santiago, Región Metropolitana de Santiago",CVE-2755274,https://www.diariooficial.interior.gob.cl/publicaciones/2026/01/26/44359/01/2755274.pdf,https://www.diariooficial.interior.gob.cl/edicionelectronica/index.php?date=26-01-2026&edition=44359
26-01-2026,44359,NORMAS GENERALES,"Decreto exento número 207, de 2025.- Establece nuevo orden de subrogación en el cargo de Subsecretario/a de Ciencia, Tecnología, Conocimiento e Innovación y deja sin efecto decreto N° 3 exento, de 2021",CVE-2755280,https://www.diariooficial.interior.gob.cl/publicaciones/2026/01/26/44359/01/2755280.pdf,https://www.diariooficial.interior.gob.cl/edicionelectronica/index.php?date=26-01-2026&edition=44359
26-01-2026,44359,NORMAS GENERALES,Certificado Tipos de cambio y paridades de monedas extranjeras para efectos que señala,CVE-2760969,https://www.diariooficial.interior.gob.cl/publicaciones/2026/01/26/44359/01/2760969.pdf,https://www.diariooficial.interior.gob.cl/edicionelectronica/index.php?date=26-01-2026&edition=44359
27-01-2026,44360,NORMAS GENERALES,"Resolución exenta número 18, de 2026.- Fija vía de acceso a playa de mar la Boca de Rapel, comuna de Navidad, provincia de Cardenal Caro, Región del Libertador General Bernardo O'Higgins",CVE-2757745,https://www.diariooficial.interior.gob.cl/publicaciones/2026/01/27/44360/01/2757745.pdf,https://www.diariooficial.interior.gob.cl/edicionelectronica/index.php?date=27-01-2026&edition=44360
27-01-2026,44360,NORMAS GENERALES,"Resolución exenta número 2.730, de 2025.- Declara el término de la concesión otorgada a la Sra. Raquel Monsalve Mundaca, en el Aeródromo Pichoy de la ciudad de Valdivia, por fallecimiento del titular",CVE-2760444,https://www.diariooficial.interior.gob.cl/publicaciones/2026/01/27/44360/01/2760444.pdf,https://www.diariooficial.interior.gob.cl/edicionelectronica/index.php?date=27-01-2026&edition=44360
27-01-2026,44360,NORMAS GENERALES,"Decreto número 9, de 2026.- Establece medidas de índole tributaria para las comunas de las regiones de Ñuble y del Biobío que indica",CVE-2760185,https://www.diariooficial.interior.gob.cl/publicaciones/2026/01/27/44360/01/2760185.pdf,https://www.diariooficial.interior.gob.cl/edicionelectronica/index.php?date=27-01-2026&edition=44360
27-01-2026,44360,NORMAS GENERALES,"Extracto de resolución exenta número 73, de 2026.- Declara vacantes y abre período extraordinario de postulación de miembros titulares y suplentes del sector privado del Comité de Manejo de Pesquerías Bentónicas de la Región de Aysén del General Carlos Ibáñez del Campo",CVE-2755773,https://www.diariooficial.interior.gob.cl/publicaciones/2026/01/27/44360/01/2755773.pdf,https://www.diariooficial.interior.gob.cl/edicionelectronica/index.php?date=27-01-2026&edition=44360
27-01-2026,44360,NORMAS GENERALES,"Extracto de resolución exenta número 75, de 2026.- Modifica la resolución N° 3.004 exenta de 2024, que extendió período de pesca con extracción de salmón Chinook en un área acotada del río Aysén para la pesca recreativa",CVE-2755779,https://www.diariooficial.interior.gob.cl/publicaciones/2026/01/27/44360/01/2755779.pdf,https://www.diariooficial.interior.gob.cl/edicionelectronica/index.php?date=27-01-2026&edition=44360
27-01-2026,44360,NORMAS GENERALES,"Decreto número 129, de 2025.- Modifica decreto Nº 773, de 1997, incorporando reglas especiales de vigencia de la Cédula Nacional de Identidad para personas mayores",CVE-2757466,https://www.diariooficial.interior.gob.cl/publicaciones/2026/01/27/44360/01/2757466.pdf,https://www.diariooficial.interior.gob.cl/edicionelectronica/index.php?date=27-01-2026&edition=44360
27-01-2026,44360,NORMAS GENERALES,"Decreto exento número 80, de 2026.- Designa subrogantes en el cargo de Subsecretario/a de Justicia y deja sin efecto decreto N° 349 exento, de 2023",CVE-2755788,https://www.diariooficial.interior.gob.cl/publicaciones/2026/01/27/44360/01/2755788.pdf,https://www.diariooficial.interior.gob.cl/edicionelectronica/index.php?date=27-01-2026&edition=44360
27-01-2026,44360,NORMAS GENERALES,"Decreto número 13, de 2025.- Aprueba reglamento del artículo 25 bis de la ley Nº 19.728 sobre seguro obligatorio de cesantía, y deroga decreto Nº 91, de 2009",CVE-2759019,https://www.diariooficial.interior.gob.cl/publicaciones/2026/01/27/44360/01/2759019.pdf,https://www.diariooficial.interior.gob.cl/edicionelectronica/index.php?date=27-01-2026&edition=44360
27-01-2026,44360,NORMAS GENERALES,"Decreto número 67, de 2025.- Aprueba normas necesarias para el funcionamiento del Consejo Asesor de Licitaciones de Cuentas de Capitalización Individual a que se refiere el inciso final del artículo 166 bis del decreto ley N° 3.500, de 1980, incorporado por la ley N° 21.735",CVE-2755800,https://www.diariooficial.interior.gob.cl/publicaciones/2026/01/27/44360/01/2755800.pdf,https://www.diariooficial.interior.gob.cl/edicionelectronica/index.php?date=27-01-2026&edition=44360
27-01-2026,44360,NORMAS GENERALES,"Extracto de resolución exenta número 8.189, de 2025.- Aprueba prórroga del plazo para el cumplimiento de la resolución número E2854/24 exenta",CVE-2757501,https://www.diariooficial.interior.gob.cl/publicaciones/2026/01/27/44360/01/2757501.pdf,https://www.diariooficial.interior.gob.cl/edicionelectronica/index.php?date=27-01-2026&edition=44360
27-01-2026,44360,NORMAS GENERALES,"Extracto de resolución exenta número E049, de 2026.- Aprueba la actualización del Comité de Expertos en Farmacovigilancia y deja sin efecto resoluciones exentas que indica",CVE-2757503,https://www.diariooficial.interior.gob.cl/publicaciones/2026/01/27/44360/01/2757503.pdf,https://www.diariooficial.interior.gob.cl/edicionelectronica/index.php?date=27-01-2026&edition=44360
27-01-2026,44360,NORMAS GENERALES,"Extracto de resolución exenta número E140, de 2026.- Establece directrices para aplicar mecanismos de confianza regulatoria en funciones del Subdepartamento Farmacovigilancia del Departamento Agencia Nacional de Medicamentos",CVE-2757502,https://www.diariooficial.interior.gob.cl/publicaciones/2026/01/27/44360/01/2757502.pdf,https://www.diariooficial.interior.gob.cl/edicionelectronica/index.php?date=27-01-2026&edition=44360
27-01-2026,44360,NORMAS GENERALES,"Decreto número 24, de 2024.- Aprueba Plan Sectorial de Mitigación al Cambio Climático del Sector de Agricultura en el marco de la ley N° 21.455",CVE-2753861,https://www.diariooficial.interior.gob.cl/publicaciones/2026/01/27/44360/01/2753861.pdf,https://www.diariooficial.interior.gob.cl/edicionelectronica/index.php?date=27-01-2026&edition=44360
27-01-2026,44360,NORMAS GENERALES,"Resolución exenta número 8, de 2026.- Amplia área de regulaciones cuarentenarias para el control y erradicación de la Mosca del Mediterráneo (Ceratitis capitata W.) para el mercado de China",CVE-2757118,https://www.diariooficial.interior.gob.cl/publicaciones/2026/01/27/44360/01/2757118.pdf,https://www.diariooficial.interior.gob.cl/edicionelectronica/index.php?date=27-01-2026&edition=44360
27-01-2026,44360,NORMAS GENERALES,"Resolución exenta número 9, de 2026.- Amplía área de regulaciones cuarentenarias para el control y erradicación de la Mosca del Mediterráneo (Ceratitis capitata W.) en los lugares que indica",CVE-2757119,https://www.diariooficial.interior.gob.cl/publicaciones/2026/01/27/44360/01/2757119.pdf,https://www.diariooficial.interior.gob.cl/edicionelectronica/index.php?date=27-01-2026&edition=44360
27-01-2026,44360,NORMAS GENERALES,"Resolución exenta número 7, de 2026.- Declara libre de la Mosca del Mediterráneo Ceratitis capitata (Wied.), el área regulada de la comuna de Huara, establecidas mediante resoluciones exentas N° 745 y N° 748, de 2025, y sus modificaciones, todas emitidas en 2025 por la Dirección Regional de Tarapacá del SAG, y deroga dichos actos administrativos",CVE-2757167,https://www.diariooficial.interior.gob.cl/publicaciones/2026/01/27/44360/01/2757167.pdf,https://www.diariooficial.interior.gob.cl/edicionelectronica/index.php?date=27-01-2026&edition=44360
27-01-2026,44360,NORMAS GENERALES,"Decreto número 141, de 2025.- Nombra a don Jean Pierre Ugarte Ayala como Secretario Regional Ministerial de Transportes y Telecomunicaciones de la Región de Valparaíso",CVE-2759256,https://www.diariooficial.interior.gob.cl/publicaciones/2026/01/27/44360/01/2759256.pdf,https://www.diariooficial.interior.gob.cl/edicionelectronica/index.php?date=27-01-2026&edition=44360
27-01-2026,44360,NORMAS GENERALES,"Resolución exenta número 27, de 2026.- Modifica resolución N° 462 exenta, de 2007",CVE-2759307,https://www.diariooficial.interior.gob.cl/publicaciones/2026/01/27/44360/01/2759307.pdf,https://www.diariooficial.interior.gob.cl/edicionelectronica/index.php?date=27-01-2026&edition=44360
27-01-2026,44360,NORMAS GENERALES,"Resolución exenta número 1, de 2026.- Fija trazados a servicios de locomoción colectiva rural al interior de la zona urbana de la comuna de Lonquimay y deja sin efecto resolución N° 1.004 exenta, de 2010",CVE-2759117,https://www.diariooficial.interior.gob.cl/publicaciones/2026/01/27/44360/01/2759117.pdf,https://www.diariooficial.interior.gob.cl/edicionelectronica/index.php?date=27-01-2026&edition=44360
27-01-2026,44360,NORMAS GENERALES,"Decreto exento número 323, de 2025.- Establece orden especial de subrogación del cargo de Secretario/a Regional Ministerial de Energía de la Región de Arica y Parinacota",CVE-2759013,https://www.diariooficial.interior.gob.cl/publicaciones/2026/01/27/44360/01/2759013.pdf,https://www.diariooficial.interior.gob.cl/edicionelectronica/index.php?date=27-01-2026&edition=44360
27-01-2026,44360,NORMAS GENERALES,"Decreto número 33, de 2025.- Comisiona a doña María Heloísa Juana Rojas Corradi, Ministra del Medio Ambiente, a Ciudad de México, México",CVE-2758817,https://www.diariooficial.interior.gob.cl/publicaciones/2026/01/27/44360/01/2758817.pdf,https://www.diariooficial.interior.gob.cl/edicionelectronica/index.php?date=27-01-2026&edition=44360
27-01-2026,44360,NORMAS GENERALES,"Decreto número 46, de 2025.- Acepta renuncia de doña Patricia Ibáñez Crino, al cargo de Directora Nacional del Servicio de Biodiversidad y Áreas Protegidas",CVE-2758816,https://www.diariooficial.interior.gob.cl/publicaciones/2026/01/27/44360/01/2758816.pdf,https://www.diariooficial.interior.gob.cl/edicionelectronica/index.php?date=27-01-2026&edition=44360
27-01-2026,44360,NORMAS GENERALES,"Decreto número 47, de 2025.- Nombra a don Aarón Reginaldo Cavieres Cancino en el cargo de Director Nacional del Servicio de Biodiversidad y Áreas Protegidas",CVE-2758815,https://www.diariooficial.interior.gob.cl/publicaciones/2026/01/27/44360/01/2758815.pdf,https://www.diariooficial.interior.gob.cl/edicionelectronica/index.php?date=27-01-2026&edition=44360
27-01-2026,44360,NORMAS GENERALES,"Decreto número 50, de 2025.- Acepta renuncia voluntaria de don Gustavo Aarón Riveros Adasme al cargo de Secretario Regional Ministerial del Medio Ambiente de la Región de Antofagasta",CVE-2758814,https://www.diariooficial.interior.gob.cl/publicaciones/2026/01/27/44360/01/2758814.pdf,https://www.diariooficial.interior.gob.cl/edicionelectronica/index.php?date=27-01-2026&edition=44360
27-01-2026,44360,NORMAS GENERALES,"Decreto exento número 4, de 2024.- Establece nuevo orden de subrogancia al cargo de Secretaria(o) Regional Ministerial del Medio Ambiente de la Región de Arica y Parinacota y deja sin efecto decreto N° 7 exento, de 2023",CVE-2758822,https://www.diariooficial.interior.gob.cl/publicaciones/2026/01/27/44360/01/2758822.pdf,https://www.diariooficial.interior.gob.cl/edicionelectronica/index.php?date=27-01-2026&edition=44360
27-01-2026,44360,NORMAS GENERALES,"Decreto exento número 12, de 2024.- Establece nuevo orden de subrogancia del Secretario Regional Ministerial del Medio Ambiente de la Región de Los Ríos",CVE-2758818,https://www.diariooficial.interior.gob.cl/publicaciones/2026/01/27/44360/01/2758818.pdf,https://www.diariooficial.interior.gob.cl/edicionelectronica/index.php?date=27-01-2026&edition=44360
27-01-2026,44360,NORMAS GENERALES,"Decreto exento número 8, de 2025.- Establece nuevo orden de subrogancia al cargo de Secretaria(o) Regional Ministerial del Medio Ambiente de la Región de Arica y Parinacota y deja sin efecto decreto N° 4 exento, de 2024",CVE-2758821,https://www.diariooficial.interior.gob.cl/publicaciones/2026/01/27/44360/01/2758821.pdf,https://www.diariooficial.interior.gob.cl/edicionelectronica/index.php?date=27-01-2026&edition=44360
27-01-2026,44360,NORMAS GENERALES,"Decreto exento número 10, de 2025.- Establece nuevo orden de subrogancia del Secretario o Secretaria Regional Ministerial del Medio Ambiente de la Región de Aysén del General Carlos Ibáñez del Campo",CVE-2758820,https://www.diariooficial.interior.gob.cl/publicaciones/2026/01/27/44360/01/2758820.pdf,https://www.diariooficial.interior.gob.cl/edicionelectronica/index.php?date=27-01-2026&edition=44360
27-01-2026,44360,NORMAS GENERALES,"Decreto exento número 11, de 2025.- Establece orden de subrogancia de la Secretaria Regional Ministerial de la Región de Magallanes y de la Antártica Chilena",CVE-2758819,https://www.diariooficial.interior.gob.cl/publicaciones/2026/01/27/44360/01/2758819.pdf,https://www.diariooficial.interior.gob.cl/edicionelectronica/index.php?date=27-01-2026&edition=44360
27-01-2026,44360,NORMAS GENERALES,"Decreto exento número RA 118894/269/2025, de 2025.- Establece orden de subrogación",CVE-2758813,https://www.diariooficial.interior.gob.cl/publicaciones/2026/01/27/44360/01/2758813.pdf,https://www.diariooficial.interior.gob.cl/edicionelectronica/index.php?date=27-01-2026&edition=44360
27-01-2026,44360,NORMAS GENERALES,"Extracto de resolución exenta número 202599101934, de 2025.- Tiene presente la observancia del criterio técnico de evaluación en el SEIA: Lineamientos técnicos para el desarrollo de monitoreos participativos en el SEIA",CVE-2759267,https://www.diariooficial.interior.gob.cl/publicaciones/2026/01/27/44360/01/2759267.pdf,https://www.diariooficial.interior.gob.cl/edicionelectronica/index.php?date=27-01-2026&edition=44360
27-01-2026,44360,NORMAS GENERALES,"Extracto de resolución exenta número 202506001250, de 2025.- Notifica Resolución de Calificación Ambiental del proyecto Regularización de Obras de Habilitación, Construcción de Equipamientos y Operación de Parcelación Punta Puertecillo",CVE-2759030,https://www.diariooficial.interior.gob.cl/publicaciones/2026/01/27/44360/01/2759030.pdf,https://www.diariooficial.interior.gob.cl/edicionelectronica/index.php?date=27-01-2026&edition=44360
27-01-2026,44360,NORMAS GENERALES,"Extracto de resolución exenta número 2026060015, de 2026.- Inicia proceso de participación ciudadana Declaración de Impacto Ambiental Proyecto Habitacional Mirador El Águila",CVE-2759540,https://www.diariooficial.interior.gob.cl/publicaciones/2026/01/27/44360/01/2759540.pdf,https://www.diariooficial.interior.gob.cl/edicionelectronica/index.php?date=27-01-2026&edition=44360
27-01-2026,44360,NORMAS GENERALES,Certificado Tipos de cambio y paridades de monedas extranjeras para efectos que señala,CVE-2761748,https://www.diariooficial.interior.gob.cl/publicaciones/2026/01/27/44360/01/2761748.pdf,https://www.diariooficial.interior.gob.cl/edicionelectronica/index.php?date=27-01-2026&edition=44360
27-01-2026,44360,NORMAS GENERALES,"Decreto alcaldicio número 126, de 2026.- Refunde el texto de la enmienda de la ordenanza del Plan Regulador de la Comuna de El Bosque 2025 (EPRC2025)",CVE-2755442,https://www.diariooficial.interior.gob.cl/publicaciones/2026/01/27/44360/01/2755442.pdf,https://www.diariooficial.interior.gob.cl/edicionelectronica/index.php?date=27-01-2026&edition=44360
28-01-2026,44361,NORMAS GENERALES,"Decreto número 1.846, de 2025.- Autoriza fondos globales en efectivo para operaciones menores y viáticos año 2026",CVE-2759403,https://www.diariooficial.interior.gob.cl/publicaciones/2026/01/28/44361/01/2759403.pdf,https://www.diariooficial.interior.gob.cl/edicionelectronica/index.php?date=28-01-2026&edition=44361
28-01-2026,44361,NORMAS GENERALES,"Decreto número 1.847, de 2025.- Autoriza fondos aprobados como Aporte Fiscal Libre al Servicio de Tesorerías",CVE-2759411,https://www.diariooficial.interior.gob.cl/publicaciones/2026/01/28/44361/01/2759411.pdf,https://www.diariooficial.interior.gob.cl/edicionelectronica/index.php?date=28-01-2026&edition=44361
28-01-2026,44361,NORMAS GENERALES,"Decreto exento número 7, de 2026.- Amplía listado de peritos de las regiones que indica",CVE-2756770,https://www.diariooficial.interior.gob.cl/publicaciones/2026/01/28/44361/01/2756770.pdf,https://www.diariooficial.interior.gob.cl/edicionelectronica/index.php?date=28-01-2026&edition=44361
28-01-2026,44361,NORMAS GENERALES,"Decreto exento número 14, de 2026.- Aplica rebajas de derechos de aduana para la importación de azúcar cruda, azúcar refinada grados 1 y 2, y azúcar refinada grados 3 y 4, y subestándares",CVE-2759186,https://www.diariooficial.interior.gob.cl/publicaciones/2026/01/28/44361/01/2759186.pdf,https://www.diariooficial.interior.gob.cl/edicionelectronica/index.php?date=28-01-2026&edition=44361
28-01-2026,44361,NORMAS GENERALES,"Decreto exento número 20, de 2026.- Determina el componente variable para el cálculo del impuesto específico establecido en la ley N° 18.502",CVE-2762257,https://www.diariooficial.interior.gob.cl/publicaciones/2026/01/28/44361/01/2762257.pdf,https://www.diariooficial.interior.gob.cl/edicionelectronica/index.php?date=28-01-2026&edition=44361
28-01-2026,44361,NORMAS GENERALES,"Resolución exenta número 6, de 2026.- Actualiza nómina de funcionarios(as) que tienen la calidad de sujetos pasivos, según lo dispuesto en la ley N° 20.730, que regula el lobby y las gestiones que representen intereses particulares ante las autoridades y funcionarios",CVE-2759415,https://www.diariooficial.interior.gob.cl/publicaciones/2026/01/28/44361/01/2759415.pdf,https://www.diariooficial.interior.gob.cl/edicionelectronica/index.php?date=28-01-2026&edition=44361
28-01-2026,44361,NORMAS GENERALES,"Resolución número 69, de 2026.- Asigna función subrogante por el Ministerio de la ley a los funcionarios que indica",CVE-2759262,https://www.diariooficial.interior.gob.cl/publicaciones/2026/01/28/44361/01/2759262.pdf,https://www.diariooficial.interior.gob.cl/edicionelectronica/index.php?date=28-01-2026&edition=44361
28-01-2026,44361,NORMAS GENERALES,"Extracto de resolución exenta número 101, de 2026.- Modifica resolución N° 2.384 exenta, de 2025, que establece agrupaciones de concesiones de acuicultura de salmónidos en las regiones de Los Lagos, de Aysén del General Carlos Ibáñez del Campo y de Magallanes y la Antártica Chilena",CVE-2756775,https://www.diariooficial.interior.gob.cl/publicaciones/2026/01/28/44361/01/2756775.pdf,https://www.diariooficial.interior.gob.cl/edicionelectronica/index.php?date=28-01-2026&edition=44361
28-01-2026,44361,NORMAS GENERALES,"Extracto de resolución exenta número 44, de 2026.- Establece procedimiento de inscripción de pesquería que indica",CVE-2757175,https://www.diariooficial.interior.gob.cl/publicaciones/2026/01/28/44361/01/2757175.pdf,https://www.diariooficial.interior.gob.cl/edicionelectronica/index.php?date=28-01-2026&edition=44361
28-01-2026,44361,NORMAS GENERALES,"Resolución exenta número 93, de 2026.- Modifica resolución N° 9.541 exenta, de 2025, que estableció política de cuotas de equidad de género aprobada por el Comité Técnico de Acceso del Subsistema Universitario",CVE-2755951,https://www.diariooficial.interior.gob.cl/publicaciones/2026/01/28/44361/01/2755951.pdf,https://www.diariooficial.interior.gob.cl/edicionelectronica/index.php?date=28-01-2026&edition=44361
28-01-2026,44361,NORMAS GENERALES,"Resolución exenta número 94, de 2026.- Modifica resolución número 1.652 exenta, de 2023, que estableció obligatoriedad de utilización de la prueba de acceso a la educación superior de Competencia Matemática 2, para el proceso de admisión 2024 y siguientes, para las carreras que indica, determinadas por el Comité Técnico de Acceso del Subsistema Universitario",CVE-2755956,https://www.diariooficial.interior.gob.cl/publicaciones/2026/01/28/44361/01/2755956.pdf,https://www.diariooficial.interior.gob.cl/edicionelectronica/index.php?date=28-01-2026&edition=44361
28-01-2026,44361,NORMAS GENERALES,"Decreto exento número 4, de 2026.- Dispone orden de subrogación del Director(a) del Servicio Nacional de Capacitación y Empleo",CVE-2760213,https://www.diariooficial.interior.gob.cl/publicaciones/2026/01/28/44361/01/2760213.pdf,https://www.diariooficial.interior.gob.cl/edicionelectronica/index.php?date=28-01-2026&edition=44361
28-01-2026,44361,NORMAS GENERALES,"Decreto número 24, de 2025.- Renueva nombramiento de doña Andrea Carolina García Lizama en el cargo de Directora Nacional de la Oficina de Estudios y Políticas Agrarias",CVE-2756668,https://www.diariooficial.interior.gob.cl/publicaciones/2026/01/28/44361/01/2756668.pdf,https://www.diariooficial.interior.gob.cl/edicionelectronica/index.php?date=28-01-2026&edition=44361
28-01-2026,44361,NORMAS GENERALES,"Resolución exenta número 268, de 2026.- Establece restricción que indica, en el sitio de inspección de mercancías de importación DP World San Antonio S.A.",CVE-2757179,https://www.diariooficial.interior.gob.cl/publicaciones/2026/01/28/44361/01/2757179.pdf,https://www.diariooficial.interior.gob.cl/edicionelectronica/index.php?date=28-01-2026&edition=44361
28-01-2026,44361,NORMAS GENERALES,"Resolución exenta número 269, de 2026.- Establece restricción que indica, en el sitio de inspección de mercancías de importación San Antonio Terminal Internacional S.A. (STI)",CVE-2757178,https://www.diariooficial.interior.gob.cl/publicaciones/2026/01/28/44361/01/2757178.pdf,https://www.diariooficial.interior.gob.cl/edicionelectronica/index.php?date=28-01-2026&edition=44361
28-01-2026,44361,NORMAS GENERALES,"Resolución exenta número 34, de 2026.- Establece el Programa de Auditorías Periódicas de Planes de Cierre para ser presentados el año 2026, conforme con lo establecido en la ley 20.551 que regula el cierre de faenas e instalaciones mineras, su reglamento, y requere publicación que indica",CVE-2756667,https://www.diariooficial.interior.gob.cl/publicaciones/2026/01/28/44361/01/2756667.pdf,https://www.diariooficial.interior.gob.cl/edicionelectronica/index.php?date=28-01-2026&edition=44361
28-01-2026,44361,NORMAS GENERALES,"Decreto exento número 53, de 2026.- Certifica extinción de concesión de radiodifusión comunitaria ciudadana para la comuna de La Ligua",CVE-2759213,https://www.diariooficial.interior.gob.cl/publicaciones/2026/01/28/44361/01/2759213.pdf,https://www.diariooficial.interior.gob.cl/edicionelectronica/index.php?date=28-01-2026&edition=44361
28-01-2026,44361,NORMAS GENERALES,"Resolución exenta número 141, de 2026.- Deja sin efecto norma técnica sobre fundamentos generales de ciberseguridad para el diseño, instalación y operación de redes y sistemas utilizados para la prestación de servicios de telecomunicaciones",CVE-2757754,https://www.diariooficial.interior.gob.cl/publicaciones/2026/01/28/44361/01/2757754.pdf,https://www.diariooficial.interior.gob.cl/edicionelectronica/index.php?date=28-01-2026&edition=44361
28-01-2026,44361,NORMAS GENERALES,"Resolución exenta número 31, de 2026.- Aprueba proyecto ciclovía Construcción Red Corto Plazo de Ciclovías, comuna de Parral",CVE-2759739,https://www.diariooficial.interior.gob.cl/publicaciones/2026/01/28/44361/01/2759739.pdf,https://www.diariooficial.interior.gob.cl/edicionelectronica/index.php?date=28-01-2026&edition=44361
28-01-2026,44361,NORMAS GENERALES,"Resolución exenta número 32, de 2026.- Aprueba proyecto ciclovía Construcción Red Corto Plazo de Ciclovías, comuna de Molina",CVE-2759735,https://www.diariooficial.interior.gob.cl/publicaciones/2026/01/28/44361/01/2759735.pdf,https://www.diariooficial.interior.gob.cl/edicionelectronica/index.php?date=28-01-2026&edition=44361
28-01-2026,44361,NORMAS GENERALES,"Decreto exento número 28, de 2026.- Determina precios de referencia para combustibles derivados del petróleo",CVE-2762220,https://www.diariooficial.interior.gob.cl/publicaciones/2026/01/28/44361/01/2762220.pdf,https://www.diariooficial.interior.gob.cl/edicionelectronica/index.php?date=28-01-2026&edition=44361
28-01-2026,44361,NORMAS GENERALES,"Decreto exento número 29, de 2026.- Fija precios de paridad para combustibles derivados del petróleo",CVE-2762222,https://www.diariooficial.interior.gob.cl/publicaciones/2026/01/28/44361/01/2762222.pdf,https://www.diariooficial.interior.gob.cl/edicionelectronica/index.php?date=28-01-2026&edition=44361
28-01-2026,44361,NORMAS GENERALES,"Decreto exento número 30, de 2026.- Fija precios de referencia y paridad para kerosene doméstico",CVE-2762223,https://www.diariooficial.interior.gob.cl/publicaciones/2026/01/28/44361/01/2762223.pdf,https://www.diariooficial.interior.gob.cl/edicionelectronica/index.php?date=28-01-2026&edition=44361
28-01-2026,44361,NORMAS GENERALES,"Oficio Circular número 313.873, de 2026.- Prohíbe transitoriamente la comercialización del producto cargador de ceular, marca MLAB, modelo 9272, sello SEC QR número 488000",CVE-2757288,https://www.diariooficial.interior.gob.cl/publicaciones/2026/01/28/44361/01/2757288.pdf,https://www.diariooficial.interior.gob.cl/edicionelectronica/index.php?date=28-01-2026&edition=44361
28-01-2026,44361,NORMAS GENERALES,"Extracto de resolución exenta número 295, de 2026.- Amplía el plazo de consulta pública de la propuesta de creación del área de conservación de múltiples usos Soncor, en el marco de la red de salares protegidos para la Región de Antofagasta",CVE-2759743,https://www.diariooficial.interior.gob.cl/publicaciones/2026/01/28/44361/01/2759743.pdf,https://www.diariooficial.interior.gob.cl/edicionelectronica/index.php?date=28-01-2026&edition=44361
28-01-2026,44361,NORMAS GENERALES,"Extracto de resolución exenta número 20269910135, de 2026.- Notifica resolución en procedimiento de reclamación atingente al proyecto Copiaport-E, cuyo proponente es Copiaport-E Operaciones Marítimas SpA",CVE-2759034,https://www.diariooficial.interior.gob.cl/publicaciones/2026/01/28/44361/01/2759034.pdf,https://www.diariooficial.interior.gob.cl/edicionelectronica/index.php?date=28-01-2026&edition=44361
28-01-2026,44361,NORMAS GENERALES,"Resolución número 9, de 2025.- Promulga aprobación de la modificación del Plan Regulador Comunal de Osorno - Barrio Parque Integrado, Sector Rahue Bajo",CVE-2754816,https://www.diariooficial.interior.gob.cl/publicaciones/2026/01/28/44361/01/2754816.pdf,https://www.diariooficial.interior.gob.cl/edicionelectronica/index.php?date=28-01-2026&edition=44361
28-01-2026,44361,NORMAS GENERALES,"Resolución exenta número 279, de 2026.- Complementa resolución N° 2.267 exenta, de 2025, de este origen, que modificó la estructura y funciones de la División de Infraestructura y Regulación de la Contraloría General de la República",CVE-2761499,https://www.diariooficial.interior.gob.cl/publicaciones/2026/01/28/44361/01/2761499.pdf,https://www.diariooficial.interior.gob.cl/edicionelectronica/index.php?date=28-01-2026&edition=44361
28-01-2026,44361,NORMAS GENERALES,Certificado Tipos de cambio y paridades de monedas extranjeras para efectos que señala,CVE-2762364,https://www.diariooficial.interior.gob.cl/publicaciones/2026/01/28/44361/01/2762364.pdf,https://www.diariooficial.interior.gob.cl/edicionelectronica/index.php?date=28-01-2026&edition=44361
29-01-2026,44362,NORMAS GENERALES,"Resolución exenta número 13, de 2026.- Cita a audiencia y notifica por Diario Oficial en el marco del procedimiento administrativo que fija acceso a playa Caunahue",CVE-2757037,https://www.diariooficial.interior.gob.cl/publicaciones/2026/01/29/44362/01/2757037.pdf,https://www.diariooficial.interior.gob.cl/edicionelectronica/index.php?date=29-01-2026&edition=44362
29-01-2026,44362,NORMAS GENERALES,"Decreto número 79, de 2025.- Designa en comisión de servicio a doña Verónica Pardo Lagos, Subsecretaria de Turismo, a la ciudad de Sao Paulo, Brasil",CVE-2757663,https://www.diariooficial.interior.gob.cl/publicaciones/2026/01/29/44362/01/2757663.pdf,https://www.diariooficial.interior.gob.cl/edicionelectronica/index.php?date=29-01-2026&edition=44362
29-01-2026,44362,NORMAS GENERALES,"Decreto número 82, de 2025.- Destina en comisión de servicio a doña Verónica Pardo Lagos, Subsecretaria de Turismo, a la ciudad de Buenos Aires, Argentina",CVE-2757665,https://www.diariooficial.interior.gob.cl/publicaciones/2026/01/29/44362/01/2757665.pdf,https://www.diariooficial.interior.gob.cl/edicionelectronica/index.php?date=29-01-2026&edition=44362
29-01-2026,44362,NORMAS GENERALES,"Decreto número 83, de 2025.- Designa en comisión de servicio a don Julio Salas Gutiérrez, Subsecretario de Pesca y Acuicultura, a la ciudad de Vigo, España",CVE-2757681,https://www.diariooficial.interior.gob.cl/publicaciones/2026/01/29/44362/01/2757681.pdf,https://www.diariooficial.interior.gob.cl/edicionelectronica/index.php?date=29-01-2026&edition=44362
29-01-2026,44362,NORMAS GENERALES,"Decreto número 84, de 2025.- Comisiona a doña Verónica Pardo Lagos, Subsecretaria de Turismo, a las ciudades de Riad, Arabia Saudita y Estambul, Turquía",CVE-2757543,https://www.diariooficial.interior.gob.cl/publicaciones/2026/01/29/44362/01/2757543.pdf,https://www.diariooficial.interior.gob.cl/edicionelectronica/index.php?date=29-01-2026&edition=44362
29-01-2026,44362,NORMAS GENERALES,"Decreto número 85, de 2025.- Comisiona a doña Verónica Pardo Lagos, Subsecretaria de Turismo, a la ciudad de Brasilia, Brasil",CVE-2757678,https://www.diariooficial.interior.gob.cl/publicaciones/2026/01/29/44362/01/2757678.pdf,https://www.diariooficial.interior.gob.cl/edicionelectronica/index.php?date=29-01-2026&edition=44362
29-01-2026,44362,NORMAS GENERALES,"Resolución exenta número 147, de 2026.- Fija arancel de inscripción de la Prueba de Acceso a la Educación Superior para el proceso de admisión 2027, del sistema de acceso a las instituciones de educación superior",CVE-2757670,https://www.diariooficial.interior.gob.cl/publicaciones/2026/01/29/44362/01/2757670.pdf,https://www.diariooficial.interior.gob.cl/edicionelectronica/index.php?date=29-01-2026&edition=44362
29-01-2026,44362,NORMAS GENERALES,"Resolución exenta número 112, de 2026.- Deja sin efecto resolución N° 2.066 exenta, de 2025; modifica resolución N° 250 exenta, de 2025, que llama a proceso de selección en condiciones especiales para el otorgamiento de subsidios habitacionales del Fondo Solidario de Elección de Vivienda, regulado por decreto N° 49, de 2011, en la alternativa de postulación individual y colectiva para las tipologías de Pequeño Condominio, Densificación Predial y Construcción en Sitio Propio, incluyendo el procedimiento de Autoconstrucción Asistida en los casos que procede; y aprueba nómina de proyectos calificados al 25 de septiembre de 2025",CVE-2759795,https://www.diariooficial.interior.gob.cl/publicaciones/2026/01/29/44362/01/2759795.pdf,https://www.diariooficial.interior.gob.cl/edicionelectronica/index.php?date=29-01-2026&edition=44362
29-01-2026,44362,NORMAS GENERALES,"Resolución exenta número 115, de 2026.- Aprueba convenios con profesionales que cumplieron con los requisitos del segundo proceso de acreditación 2025 para actuar como evaluadores energéticos del Sistema de Calificación Energética de Viviendas en Chile, y designa a profesionales como evaluadores energéticos externos del mismo sistema",CVE-2759796,https://www.diariooficial.interior.gob.cl/publicaciones/2026/01/29/44362/01/2759796.pdf,https://www.diariooficial.interior.gob.cl/edicionelectronica/index.php?date=29-01-2026&edition=44362
29-01-2026,44362,NORMAS GENERALES,"Resolución exenta número 768, de 2025.- Declara como admisibles y elegibles las propuestas presentadas en llamado regional Programa Pequeñas Localidades (2025), sancionado por resolución N° 549 exenta, de 2025, y selecciona la propuesta de la localidad Máfil, de la comuna de Máfil",CVE-2757586,https://www.diariooficial.interior.gob.cl/publicaciones/2026/01/29/44362/01/2757586.pdf,https://www.diariooficial.interior.gob.cl/edicionelectronica/index.php?date=29-01-2026&edition=44362
29-01-2026,44362,NORMAS GENERALES,"Decreto número 22, de 2025.- Designa en comisión de servicio a doña María Ignacia Fernández Gatica, Ministra de Agricultura, a la ciudad de México, República de México",CVE-2757550,https://www.diariooficial.interior.gob.cl/publicaciones/2026/01/29/44362/01/2757550.pdf,https://www.diariooficial.interior.gob.cl/edicionelectronica/index.php?date=29-01-2026&edition=44362
29-01-2026,44362,NORMAS GENERALES,"Resolución exenta número 9.460, de 2025.- Aprueba proyecto Ciclovía Av. El Bosque, comuna de Las Condes",CVE-2760529,https://www.diariooficial.interior.gob.cl/publicaciones/2026/01/29/44362/01/2760529.pdf,https://www.diariooficial.interior.gob.cl/edicionelectronica/index.php?date=29-01-2026&edition=44362
29-01-2026,44362,NORMAS GENERALES,"Resolución exenta número 74, de 2026.- Aprueba proyecto de ciclovía Calle 1, Tramo Santa Rosa - Joaquín Edwards Bello, comuna de La Pintana",CVE-2760242,https://www.diariooficial.interior.gob.cl/publicaciones/2026/01/29/44362/01/2760242.pdf,https://www.diariooficial.interior.gob.cl/edicionelectronica/index.php?date=29-01-2026&edition=44362
29-01-2026,44362,NORMAS GENERALES,"Extracto de resolución exenta número 9.593, de 2025.- Aprueba anteproyecto de la Norma de Emisión para Calderas, y lo somete a consulta pública",CVE-2757825,https://www.diariooficial.interior.gob.cl/publicaciones/2026/01/29/44362/01/2757825.pdf,https://www.diariooficial.interior.gob.cl/edicionelectronica/index.php?date=29-01-2026&edition=44362
29-01-2026,44362,NORMAS GENERALES,"Resolución exenta número 1.026, de 2025.- Fija reglas de funcionamiento de Oficina de Partes, Oficinas Regionales y Sección de Atención a Público y Regulados de la Superintendencia del Medio Ambiente, y deja sin efecto resolución N° 349 exenta, de 2023",CVE-2761100,https://www.diariooficial.interior.gob.cl/publicaciones/2026/01/29/44362/01/2761100.pdf,https://www.diariooficial.interior.gob.cl/edicionelectronica/index.php?date=29-01-2026&edition=44362
29-01-2026,44362,NORMAS GENERALES,"Decreto exento número 7, de 2026.- Declara Monumento Nacional, en la categoría de Monumento Histórico, la Colección Justicia Espada Acuña Mena del Archivo Central Andrés Bello, comuna de Santiago, Región Metropolitana",CVE-2757684,https://www.diariooficial.interior.gob.cl/publicaciones/2026/01/29/44362/01/2757684.pdf,https://www.diariooficial.interior.gob.cl/edicionelectronica/index.php?date=29-01-2026&edition=44362
29-01-2026,44362,NORMAS GENERALES,"Resolución exenta número E12, de 2026.- Aprueba y fija el nuevo texto actualizado y refundido de la Instrucción General sobre transparencia activa para empresas públicas, empresas del Estado y sociedades del Estado y deroga Instrucción General N° 5",CVE-2756113,https://www.diariooficial.interior.gob.cl/publicaciones/2026/01/29/44362/01/2756113.pdf,https://www.diariooficial.interior.gob.cl/edicionelectronica/index.php?date=29-01-2026&edition=44362
29-01-2026,44362,NORMAS GENERALES,Extracto de Notificación Consulta de Club Deportivo Provincial Osorno sobre el cobro por años de formación establecido en el artículo 44 del Reglamento de Fútbol Joven de la ANFP,CVE-2761291,https://www.diariooficial.interior.gob.cl/publicaciones/2026/01/29/44362/01/2761291.pdf,https://www.diariooficial.interior.gob.cl/edicionelectronica/index.php?date=29-01-2026&edition=44362
29-01-2026,44362,NORMAS GENERALES,Certificado Tipos de cambio y paridades de monedas extranjeras para efectos que señala,CVE-2762974,https://www.diariooficial.interior.gob.cl/publicaciones/2026/01/29/44362/01/2762974.pdf,https://www.diariooficial.interior.gob.cl/edicionelectronica/index.php?date=29-01-2026&edition=44362
30-01-2026,44363,NORMAS GENERALES,"Extracto de resolución número 12095/01/01 Vrs., de 2026.- Establece exigencia patrimonial y monto de garantías",CVE-2757818,https://www.diariooficial.interior.gob.cl/publicaciones/2026/01/30/44363/01/2757818.pdf,https://www.diariooficial.interior.gob.cl/edicionelectronica/index.php?date=30-01-2026&edition=44363
30-01-2026,44363,NORMAS GENERALES,"Decreto número 12, de 2026.- Reajusta en 1,2% las tasas fijas de impuesto contenidas en el decreto ley Nº 3.475, de 1980, sobre Impuesto de Timbres y Estampillas, en el período que indica",CVE-2757844,https://www.diariooficial.interior.gob.cl/publicaciones/2026/01/30/44363/01/2757844.pdf,https://www.diariooficial.interior.gob.cl/edicionelectronica/index.php?date=30-01-2026&edition=44363
30-01-2026,44363,NORMAS GENERALES,"Decreto exento número 473, de 2025.- Determina umbral de restitución conforme al artículo 5 de la ley N° 20.009 que establece un régimen de limitación de responsabilidad para titulares o usuarios de tarjetas de pago y transacciones electrónicas en caso de extravío, hurto, robo o fraude",CVE-2757834,https://www.diariooficial.interior.gob.cl/publicaciones/2026/01/30/44363/01/2757834.pdf,https://www.diariooficial.interior.gob.cl/edicionelectronica/index.php?date=30-01-2026&edition=44363
30-01-2026,44363,NORMAS GENERALES,"Resolución exenta número 25, de 2026.- Establece subsidio temporal para el pago del ingreso mínimo mensual a que refiere el artículo 8 de la ley Nº 21.751",CVE-2757843,https://www.diariooficial.interior.gob.cl/publicaciones/2026/01/30/44363/01/2757843.pdf,https://www.diariooficial.interior.gob.cl/edicionelectronica/index.php?date=30-01-2026&edition=44363
30-01-2026,44363,NORMAS GENERALES,"Extracto de resolución exenta número 112, de 2026.- Declara abierto el proceso de otorgamiento de un permiso de operación de casino de juego en la comuna de Iquique",CVE-2761502,https://www.diariooficial.interior.gob.cl/publicaciones/2026/01/30/44363/01/2761502.pdf,https://www.diariooficial.interior.gob.cl/edicionelectronica/index.php?date=30-01-2026&edition=44363
30-01-2026,44363,NORMAS GENERALES,"Extracto de resolución exenta número 113, de 2026.- Declara abierto el proceso de otorgamiento de un permiso de operación de casino de juego en la comuna de Viña del Mar",CVE-2761503,https://www.diariooficial.interior.gob.cl/publicaciones/2026/01/30/44363/01/2761503.pdf,https://www.diariooficial.interior.gob.cl/edicionelectronica/index.php?date=30-01-2026&edition=44363
30-01-2026,44363,NORMAS GENERALES,"Extracto de resolución exenta número 114, de 2026.- Declara abierto el proceso de otorgamiento de un permiso de operación de casino de juego en la comuna de Pucón",CVE-2761597,https://www.diariooficial.interior.gob.cl/publicaciones/2026/01/30/44363/01/2761597.pdf,https://www.diariooficial.interior.gob.cl/edicionelectronica/index.php?date=30-01-2026&edition=44363
30-01-2026,44363,NORMAS GENERALES,"Extracto de resolución exenta número 115, de 2026.- Declara abierto proceso de otorgamiento de permiso de operación de casino de juego en la comuna de Coquimbo",CVE-2761504,https://www.diariooficial.interior.gob.cl/publicaciones/2026/01/30/44363/01/2761504.pdf,https://www.diariooficial.interior.gob.cl/edicionelectronica/index.php?date=30-01-2026&edition=44363
30-01-2026,44363,NORMAS GENERALES,"Resolución exenta número 27, de 2026.- Fija los montos correspondientes al año 2026 de los aranceles por el desarrollo de los procesos establecidos en la ley Nº 20.129",CVE-2757728,https://www.diariooficial.interior.gob.cl/publicaciones/2026/01/30/44363/01/2757728.pdf,https://www.diariooficial.interior.gob.cl/edicionelectronica/index.php?date=30-01-2026&edition=44363
30-01-2026,44363,NORMAS GENERALES,"Resolución número 192, de 2026.- Asigna a doña María José Hernández Valdivia como Abogado del Servicio de Tesorerías",CVE-2757867,https://www.diariooficial.interior.gob.cl/publicaciones/2026/01/30/44363/01/2757867.pdf,https://www.diariooficial.interior.gob.cl/edicionelectronica/index.php?date=30-01-2026&edition=44363
30-01-2026,44363,NORMAS GENERALES,"Resolución número 193, de 2026.- Asigna a doña Melisa María Fuentes Weber como Abogado del Servicio de Tesorerías",CVE-2757866,https://www.diariooficial.interior.gob.cl/publicaciones/2026/01/30/44363/01/2757866.pdf,https://www.diariooficial.interior.gob.cl/edicionelectronica/index.php?date=30-01-2026&edition=44363
30-01-2026,44363,NORMAS GENERALES,"Extracto de resolución exenta número 3.504, de 2025.- Establece para el año 2026 el valor por concepto de inscripción de cursos de capacitación que indica",CVE-2758630,https://www.diariooficial.interior.gob.cl/publicaciones/2026/01/30/44363/01/2758630.pdf,https://www.diariooficial.interior.gob.cl/edicionelectronica/index.php?date=30-01-2026&edition=44363
30-01-2026,44363,NORMAS GENERALES,"Resolución exenta número IF 444, de 2026.- Acoge parcialmente los recursos de reposición deducidos por las isapres Colmena Golden Cross S.A., Nueva Masvida S.A., Cruz Blanca S.A. y Consalud S.A., y por la Subsecretaría de Redes Asistenciales, en contra de la circular IF/N° 501 de 2025",CVE-2756626,https://www.diariooficial.interior.gob.cl/publicaciones/2026/01/30/44363/01/2756626.pdf,https://www.diariooficial.interior.gob.cl/edicionelectronica/index.php?date=30-01-2026&edition=44363
30-01-2026,44363,NORMAS GENERALES,"Resolución exenta número 670, de 2026.- Modifica plazo establecido en resolución Nº 5.909 exenta, de 2024, que aprueba nueva versión de instructivo técnico para la determinación de residuos en productos pecuarios y documentos complementarios, e instruye lo que indica",CVE-2759920,https://www.diariooficial.interior.gob.cl/publicaciones/2026/01/30/44363/01/2759920.pdf,https://www.diariooficial.interior.gob.cl/edicionelectronica/index.php?date=30-01-2026&edition=44363
30-01-2026,44363,NORMAS GENERALES,"Resolución exenta número 240, de 2026.- Aprueba suscripción de Memorándum de Entendimiento en Cooperación Bilateral para el Desarrollo del Sistema Logístico-Portuario entre el Ministerio de Transportes y Telecomunicaciones de la República de Chile y Puertos del Estado del Reino de España",CVE-2761501,https://www.diariooficial.interior.gob.cl/publicaciones/2026/01/30/44363/01/2761501.pdf,https://www.diariooficial.interior.gob.cl/edicionelectronica/index.php?date=30-01-2026&edition=44363
30-01-2026,44363,NORMAS GENERALES,"Decreto número NC-00022, de 2025.- Designa a don Jaime Pizarro Herrera, Ministro del Deporte, en comisión de servicio a la ciudad de París, Francia",CVE-2761315,https://www.diariooficial.interior.gob.cl/publicaciones/2026/01/30/44363/01/2761315.pdf,https://www.diariooficial.interior.gob.cl/edicionelectronica/index.php?date=30-01-2026&edition=44363
30-01-2026,44363,NORMAS GENERALES,"Decreto número 96, de 2025.- Aprueba Política Nacional de Seguridad Pública",CVE-2761974,https://www.diariooficial.interior.gob.cl/publicaciones/2026/01/30/44363/01/2761974.pdf,https://www.diariooficial.interior.gob.cl/edicionelectronica/index.php?date=30-01-2026&edition=44363
30-01-2026,44363,NORMAS GENERALES,"Resolución exenta número 12, de 2026.- Delega facultades que indica en el Jefe del Departamento de Información Pública y Lobby y deja sin efecto acto administrativo que indica",CVE-2757707,https://www.diariooficial.interior.gob.cl/publicaciones/2026/01/30/44363/01/2757707.pdf,https://www.diariooficial.interior.gob.cl/edicionelectronica/index.php?date=30-01-2026&edition=44363
30-01-2026,44363,NORMAS GENERALES,Acuerdo adoptado por el Consejo del Banco Central de Chile en su Sesión Ordinaria N° 2765,CVE-2761330,https://www.diariooficial.interior.gob.cl/publicaciones/2026/01/30/44363/01/2761330.pdf,https://www.diariooficial.interior.gob.cl/edicionelectronica/index.php?date=30-01-2026&edition=44363
30-01-2026,44363,NORMAS GENERALES,Certificado Tipos de cambio y paridades de monedas extranjeras para efectos que señala,CVE-2763673,https://www.diariooficial.interior.gob.cl/publicaciones/2026/01/30/44363/01/2763673.pdf,https://www.diariooficial.interior.gob.cl/edicionelectronica/index.php?date=30-01-2026&edition=44363
30-01-2026,44363,NORMAS GENERALES,"Decreto alcaldicio número 123, de 2026.- Aprueba Ordenanza de Ferias Libres, Comercio Ambulante y Uso de Espacios Públicos",CVE-2761700,https://www.diariooficial.interior.gob.cl/publicaciones/2026/01/30/44363/01/2761700.pdf,https://www.diariooficial.interior.gob.cl/edicionelectronica/index.php?date=30-01-2026&edition=44363
31-01-2026,44364,NORMAS GENERALES,"Extracto de resolución exenta número 5, de 2026.- Dispone cambio de sujeto total y la calidad de agente retenedor del IVA a emisores que indica",CVE-2756661,https://www.diariooficial.interior.gob.cl/publicaciones/2026/01/31/44364/01/2756661.pdf,https://www.diariooficial.interior.gob.cl/edicionelectronica/index.php?date=31-01-2026&edition=44364
31-01-2026,44364,NORMAS GENERALES,"Extracto de resolución exenta número 6, de 2026.- Fija lista de valores de vehículos motorizados para los fines que señala",CVE-2756662,https://www.diariooficial.interior.gob.cl/publicaciones/2026/01/31/44364/01/2756662.pdf,https://www.diariooficial.interior.gob.cl/edicionelectronica/index.php?date=31-01-2026&edition=44364
31-01-2026,44364,NORMAS GENERALES,"Extracto de resolución exenta número 7, de 2026.- Fija valores de vehículos de transporte terrestre de carga o pasajeros que indica",CVE-2756663,https://www.diariooficial.interior.gob.cl/publicaciones/2026/01/31/44364/01/2756663.pdf,https://www.diariooficial.interior.gob.cl/edicionelectronica/index.php?date=31-01-2026&edition=44364
31-01-2026,44364,NORMAS GENERALES,"Extracto de resolución exenta número 118, de 2026.- Establece periodo de captura para el recurso Reineta en área que indica, año 2026",CVE-2757716,https://www.diariooficial.interior.gob.cl/publicaciones/2026/01/31/44364/01/2757716.pdf,https://www.diariooficial.interior.gob.cl/edicionelectronica/index.php?date=31-01-2026&edition=44364
31-01-2026,44364,NORMAS GENERALES,"Extracto de resolución exenta número 4, de 2026.- Aprueba Manual de Cuentas para la Rendición de Recursos 2026",CVE-2758101,https://www.diariooficial.interior.gob.cl/publicaciones/2026/01/31/44364/01/2758101.pdf,https://www.diariooficial.interior.gob.cl/edicionelectronica/index.php?date=31-01-2026&edition=44364
31-01-2026,44364,NORMAS GENERALES,"Decreto número 27T, de 2025.- Fija valores, propietarios y fórmulas de indexación de las instalaciones de los sistemas de transmisión a que se refiere el artículo 52 del decreto N° 10, de 2019, que aprueba Reglamento de Calificación, Valorización, Tarificación y Remuneración de las instalaciones de transmisión",CVE-2761610,https://www.diariooficial.interior.gob.cl/publicaciones/2026/01/31/44364/01/2761610.pdf,https://www.diariooficial.interior.gob.cl/edicionelectronica/index.php?date=31-01-2026&edition=44364
31-01-2026,44364,NORMAS GENERALES,"Resolución exenta número 396, de 2026.- Aprueba instrucciones generales sobre capacitación y exámenes en seguridad privada, aplicables a vigilantes privados, guardias de seguridad, nocheros, porteros, rondines u otros de similar carácter, cuya autoridad fiscalizadora es la Dirección General del Territorio Marítimo y de Marina Mercante",CVE-2763486,https://www.diariooficial.interior.gob.cl/publicaciones/2026/01/31/44364/01/2763486.pdf,https://www.diariooficial.interior.gob.cl/edicionelectronica/index.php?date=31-01-2026&edition=44364
31-01-2026,44364,NORMAS GENERALES,Acuerdo relativo a instrumentos financieros de oferta pública y privada adoptado por la Comisión Clasificadora de Riesgo,CVE-2764043,https://www.diariooficial.interior.gob.cl/publicaciones/2026/01/31/44364/01/2764043.pdf,https://www.diariooficial.interior.gob.cl/edicionelectronica/index.php?date=31-01-2026&edition=44364
02-02-2026,44365,NORMAS GENERALES,Acuerdo Aprueba Normas para la Evaluación y Calificación del Grado de Invalidez de los Trabajadores Afiliados al Nuevo Sistema Previsional Novena Edición,CVE-2755826,https://www.diariooficial.interior.gob.cl/publicaciones/2026/02/02/44365/01/2755826.pdf,https://www.diariooficial.interior.gob.cl/edicionelectronica/index.php?date=02-02-2026&edition=44365&v=1
02-02-2026,44365,NORMAS GENERALES,"Decreto exento número 4, de 2026.- Modifica decreto Nº 92 exento, de 2025 que aprueba programa de expropiaciones de terreno destinado a la implementación del proyecto denominado Construcción Parque La Rufina, Chillán, en la comuna de Chillán, de la Región de Ñuble, para el año 2025 y siguientes",CVE-2761715,https://www.diariooficial.interior.gob.cl/publicaciones/2026/02/02/44365/01/2761715.pdf,https://www.diariooficial.interior.gob.cl/edicionelectronica/index.php?date=02-02-2026&edition=44365&v=1
02-02-2026,44365,NORMAS GENERALES,"Resolución exenta número 128, de 2026.- Modifica resolución Nº 325 exenta, de 2024, que llama a proceso de selección en condiciones especiales para el otorgamiento de subsidios del Programa Habitacional Fondo Solidario de Elección de Vivienda, regulado por el decreto Nº 49 de 2011, y sus modificaciones, en la alternativa de postulación colectiva para proyectos de construcción en nuevos terrenos en las comunas de las regiones que indica; y modifica la resolución Nº 2.024 exenta de 2024, que modifica la resolución Nº 325 exenta de 2024, modifica las resoluciones Nº 1.138, Nº 1.450 y Nº 1.601 exentas todas de 2024 y aprueba Nómina de Proyectos Calificados al 21 de noviembre de 2024",CVE-2761714,https://www.diariooficial.interior.gob.cl/publicaciones/2026/02/02/44365/01/2761714.pdf,https://www.diariooficial.interior.gob.cl/edicionelectronica/index.php?date=02-02-2026&edition=44365&v=1
02-02-2026,44365,NORMAS GENERALES,"Resolución exenta número 71, de 2026.- Prohíbe circulación de vehículos motorizados en vías que indica, en la comuna de Rancagua",CVE-2762081,https://www.diariooficial.interior.gob.cl/publicaciones/2026/02/02/44365/01/2762081.pdf,https://www.diariooficial.interior.gob.cl/edicionelectronica/index.php?date=02-02-2026&edition=44365&v=1
02-02-2026,44365,NORMAS GENERALES,"Resolución exenta número 33, de 2026.- Modifica resolución Nº 378 exenta, de 2006, que autoriza desvíos de servicios de locomoción colectiva que indica en la ciudad de Talca",CVE-2762076,https://www.diariooficial.interior.gob.cl/publicaciones/2026/02/02/44365/01/2762076.pdf,https://www.diariooficial.interior.gob.cl/edicionelectronica/index.php?date=02-02-2026&edition=44365&v=1
02-02-2026,44365,NORMAS GENERALES,"Decreto exento número 2, de 2026.- Ordena traspaso de personal de la Subsecretaría del Medio Ambiente al Servicio de Biodiversidad y Áreas Protegidas",CVE-2762559,https://www.diariooficial.interior.gob.cl/publicaciones/2026/02/02/44365/01/2762559.pdf,https://www.diariooficial.interior.gob.cl/edicionelectronica/index.php?date=02-02-2026&edition=44365&v=1
02-02-2026,44365,NORMAS GENERALES,Extracto de Estudio de Impacto Ambiental proyecto Continuidad del Proceso de Lixiviación y Adecuaciones al Proyecto Minero División Radomiro Tomic,CVE-2760725,https://www.diariooficial.interior.gob.cl/publicaciones/2026/02/02/44365/01/2760725.pdf,https://www.diariooficial.interior.gob.cl/edicionelectronica/index.php?date=02-02-2026&edition=44365&v=1
02-02-2026,44365,NORMAS GENERALES,"Resolución exenta número 52, de 2026.- Deja sin efecto resolución Nº 157 exenta, de 2025, de este origen, y delega facultad de firmar por orden del Subsecretario de Seguridad Pública los actos que indica",CVE-2761896,https://www.diariooficial.interior.gob.cl/publicaciones/2026/02/02/44365/01/2761896.pdf,https://www.diariooficial.interior.gob.cl/edicionelectronica/index.php?date=02-02-2026&edition=44365&v=1
02-02-2026,44365,NORMAS GENERALES,Certificado Tipos de cambio y paridades de monedas extranjeras para efectos que señala,CVE-2764207,https://www.diariooficial.interior.gob.cl/publicaciones/2026/02/02/44365/01/2764207.pdf,https://www.diariooficial.interior.gob.cl/edicionelectronica/index.php?date=02-02-2026&edition=44365&v=1
02-02-2026,44365-B,NORMAS GENERALES,"Extracto de resolución exenta número 587, de 2026.- Somete a consulta pública propuestas de ampliación de los parques marinos Mar de Juan Fernández y Nazca-Desventuradas, y de creación de Area de Conservación de Múltiples Usos Mar Nazca-Desventuradas",CVE-2764070,https://www.diariooficial.interior.gob.cl/publicaciones/2026/02/02/44365-B/01/2764070.pdf,https://www.diariooficial.interior.gob.cl/edicionelectronica/index.php?date=02-02-2026&edition=44365-B&v=2
03-02-2026,44366,NORMAS GENERALES,"Decreto exento número 142, de 2026.- Declara regiones que indica en Emergencia Preventiva",CVE-2763329,https://www.diariooficial.interior.gob.cl/publicaciones/2026/02/03/44366/01/2763329.pdf,https://www.diariooficial.interior.gob.cl/edicionelectronica/index.php?date=03-02-2026&edition=44366
03-02-2026,44366,NORMAS GENERALES,"Resolución exenta número 78, de 2026.- Aprueba formato y diseño de Informe ALFA, para sistema de evaluación de daños y necesidades",CVE-2762942,https://www.diariooficial.interior.gob.cl/publicaciones/2026/02/03/44366/01/2762942.pdf,https://www.diariooficial.interior.gob.cl/edicionelectronica/index.php?date=03-02-2026&edition=44366
03-02-2026,44366,NORMAS GENERALES,"Resolución exenta número RAEX202600179, de 2026.- Declara Normas Oficiales de la República las que indica, aprobadas por el Instituto Nacional de Normalización",CVE-2762886,https://www.diariooficial.interior.gob.cl/publicaciones/2026/02/03/44366/01/2762886.pdf,https://www.diariooficial.interior.gob.cl/edicionelectronica/index.php?date=03-02-2026&edition=44366
03-02-2026,44366,NORMAS GENERALES,"Decreto número 171, de 2025.- Modifica decreto N° 381, de 2013, que establece los otros indicadores de la calidad a que se refiere el artículo 3º, letra a), de la ley Nº 20.529, que establece el Sistema Nacional de Aseguramiento de la calidad de la educación parvularia, básica y media, y su fiscalización",CVE-2757860,https://www.diariooficial.interior.gob.cl/publicaciones/2026/02/03/44366/01/2757860.pdf,https://www.diariooficial.interior.gob.cl/edicionelectronica/index.php?date=03-02-2026&edition=44366
03-02-2026,44366,NORMAS GENERALES,"Decreto exento número 19, de 2026.- Establece nuevo orden de subrogación para el cargo de director de educación pública y deja sin efecto el decreto N° 394 exento, de 2025",CVE-2757833,https://www.diariooficial.interior.gob.cl/publicaciones/2026/02/03/44366/01/2757833.pdf,https://www.diariooficial.interior.gob.cl/edicionelectronica/index.php?date=03-02-2026&edition=44366
03-02-2026,44366,NORMAS GENERALES,"Resolución exenta número CP 593, de 2026.- Actualización del Arsenal Farmacológico para establecimientos de Atención Primaria pertenecientes a la jurisdicción del Servicio de Salud Aconcagua 2026-2028",CVE-2763207,https://www.diariooficial.interior.gob.cl/publicaciones/2026/02/03/44366/01/2763207.pdf,https://www.diariooficial.interior.gob.cl/edicionelectronica/index.php?date=03-02-2026&edition=44366
03-02-2026,44366,NORMAS GENERALES,"Resolución exenta número 207, de 2026.- Fija norma técnica que regula el sistema de bloqueo efectivo de los dispositivos robados, hurtados o extraviados",CVE-2762048,https://www.diariooficial.interior.gob.cl/publicaciones/2026/02/03/44366/01/2762048.pdf,https://www.diariooficial.interior.gob.cl/edicionelectronica/index.php?date=03-02-2026&edition=44366
03-02-2026,44366,NORMAS GENERALES,"Resolución exenta número 186, de 2026.- Modifica resolución Nº 4.504 exenta, de 2012",CVE-2763154,https://www.diariooficial.interior.gob.cl/publicaciones/2026/02/03/44366/01/2763154.pdf,https://www.diariooficial.interior.gob.cl/edicionelectronica/index.php?date=03-02-2026&edition=44366
03-02-2026,44366,NORMAS GENERALES,"Resolución exenta número 36.921, de 2025.- Establece procedimiento y requisitos para la verificación de la exactitud del volumen abastecido en instalaciones de expendio de combustibles líquidos al público",CVE-2757883,https://www.diariooficial.interior.gob.cl/publicaciones/2026/02/03/44366/01/2757883.pdf,https://www.diariooficial.interior.gob.cl/edicionelectronica/index.php?date=03-02-2026&edition=44366
03-02-2026,44366,NORMAS GENERALES,"Resolución exenta número 44, de 2026.- Aprueba Informe Consolidado de Respuestas del proceso de consulta pública correspondiente al procedimiento normativo de la modificación de la Norma Técnica de Seguridad y Calidad de Servicio, en conformidad con lo dispuesto en el artículo 72°-19 de la Ley General de Servicios Eléctricos",CVE-2763136,https://www.diariooficial.interior.gob.cl/publicaciones/2026/02/03/44366/01/2763136.pdf,https://www.diariooficial.interior.gob.cl/edicionelectronica/index.php?date=03-02-2026&edition=44366
03-02-2026,44366,NORMAS GENERALES,"Resolución exenta número 45, de 2026.- Aprueba modificación de la Norma Técnica de Seguridad y Calidad de Servicio, incorpora los nuevos Anexos Técnicos que se indican, modifica la Norma Técnica de Servicios Complementarios, y fija el texto refundido de ambas normas, en conformidad con lo dispuesto en el artículo 72°-19 de la Ley General de Servicios Eléctricos",CVE-2763147,https://www.diariooficial.interior.gob.cl/publicaciones/2026/02/03/44366/01/2763147.pdf,https://www.diariooficial.interior.gob.cl/edicionelectronica/index.php?date=03-02-2026&edition=44366
03-02-2026,44366,NORMAS GENERALES,"Resolución exenta número 297, de 2026.- Rectifica listado de especies contenido en la resolución N° 9.517 exenta, de 2025, que da inicio al vigésimo primer proceso de clasificación de especies e indica listado de especies a clasificar",CVE-2762587,https://www.diariooficial.interior.gob.cl/publicaciones/2026/02/03/44366/01/2762587.pdf,https://www.diariooficial.interior.gob.cl/edicionelectronica/index.php?date=03-02-2026&edition=44366
03-02-2026,44366,NORMAS GENERALES,"Extracto de resolución exenta número 20261300115, de 2026.- Notifica Resolución de Calificación Ambiental Estudio de Impacto Ambiental Captación y Conducción Alternativa en el Río Maipo para Incrementar la Seguridad de Abastecimiento de Agua Potable para la Población",CVE-2762930,https://www.diariooficial.interior.gob.cl/publicaciones/2026/02/03/44366/01/2762930.pdf,https://www.diariooficial.interior.gob.cl/edicionelectronica/index.php?date=03-02-2026&edition=44366
03-02-2026,44366,NORMAS GENERALES,Extracto de resolución exenta número 2026160014.- Notifica resolución de inicio de proceso de participación ciudadana en Declaración de Impacto Ambiental del proyecto Nueva Línea 1X66KV Santa Elisa - Quilmo II,CVE-2763267,https://www.diariooficial.interior.gob.cl/publicaciones/2026/02/03/44366/01/2763267.pdf,https://www.diariooficial.interior.gob.cl/edicionelectronica/index.php?date=03-02-2026&edition=44366
03-02-2026,44366,NORMAS GENERALES,Certificado Tipos de cambio y paridades de monedas extranjeras para efectos que señala,CVE-2764925,https://www.diariooficial.interior.gob.cl/publicaciones/2026/02/03/44366/01/2764925.pdf,https://www.diariooficial.interior.gob.cl/edicionelectronica/index.php?date=03-02-2026&edition=44366
04-02-2026,44367,NORMAS GENERALES,"Decreto exento número 32, de 2026.- Determina el componente variable para el cálculo del impuesto específico establecido en la ley N° 18.502",CVE-2765704,https://www.diariooficial.interior.gob.cl/publicaciones/2026/02/04/44367/01/2765704.pdf,https://www.diariooficial.interior.gob.cl/edicionelectronica/index.php?date=04-02-2026&edition=44367
04-02-2026,44367,NORMAS GENERALES,"Extracto de resolución exenta número 151, de 2026.- Establece reglas de utilización del aumento regional de la fracción artesanal, ley N° 21.752, para el recurso Camarón nailon",CVE-2758033,https://www.diariooficial.interior.gob.cl/publicaciones/2026/02/04/44367/01/2758033.pdf,https://www.diariooficial.interior.gob.cl/edicionelectronica/index.php?date=04-02-2026&edition=44367
04-02-2026,44367,NORMAS GENERALES,"Extracto de resolución exenta número 152, de 2026.- Establece reglas de utilización del aumento regional de la fracción artesanal, ley N° 21.752, para Merluza común",CVE-2758037,https://www.diariooficial.interior.gob.cl/publicaciones/2026/02/04/44367/01/2758037.pdf,https://www.diariooficial.interior.gob.cl/edicionelectronica/index.php?date=04-02-2026&edition=44367
04-02-2026,44367,NORMAS GENERALES,"Extracto de resolución exenta número 153, de 2026.- Establece reglas de utilización del aumento regional de la fracción artesanal, ley Nº 21.752, para el recurso Jurel para las regiones de Arica y Parinacota a Antofagasta",CVE-2758040,https://www.diariooficial.interior.gob.cl/publicaciones/2026/02/04/44367/01/2758040.pdf,https://www.diariooficial.interior.gob.cl/edicionelectronica/index.php?date=04-02-2026&edition=44367
04-02-2026,44367,NORMAS GENERALES,"Extracto de resolución exenta número 154, de 2026.- Establece reglas de utilización del aumento regional de la fracción artesanal, ley N° 21.752, para el recurso Anchoveta, regiones de Arica y Parinacota a Coquimbo",CVE-2758042,https://www.diariooficial.interior.gob.cl/publicaciones/2026/02/04/44367/01/2758042.pdf,https://www.diariooficial.interior.gob.cl/edicionelectronica/index.php?date=04-02-2026&edition=44367
04-02-2026,44367,NORMAS GENERALES,"Extracto de resolución exenta número 155, de 2026.- Establece reglas de utilización del aumento regional de la fracción artesanal, ley Nº 21.752, para el recurso Jurel para las regiones de Atacama a Los Ríos",CVE-2758047,https://www.diariooficial.interior.gob.cl/publicaciones/2026/02/04/44367/01/2758047.pdf,https://www.diariooficial.interior.gob.cl/edicionelectronica/index.php?date=04-02-2026&edition=44367
04-02-2026,44367,NORMAS GENERALES,"Extracto de resolución exenta número 156, de 2026.- Establece reglas de utilización del aumento regional de la fracción artesanal, ley N° 21.752, para el recurso Jurel para la Región de Los Lagos",CVE-2758048,https://www.diariooficial.interior.gob.cl/publicaciones/2026/02/04/44367/01/2758048.pdf,https://www.diariooficial.interior.gob.cl/edicionelectronica/index.php?date=04-02-2026&edition=44367
04-02-2026,44367,NORMAS GENERALES,"Extracto de resolución exenta número 157, de 2026.- Establece reglas de utilización del aumento regional de la fracción artesanal, ley N° 21.752, para el recurso Sardina común y Anchoveta para las regiones de Valparaíso a Los Lagos",CVE-2758049,https://www.diariooficial.interior.gob.cl/publicaciones/2026/02/04/44367/01/2758049.pdf,https://www.diariooficial.interior.gob.cl/edicionelectronica/index.php?date=04-02-2026&edition=44367
04-02-2026,44367,NORMAS GENERALES,"Extracto de resolución exenta número 158, de 2026.- Establece reglas de utilización del aumento regional de la fracción artesanal, ley N° 21.752, para el recurso Congrio dorado para las regiones de Los Lagos a Magallanes",CVE-2758066,https://www.diariooficial.interior.gob.cl/publicaciones/2026/02/04/44367/01/2758066.pdf,https://www.diariooficial.interior.gob.cl/edicionelectronica/index.php?date=04-02-2026&edition=44367
04-02-2026,44367,NORMAS GENERALES,"Extracto de resolución exenta número 159, de 2026.- Establece reglas de utilización del aumento regional de la fracción artesanal, ley Nº 21.752, para el recurso merluza del sur para las regiones de Los Lagos a Magallanes",CVE-2758067,https://www.diariooficial.interior.gob.cl/publicaciones/2026/02/04/44367/01/2758067.pdf,https://www.diariooficial.interior.gob.cl/edicionelectronica/index.php?date=04-02-2026&edition=44367
04-02-2026,44367,NORMAS GENERALES,"Extracto de resolución exenta número 160, de 2026.- Establece reglas de utilización del aumento regional de la fracción artesanal, ley N° 21.752, para el recurso Langostino amarillo",CVE-2758068,https://www.diariooficial.interior.gob.cl/publicaciones/2026/02/04/44367/01/2758068.pdf,https://www.diariooficial.interior.gob.cl/edicionelectronica/index.php?date=04-02-2026&edition=44367
04-02-2026,44367,NORMAS GENERALES,"Resolución exenta número 1.575, de 2025.- Aprueba protocolo de coordinación entre los ministerios y organismos que indica, para gobernanza y control del Convenio sobre el Trabajo Marítimo de la Organización Internacional del Trabajo (MLC, 2006)",CVE-2763790,https://www.diariooficial.interior.gob.cl/publicaciones/2026/02/04/44367/01/2763790.pdf,https://www.diariooficial.interior.gob.cl/edicionelectronica/index.php?date=04-02-2026&edition=44367
04-02-2026,44367,NORMAS GENERALES,"Decreto número 8, de 2024.- Modifica decreto N° 77, de 1996, Reglamento Sanitario de los Alimentos",CVE-2758221,https://www.diariooficial.interior.gob.cl/publicaciones/2026/02/04/44367/01/2758221.pdf,https://www.diariooficial.interior.gob.cl/edicionelectronica/index.php?date=04-02-2026&edition=44367
04-02-2026,44367,NORMAS GENERALES,"Decreto exento número 1, de 2026.- Aprueba Norma General Técnica N° 256 sobre Personas con Diagnóstico de Enfermedades poco Frecuentes, Raras o Huérfanas",CVE-2758220,https://www.diariooficial.interior.gob.cl/publicaciones/2026/02/04/44367/01/2758220.pdf,https://www.diariooficial.interior.gob.cl/edicionelectronica/index.php?date=04-02-2026&edition=44367
04-02-2026,44367,NORMAS GENERALES,"Decreto exento número 1, de 2026.- Pone término y establece nuevo orden de subrogancia al cargo de Director del Servicio de Salud Chiloé",CVE-2758236,https://www.diariooficial.interior.gob.cl/publicaciones/2026/02/04/44367/01/2758236.pdf,https://www.diariooficial.interior.gob.cl/edicionelectronica/index.php?date=04-02-2026&edition=44367
04-02-2026,44367,NORMAS GENERALES,"Decreto exento número 2, de 2026.- Pone término y establece nuevo orden de subrogancia al cargo de Director del Servicio de Salud del Libertador Bernardo O'Higgins",CVE-2758235,https://www.diariooficial.interior.gob.cl/publicaciones/2026/02/04/44367/01/2758235.pdf,https://www.diariooficial.interior.gob.cl/edicionelectronica/index.php?date=04-02-2026&edition=44367
04-02-2026,44367,NORMAS GENERALES,"Decreto exento número 3, de 2026.- Pone término y establece nuevo orden de subrogancia al cargo de Director/a del Servicio de Salud Valparaíso - San Antonio",CVE-2758249,https://www.diariooficial.interior.gob.cl/publicaciones/2026/02/04/44367/01/2758249.pdf,https://www.diariooficial.interior.gob.cl/edicionelectronica/index.php?date=04-02-2026&edition=44367
04-02-2026,44367,NORMAS GENERALES,"Decreto exento número 4, de 2026.- Pone término y establece nuevo orden de subrogancia al cargo de Director/a del Servicio de Salud Metropolitano Norte",CVE-2758248,https://www.diariooficial.interior.gob.cl/publicaciones/2026/02/04/44367/01/2758248.pdf,https://www.diariooficial.interior.gob.cl/edicionelectronica/index.php?date=04-02-2026&edition=44367
04-02-2026,44367,NORMAS GENERALES,"Decreto exento número 5, de 2026.- Pone término y establece nuevo orden de subrogancia al cargo de Director/a del Servicio de Salud del Reloncaví",CVE-2758234,https://www.diariooficial.interior.gob.cl/publicaciones/2026/02/04/44367/01/2758234.pdf,https://www.diariooficial.interior.gob.cl/edicionelectronica/index.php?date=04-02-2026&edition=44367
04-02-2026,44367,NORMAS GENERALES,"Decreto exento número 6, de 2026.- Pone término y establece nuevo orden de subrogancia al cargo de Director/a del Servicio de Salud del Servicio Araucanía Norte",CVE-2758247,https://www.diariooficial.interior.gob.cl/publicaciones/2026/02/04/44367/01/2758247.pdf,https://www.diariooficial.interior.gob.cl/edicionelectronica/index.php?date=04-02-2026&edition=44367
04-02-2026,44367,NORMAS GENERALES,"Resolución exenta número 232, de 2026.- Establece área reglamentada por Polilla del racimo de la vid (Lobesia botrana) en la Región Metropolitana para la segunda generación de la temporada 2025-2026",CVE-2763248,https://www.diariooficial.interior.gob.cl/publicaciones/2026/02/04/44367/01/2763248.pdf,https://www.diariooficial.interior.gob.cl/edicionelectronica/index.php?date=04-02-2026&edition=44367
04-02-2026,44367,NORMAS GENERALES,"Resolución exenta número 5, de 2026.- Informa precios de referencia de las sustancias metálicas y no metálicas, correspondientes al cuarto trimestre de 2025",CVE-2762528,https://www.diariooficial.interior.gob.cl/publicaciones/2026/02/04/44367/01/2762528.pdf,https://www.diariooficial.interior.gob.cl/edicionelectronica/index.php?date=04-02-2026&edition=44367
04-02-2026,44367,NORMAS GENERALES,"Decreto número 156, de 2025.- Modifica decreto N° 168, de 1993",CVE-2763631,https://www.diariooficial.interior.gob.cl/publicaciones/2026/02/04/44367/01/2763631.pdf,https://www.diariooficial.interior.gob.cl/edicionelectronica/index.php?date=04-02-2026&edition=44367
04-02-2026,44367,NORMAS GENERALES,"Decreto exento número 36, de 2026.- Determina precios de referencia para combustibles derivados del petróleo",CVE-2765493,https://www.diariooficial.interior.gob.cl/publicaciones/2026/02/04/44367/01/2765493.pdf,https://www.diariooficial.interior.gob.cl/edicionelectronica/index.php?date=04-02-2026&edition=44367
04-02-2026,44367,NORMAS GENERALES,"Decreto exento número 37, de 2026.- Fija precios de referencia y paridad para kerosene doméstico",CVE-2765488,https://www.diariooficial.interior.gob.cl/publicaciones/2026/02/04/44367/01/2765488.pdf,https://www.diariooficial.interior.gob.cl/edicionelectronica/index.php?date=04-02-2026&edition=44367
04-02-2026,44367,NORMAS GENERALES,"Decreto exento número 38, de 2026.- Fija precios de paridad para combustibles derivados del petróleo",CVE-2765491,https://www.diariooficial.interior.gob.cl/publicaciones/2026/02/04/44367/01/2765491.pdf,https://www.diariooficial.interior.gob.cl/edicionelectronica/index.php?date=04-02-2026&edition=44367
04-02-2026,44367,NORMAS GENERALES,"Extracto de resolución número 20260200114, de 2026.- Notifica Resolución de Calificación Ambiental del Estudio de Impacto Ambiental del proyecto Desarrollo Futuro DMH",CVE-2763318,https://www.diariooficial.interior.gob.cl/publicaciones/2026/02/04/44367/01/2763318.pdf,https://www.diariooficial.interior.gob.cl/edicionelectronica/index.php?date=04-02-2026&edition=44367
04-02-2026,44367,NORMAS GENERALES,"Extracto de resolución exenta número 20260600115, de 2026.- Inicia proceso de participación ciudadana Declaración de Impacto Ambiental Nueva Subestación Eléctrica Litueche y Nueva Línea de Transmisión Eléctrica 2x110 kV Litueche - La Estrella",CVE-2763946,https://www.diariooficial.interior.gob.cl/publicaciones/2026/02/04/44367/01/2763946.pdf,https://www.diariooficial.interior.gob.cl/edicionelectronica/index.php?date=04-02-2026&edition=44367
04-02-2026,44367,NORMAS GENERALES,"Decreto número 27, de 2025.- Autoriza a don Cristian Cuevas Vega, Subsecretario de Ciencia, Tecnología, Conocimiento e Innovación, en comisión de servicio a la ciudad de Bruselas, Bélgica",CVE-2758199,https://www.diariooficial.interior.gob.cl/publicaciones/2026/02/04/44367/01/2758199.pdf,https://www.diariooficial.interior.gob.cl/edicionelectronica/index.php?date=04-02-2026&edition=44367
04-02-2026,44367,NORMAS GENERALES,"Resolución número 26, de 2025.- Promulga actualización del Plan Regulador Comunal de Isla de Pascua",CVE-2757184,https://www.diariooficial.interior.gob.cl/publicaciones/2026/02/04/44367/01/2757184.pdf,https://www.diariooficial.interior.gob.cl/edicionelectronica/index.php?date=04-02-2026&edition=44367
04-02-2026,44367,NORMAS GENERALES,Certificado Tipos de cambio y paridades de monedas extranjeras para efectos que señala,CVE-2765826,https://www.diariooficial.interior.gob.cl/publicaciones/2026/02/04/44367/01/2765826.pdf,https://www.diariooficial.interior.gob.cl/edicionelectronica/index.php?date=04-02-2026&edition=44367
05-02-2026,44368,NORMAS GENERALES,"Extracto de resolución número 12600/1/Vrs., de 2026.- Establece medidas de seguridad para disminuir riesgos de colisión entre naves y cetáceos en la jurisdicción de la Gobernación Marítima de Puerto Williams",CVE-2759208,https://www.diariooficial.interior.gob.cl/publicaciones/2026/02/05/44368/01/2759208.pdf,https://www.diariooficial.interior.gob.cl/edicionelectronica/index.php?date=05-02-2026&edition=44368&v=1
05-02-2026,44368,NORMAS GENERALES,"Extracto de resolución exenta número 44, de 2026.- Distribución histórica de la fracción artesanal de pesquería de congrio dorado en la Región de Los Lagos, año 2026",CVE-2758465,https://www.diariooficial.interior.gob.cl/publicaciones/2026/02/05/44368/01/2758465.pdf,https://www.diariooficial.interior.gob.cl/edicionelectronica/index.php?date=05-02-2026&edition=44368&v=1
05-02-2026,44368,NORMAS GENERALES,"Extracto de resolución exenta número 129, de 2026.- Rectifica resolución N° 2.956 exenta, de 2025",CVE-2759217,https://www.diariooficial.interior.gob.cl/publicaciones/2026/02/05/44368/01/2759217.pdf,https://www.diariooficial.interior.gob.cl/edicionelectronica/index.php?date=05-02-2026&edition=44368&v=1
05-02-2026,44368,NORMAS GENERALES,"Extracto de resolución exenta número 130, de 2026.- Rectifica resolución N° 3.010 exenta, de 2025",CVE-2759216,https://www.diariooficial.interior.gob.cl/publicaciones/2026/02/05/44368/01/2759216.pdf,https://www.diariooficial.interior.gob.cl/edicionelectronica/index.php?date=05-02-2026&edition=44368&v=1
05-02-2026,44368,NORMAS GENERALES,"Extracto de resolución exenta número 131, de 2026.- Autoriza la extracción exclusivamente con fines de consumo humano en estado fresco del recurso Erizo en áreas y periodo que indica",CVE-2759215,https://www.diariooficial.interior.gob.cl/publicaciones/2026/02/05/44368/01/2759215.pdf,https://www.diariooficial.interior.gob.cl/edicionelectronica/index.php?date=05-02-2026&edition=44368&v=1
05-02-2026,44368,NORMAS GENERALES,"Decreto exento número 29, de 2026.- Rectifica y regulariza decreto N° 282 exento, de 2025, que aprobó modificación de convenio celebrada entre el Ministerio de Educación y el Centro de Formación Técnica Estatal de la Región de Tarapacá",CVE-2758311,https://www.diariooficial.interior.gob.cl/publicaciones/2026/02/05/44368/01/2758311.pdf,https://www.diariooficial.interior.gob.cl/edicionelectronica/index.php?date=05-02-2026&edition=44368&v=1
05-02-2026,44368,NORMAS GENERALES,"Decreto exento número 30, de 2026.- Rectifica decreto N° 298 exento, de 2025, que aprobó modificación de convenio celebrada entre el Ministerio de Educación y el Centro de Formación Técnica Estatal de la Región de La Araucanía",CVE-2758313,https://www.diariooficial.interior.gob.cl/publicaciones/2026/02/05/44368/01/2758313.pdf,https://www.diariooficial.interior.gob.cl/edicionelectronica/index.php?date=05-02-2026&edition=44368&v=1
05-02-2026,44368,NORMAS GENERALES,"Decreto exento número 31, de 2026.- Rectifica y regulariza decreto N° 299 exento, de 2025, que aprobó modificación de convenio celebrada entre el Ministerio de Educación y el Centro de Formación Técnica Estatal de la Región de Coquimbo",CVE-2758315,https://www.diariooficial.interior.gob.cl/publicaciones/2026/02/05/44368/01/2758315.pdf,https://www.diariooficial.interior.gob.cl/edicionelectronica/index.php?date=05-02-2026&edition=44368&v=1
05-02-2026,44368,NORMAS GENERALES,"Decreto exento número 4, de 2026.- Dispone vacunación obligatoria contra influenza para el año 2026 a grupo de población que indica",CVE-2759430,https://www.diariooficial.interior.gob.cl/publicaciones/2026/02/05/44368/01/2759430.pdf,https://www.diariooficial.interior.gob.cl/edicionelectronica/index.php?date=05-02-2026&edition=44368&v=1
05-02-2026,44368,NORMAS GENERALES,"Decreto exento número 5, de 2026.- Modifica decreto Nº 50 exento, de 2021, que dispone vacunación obligatoria contra enfermedades inmunoprevenibles y deja sin efecto decreto exento que indica",CVE-2759429,https://www.diariooficial.interior.gob.cl/publicaciones/2026/02/05/44368/01/2759429.pdf,https://www.diariooficial.interior.gob.cl/edicionelectronica/index.php?date=05-02-2026&edition=44368&v=1
05-02-2026,44368,NORMAS GENERALES,"Resolución exenta número CP 880, de 2026.- Declara zona de riesgo sanitario",CVE-2759801,https://www.diariooficial.interior.gob.cl/publicaciones/2026/02/05/44368/01/2759801.pdf,https://www.diariooficial.interior.gob.cl/edicionelectronica/index.php?date=05-02-2026&edition=44368&v=1
05-02-2026,44368,NORMAS GENERALES,"Resolución exenta número 138, de 2026.- Modifica resolución Nº 1.014 exenta, de 2025, que aprueba procedimiento de pago de subsidios y préstamos para el financiamiento de las obras de proyectos, en la modalidad de construcción de viviendas, del Programa Fondo Solidario de Elección de Vivienda, regulado por decreto Nº 49, de 2011",CVE-2763164,https://www.diariooficial.interior.gob.cl/publicaciones/2026/02/05/44368/01/2763164.pdf,https://www.diariooficial.interior.gob.cl/edicionelectronica/index.php?date=05-02-2026&edition=44368&v=1
05-02-2026,44368,NORMAS GENERALES,"Resolución exenta número 146, de 2026.- Declara desierto concurso interno para proveer el cargo de Jefatura de Departamento grado 5 EUR, con desempeño en el Departamento de Administración y Finanzas, del Servicio de Vivienda y Urbanización de la Región de Coquimbo",CVE-2763165,https://www.diariooficial.interior.gob.cl/publicaciones/2026/02/05/44368/01/2763165.pdf,https://www.diariooficial.interior.gob.cl/edicionelectronica/index.php?date=05-02-2026&edition=44368&v=1
05-02-2026,44368,NORMAS GENERALES,"Extracto de resolución exenta número 173, de 2026.- Aprueba el documento general directrices técnicas: Prospección visual para detección de Lobesia botrana temporada 2025-2026 y formularios relacionados",CVE-2759209,https://www.diariooficial.interior.gob.cl/publicaciones/2026/02/05/44368/01/2759209.pdf,https://www.diariooficial.interior.gob.cl/edicionelectronica/index.php?date=05-02-2026&edition=44368&v=1
05-02-2026,44368,NORMAS GENERALES,"Decreto número 14A, de 2025.- Nombra a doña Pamela Alejandra Cárdenas Seguel en el cargo de Secretaria Regional Ministerial de Energía de la Región de Aysén del General Carlos Ibáñez del Campo",CVE-2759810,https://www.diariooficial.interior.gob.cl/publicaciones/2026/02/05/44368/01/2759810.pdf,https://www.diariooficial.interior.gob.cl/edicionelectronica/index.php?date=05-02-2026&edition=44368&v=1
05-02-2026,44368,NORMAS GENERALES,"Resolución exenta número 22, de 2026.- Aprueba modificación a la calendarización de la ejecución del Anteproyecto de la Actualización del Plan de Acción Regional para el Cambio Climático de la Región de Los Ríos",CVE-2759181,https://www.diariooficial.interior.gob.cl/publicaciones/2026/02/05/44368/01/2759181.pdf,https://www.diariooficial.interior.gob.cl/edicionelectronica/index.php?date=05-02-2026&edition=44368&v=1
05-02-2026,44368,NORMAS GENERALES,"Resolución número TR 4, de 2024.- Nombra a don Juan Andrés Shertzer Baraona en el cargo de Fiscal Regional de la Fiscalía Regional de Atacama",CVE-2759819,https://www.diariooficial.interior.gob.cl/publicaciones/2026/02/05/44368/01/2759819.pdf,https://www.diariooficial.interior.gob.cl/edicionelectronica/index.php?date=05-02-2026&edition=44368&v=1
05-02-2026,44368,NORMAS GENERALES,"Resolución número TR 5/2024, de 2024.- Rectifica resolución FN/MP TR N° 4, de 2024",CVE-2759820,https://www.diariooficial.interior.gob.cl/publicaciones/2026/02/05/44368/01/2759820.pdf,https://www.diariooficial.interior.gob.cl/edicionelectronica/index.php?date=05-02-2026&edition=44368&v=1
05-02-2026,44368,NORMAS GENERALES,"Resolución número TR 3, de 2025.- Nombra a don Miguel Ángel Orellana Pérez en el cargo de Fiscal Jefe de la Fiscalía Supraterritorial",CVE-2759818,https://www.diariooficial.interior.gob.cl/publicaciones/2026/02/05/44368/01/2759818.pdf,https://www.diariooficial.interior.gob.cl/edicionelectronica/index.php?date=05-02-2026&edition=44368&v=1
05-02-2026,44368,NORMAS GENERALES,"Resolución exenta número E39, de 2026.- Aprueba texto de la Instrucción General sobre Transparencia Presupuestaria, de conformidad con lo dispuesto en la Ley Nº 21.796, de Presupuestos del Sector Público correspondiente al año 2026, complementaria de la Instrucción General sobre Transparencia Activa, y deroga resolución Nº E17 exenta, de 2025",CVE-2757856,https://www.diariooficial.interior.gob.cl/publicaciones/2026/02/05/44368/01/2757856.pdf,https://www.diariooficial.interior.gob.cl/edicionelectronica/index.php?date=05-02-2026&edition=44368&v=1
05-02-2026,44368,NORMAS GENERALES,"Resolución exenta número E41, de 2026.- Establece cargos funcionarios del Consejo para la Transparencia considerados sujetos pasivos de lobby conforme a la ley Nº 20.730, que regula el lobby y las gestiones que representen intereses particulares ante las autoridades y funcionarios y deroga resolución N° E404 exenta, de 2025",CVE-2758461,https://www.diariooficial.interior.gob.cl/publicaciones/2026/02/05/44368/01/2758461.pdf,https://www.diariooficial.interior.gob.cl/edicionelectronica/index.php?date=05-02-2026&edition=44368&v=1
05-02-2026,44368,NORMAS GENERALES,"Resolución exenta número 230, de 2026.- Modifica resolución N° 2.630 exenta, de 2025, que actualiza estructura y organización y funciones de la Fiscalía",CVE-2759195,https://www.diariooficial.interior.gob.cl/publicaciones/2026/02/05/44368/01/2759195.pdf,https://www.diariooficial.interior.gob.cl/edicionelectronica/index.php?date=05-02-2026&edition=44368&v=1
05-02-2026,44368,NORMAS GENERALES,Certificado Tipos de cambio y paridades de monedas extranjeras para efectos que señala,CVE-2766415,https://www.diariooficial.interior.gob.cl/publicaciones/2026/02/05/44368/01/2766415.pdf,https://www.diariooficial.interior.gob.cl/edicionelectronica/index.php?date=05-02-2026&edition=44368&v=1
05-02-2026,44368-B,NORMAS GENERALES,"Ley número 21.806.- Otorga reajuste general de remuneraciones a las y los trabajadores del sector público, concede aguinaldos que señala, concede otros beneficios que indica y modifica diversos cuerpos legales",CVE-2766382,https://www.diariooficial.interior.gob.cl/publicaciones/2026/02/05/44368-B/01/2766382.pdf,https://www.diariooficial.interior.gob.cl/edicionelectronica/index.php?date=05-02-2026&edition=44368-B&v=2
06-02-2026,44369,NORMAS GENERALES,"Decreto número 278, de 2025.- Modifica decreto N° 269, de 2025, en los términos que indica",CVE-2764493,https://www.diariooficial.interior.gob.cl/publicaciones/2026/02/06/44369/01/2764493.pdf,https://www.diariooficial.interior.gob.cl/edicionelectronica/index.php?date=06-02-2026&edition=44369
06-02-2026,44369,NORMAS GENERALES,"Decreto número 279, de 2025.- Modifica decreto N° 275, de 2025",CVE-2761333,https://www.diariooficial.interior.gob.cl/publicaciones/2026/02/06/44369/01/2761333.pdf,https://www.diariooficial.interior.gob.cl/edicionelectronica/index.php?date=06-02-2026&edition=44369
06-02-2026,44369,NORMAS GENERALES,"Decreto número 14, de 2026.- Prorroga vigencia del decreto N° 78, de 2023",CVE-2767132,https://www.diariooficial.interior.gob.cl/publicaciones/2026/02/06/44369/01/2767132.pdf,https://www.diariooficial.interior.gob.cl/edicionelectronica/index.php?date=06-02-2026&edition=44369
06-02-2026,44369,NORMAS GENERALES,"Decreto número 80, de 2025.- Nombra a don Juan Pablo Arévalo Yáñez en el cargo de Secretario Regional Ministerial de Economía, Fomento y Turismo de la Región de Ñuble",CVE-2761656,https://www.diariooficial.interior.gob.cl/publicaciones/2026/02/06/44369/01/2761656.pdf,https://www.diariooficial.interior.gob.cl/edicionelectronica/index.php?date=06-02-2026&edition=44369
06-02-2026,44369,NORMAS GENERALES,"Resolución exenta número 617, de 2025.- Reemplaza integrantes del Consejo de la Sociedad Civil de la Comisión del Sistema Nacional de Certificación de Competencias Laborales",CVE-2761775,https://www.diariooficial.interior.gob.cl/publicaciones/2026/02/06/44369/01/2761775.pdf,https://www.diariooficial.interior.gob.cl/edicionelectronica/index.php?date=06-02-2026&edition=44369
06-02-2026,44369,NORMAS GENERALES,"Resolución exenta número 43, de 2026.- Fija nuevo avalúo por gramo de metales nobles para los créditos del rubro alhajas por el periodo que se indica",CVE-2761769,https://www.diariooficial.interior.gob.cl/publicaciones/2026/02/06/44369/01/2761769.pdf,https://www.diariooficial.interior.gob.cl/edicionelectronica/index.php?date=06-02-2026&edition=44369
06-02-2026,44369,NORMAS GENERALES,"Resolución exenta número 74, de 2026.- Prorroga la entrada en vigencia de la resolución N° 1.378 exenta, de 2025, que modifica resolución N° 7.328, de 1976, que aprueba Reglamento sobre Eliminación de Basuras en Edificios Elevados",CVE-2761650,https://www.diariooficial.interior.gob.cl/publicaciones/2026/02/06/44369/01/2761650.pdf,https://www.diariooficial.interior.gob.cl/edicionelectronica/index.php?date=06-02-2026&edition=44369
06-02-2026,44369,NORMAS GENERALES,"Decreto número 4, de 2025.- Modifica decreto N° 47, de 1992, que fija el texto de la Ordenanza General de Urbanismo y Construcciones, con el objeto de facilitar la comprensión y aplicación de las modificaciones introducidas a dicho texto reglamentario mediante el decreto N° 57, de 2018; y modifica disposiciones transitorias que indica de este último decreto",CVE-2764166,https://www.diariooficial.interior.gob.cl/publicaciones/2026/02/06/44369/01/2764166.pdf,https://www.diariooficial.interior.gob.cl/edicionelectronica/index.php?date=06-02-2026&edition=44369
06-02-2026,44369,NORMAS GENERALES,"Resolución exenta número 641, de 2026.- Modifica resolución N° 6.666 exenta, de 2009, que establece disposiciones para autorizar el uso de plaguicidas en cultivos menores, y deroga resolución N° 371 exenta, de 2019",CVE-2761803,https://www.diariooficial.interior.gob.cl/publicaciones/2026/02/06/44369/01/2761803.pdf,https://www.diariooficial.interior.gob.cl/edicionelectronica/index.php?date=06-02-2026&edition=44369
06-02-2026,44369,NORMAS GENERALES,"Resolución exenta número 1.067, de 2025.- Amplía área de regulaciones cuarentenarias para el control y erradicación de la Mosca del Mediterráneo (Ceratitis capitata W.) en lugares que indica",CVE-2758517,https://www.diariooficial.interior.gob.cl/publicaciones/2026/02/06/44369/01/2758517.pdf,https://www.diariooficial.interior.gob.cl/edicionelectronica/index.php?date=06-02-2026&edition=44369
06-02-2026,44369,NORMAS GENERALES,"Resolución exenta número 1.068, de 2025.- Amplia área de regulaciones cuarentenarias para el control y erradicación de la Mosca del Mediterráneo (Ceratitis capitata W.) para el mercado de China",CVE-2758516,https://www.diariooficial.interior.gob.cl/publicaciones/2026/02/06/44369/01/2758516.pdf,https://www.diariooficial.interior.gob.cl/edicionelectronica/index.php?date=06-02-2026&edition=44369
06-02-2026,44369,NORMAS GENERALES,"Oficio Circular número 314490, de 2026.- Prohíbe transitoriamente la comercialización del producto denominado Calefón, marca Midea, en los modelos que indica",CVE-2761823,https://www.diariooficial.interior.gob.cl/publicaciones/2026/02/06/44369/01/2761823.pdf,https://www.diariooficial.interior.gob.cl/edicionelectronica/index.php?date=06-02-2026&edition=44369
06-02-2026,44369,NORMAS GENERALES,"Extracto de resolución exenta número 2026990015, de 2026.- Da inicio a Proceso de Participación Ciudadana en Declaración de Impacto Ambiental del proyecto: Logística y Transporte de Sustancias Peligrosas en las Regiones XV, I, II, III, IV, V, VI y RM",CVE-2765808,https://www.diariooficial.interior.gob.cl/publicaciones/2026/02/06/44369/01/2765808.pdf,https://www.diariooficial.interior.gob.cl/edicionelectronica/index.php?date=06-02-2026&edition=44369
06-02-2026,44369,NORMAS GENERALES,"Decreto exento número 8, de 2026.- Otorga Orden al Mérito Pablo Neruda a don Osvaldo Adolfo Alejandro Cádiz Valenzuela",CVE-2761782,https://www.diariooficial.interior.gob.cl/publicaciones/2026/02/06/44369/01/2761782.pdf,https://www.diariooficial.interior.gob.cl/edicionelectronica/index.php?date=06-02-2026&edition=44369
06-02-2026,44369,NORMAS GENERALES,"Decreto exento número 9, de 2026.- Otorga Orden al Mérito Pablo Neruda a doña Marina Latorre Uribe",CVE-2761783,https://www.diariooficial.interior.gob.cl/publicaciones/2026/02/06/44369/01/2761783.pdf,https://www.diariooficial.interior.gob.cl/edicionelectronica/index.php?date=06-02-2026&edition=44369
06-02-2026,44369,NORMAS GENERALES,"Decreto exento número 10, de 2026.- Otorga orden al Mérito Pablo Neruda a doña Ana Albertina del Carmen Reeves Salinas",CVE-2761784,https://www.diariooficial.interior.gob.cl/publicaciones/2026/02/06/44369/01/2761784.pdf,https://www.diariooficial.interior.gob.cl/edicionelectronica/index.php?date=06-02-2026&edition=44369
06-02-2026,44369,NORMAS GENERALES,"Decreto exento número 11, de 2026.- Otorga Orden al Mérito Pablo Neruda a doña Anabella Adriana Roldán Ibarra",CVE-2761785,https://www.diariooficial.interior.gob.cl/publicaciones/2026/02/06/44369/01/2761785.pdf,https://www.diariooficial.interior.gob.cl/edicionelectronica/index.php?date=06-02-2026&edition=44369
06-02-2026,44369,NORMAS GENERALES,"Decreto número NC-00008, de 2025.- Designa en comisión de servicio a don Jaime Pizarro Herrera, Ministro del Deporte, a Montego Bay, Jamaica",CVE-2761693,https://www.diariooficial.interior.gob.cl/publicaciones/2026/02/06/44369/01/2761693.pdf,https://www.diariooficial.interior.gob.cl/edicionelectronica/index.php?date=06-02-2026&edition=44369
06-02-2026,44369,NORMAS GENERALES,"Acta número 46, de 2026.- Reajuste de cuantías año 2026",CVE-2764152,https://www.diariooficial.interior.gob.cl/publicaciones/2026/02/06/44369/01/2764152.pdf,https://www.diariooficial.interior.gob.cl/edicionelectronica/index.php?date=06-02-2026&edition=44369
06-02-2026,44369,NORMAS GENERALES,Certificado Clasificación de riesgo de los Estados Soberanos,CVE-2765966,https://www.diariooficial.interior.gob.cl/publicaciones/2026/02/06/44369/01/2765966.pdf,https://www.diariooficial.interior.gob.cl/edicionelectronica/index.php?date=06-02-2026&edition=44369
06-02-2026,44369,NORMAS GENERALES,Certificado Tipos de cambio y paridades de monedas extranjeras para efectos que señala,CVE-2767146,https://www.diariooficial.interior.gob.cl/publicaciones/2026/02/06/44369/01/2767146.pdf,https://www.diariooficial.interior.gob.cl/edicionelectronica/index.php?date=06-02-2026&edition=44369
07-02-2026,44370,NORMAS GENERALES,"Ley número 21.797.- Modifica la ley N° 18.290 y otros cuerpos legales que indica, para hacer efectiva la exigencia de contar con aptitudes para conducir vehículos motorizados y regular otras materias relacionadas",CVE-2767382,https://www.diariooficial.interior.gob.cl/publicaciones/2026/02/07/44370/01/2767382.pdf,https://www.diariooficial.interior.gob.cl/edicionelectronica/index.php?date=07-02-2026&edition=44370
07-02-2026,44370,NORMAS GENERALES,Certificado Fija valor de la Unidad de Fomento y del Índice Valor Promedio para los días comprendidos entre el 10 de febrero de 2026 y el 9 de marzo de 2026,CVE-2767392,https://www.diariooficial.interior.gob.cl/publicaciones/2026/02/07/44370/01/2767392.pdf,https://www.diariooficial.interior.gob.cl/edicionelectronica/index.php?date=07-02-2026&edition=44370
09-02-2026,44371,NORMAS GENERALES,"Decreto número 188, de 2025.- Modifica decreto N° 130, de 2007, que aprueba Reglamento de la Oficina de Asistencia al Soldado Conscripto de las Fuerzas Armadas",CVE-2762125,https://www.diariooficial.interior.gob.cl/publicaciones/2026/02/09/44371/01/2762125.pdf,https://www.diariooficial.interior.gob.cl/edicionelectronica/index.php?date=09-02-2026&edition=44371&v=1
09-02-2026,44371,NORMAS GENERALES,"Resolución exenta número 7, de 2026.- Fija costos directos de reproducción de la información solicitada al Consejo Fiscal Autónomo en ejercicio del derecho de acceso a la información regulado en la ley N° 20.285",CVE-2760583,https://www.diariooficial.interior.gob.cl/publicaciones/2026/02/09/44371/01/2760583.pdf,https://www.diariooficial.interior.gob.cl/edicionelectronica/index.php?date=09-02-2026&edition=44371&v=1
09-02-2026,44371,NORMAS GENERALES,"Extracto de resolución exenta número 332, de 2026.- Modifica Anexos del Compendio de Normas Aduaneras",CVE-2763462,https://www.diariooficial.interior.gob.cl/publicaciones/2026/02/09/44371/01/2763462.pdf,https://www.diariooficial.interior.gob.cl/edicionelectronica/index.php?date=09-02-2026&edition=44371&v=1
09-02-2026,44371,NORMAS GENERALES,"Extracto de resolución exenta número 358, de 2026.- Establece calendario de implementación resolución N° 2.806, de 2020, para zona franca de Iquique, complementario al dispuesto en resolución N° 2.578, de 2023",CVE-2762094,https://www.diariooficial.interior.gob.cl/publicaciones/2026/02/09/44371/01/2762094.pdf,https://www.diariooficial.interior.gob.cl/edicionelectronica/index.php?date=09-02-2026&edition=44371&v=1
09-02-2026,44371,NORMAS GENERALES,"Resolución exenta número 5, de 2026.- Deja sin efecto parcialmente acto administrativo que indica y designa sujetos pasivos afectos a la aplicación de la ley N° 20.730, que regula el lobby y las gestiones que representen intereses particulares ante las autoridades, funcionarias y funcionarios de la Defensoría del Contribuyente",CVE-2760546,https://www.diariooficial.interior.gob.cl/publicaciones/2026/02/09/44371/01/2760546.pdf,https://www.diariooficial.interior.gob.cl/edicionelectronica/index.php?date=09-02-2026&edition=44371&v=1
09-02-2026,44371,NORMAS GENERALES,"Extracto de decreto exento número 202600025, de 2026.- Modifica decreto N° 652, de 1997",CVE-2761860,https://www.diariooficial.interior.gob.cl/publicaciones/2026/02/09/44371/01/2761860.pdf,https://www.diariooficial.interior.gob.cl/edicionelectronica/index.php?date=09-02-2026&edition=44371&v=1
09-02-2026,44371,NORMAS GENERALES,"Extracto de resolución exenta número 250, de 2026.- Modifica resolución N° 2.941 exenta, de 2019",CVE-2762598,https://www.diariooficial.interior.gob.cl/publicaciones/2026/02/09/44371/01/2762598.pdf,https://www.diariooficial.interior.gob.cl/edicionelectronica/index.php?date=09-02-2026&edition=44371&v=1
09-02-2026,44371,NORMAS GENERALES,"Extracto de resolución exenta número 251, de 2026.- Declara vacantes y abre período extraordinario de postulación de miembros titulares y suplentes del sector privado del Comité de Manejo de Recursos Bentónicos de la Región de Magallanes y la Antártica Chilena",CVE-2763288,https://www.diariooficial.interior.gob.cl/publicaciones/2026/02/09/44371/01/2763288.pdf,https://www.diariooficial.interior.gob.cl/edicionelectronica/index.php?date=09-02-2026&edition=44371&v=1
09-02-2026,44371,NORMAS GENERALES,"Extracto de resolución exenta número 172, de 2026.- Delega facultades en el Coordinador Regional de la Unidad de Subvenciones",CVE-2762653,https://www.diariooficial.interior.gob.cl/publicaciones/2026/02/09/44371/01/2762653.pdf,https://www.diariooficial.interior.gob.cl/edicionelectronica/index.php?date=09-02-2026&edition=44371&v=1
09-02-2026,44371,NORMAS GENERALES,"Resolución exenta número 41, de 2026.- Autoriza eliminación de carpetas de causas penales, de la Defensoría Regional de Los Lagos",CVE-2762634,https://www.diariooficial.interior.gob.cl/publicaciones/2026/02/09/44371/01/2762634.pdf,https://www.diariooficial.interior.gob.cl/edicionelectronica/index.php?date=09-02-2026&edition=44371&v=1
09-02-2026,44371,NORMAS GENERALES,"Resolución exenta número 44, de 2026.- Autoriza eliminación de carpetas de causas penales, de la Defensoría Regional de O'Higgins",CVE-2762633,https://www.diariooficial.interior.gob.cl/publicaciones/2026/02/09/44371/01/2762633.pdf,https://www.diariooficial.interior.gob.cl/edicionelectronica/index.php?date=09-02-2026&edition=44371&v=1
09-02-2026,44371,NORMAS GENERALES,"Decreto número 59, de 2025.- Modifica decreto N° 23, de 2008, que aprueba el Reglamento del Sistema de Pensiones Solidarias establecido en la ley N° 20.255",CVE-2760531,https://www.diariooficial.interior.gob.cl/publicaciones/2026/02/09/44371/01/2760531.pdf,https://www.diariooficial.interior.gob.cl/edicionelectronica/index.php?date=09-02-2026&edition=44371&v=1
09-02-2026,44371,NORMAS GENERALES,"Decreto número 60, de 2025.- Modifica decreto N° 10, de 2012, que aprueba reglamento que establece normas sobre exención total o parcial de la obligación de cotizar para salud que establece la ley N° 20.531",CVE-2760545,https://www.diariooficial.interior.gob.cl/publicaciones/2026/02/09/44371/01/2760545.pdf,https://www.diariooficial.interior.gob.cl/edicionelectronica/index.php?date=09-02-2026&edition=44371&v=1
09-02-2026,44371,NORMAS GENERALES,"Decreto exento número 3, de 2026.- Modifica decreto N° 402, de 2010, que declara caminos públicos en las áreas urbanas de la Región de Aysén del General Carlos Ibáñez del Campo, a las calles o avenidas que indica",CVE-2761875,https://www.diariooficial.interior.gob.cl/publicaciones/2026/02/09/44371/01/2761875.pdf,https://www.diariooficial.interior.gob.cl/edicionelectronica/index.php?date=09-02-2026&edition=44371&v=1
09-02-2026,44371,NORMAS GENERALES,"Resolución exenta número 92, de 2026.- Autoriza comercialización de productos de tabaco que indica comercializados por British American Tobacco Chile Operaciones S.A.",CVE-2762085,https://www.diariooficial.interior.gob.cl/publicaciones/2026/02/09/44371/01/2762085.pdf,https://www.diariooficial.interior.gob.cl/edicionelectronica/index.php?date=09-02-2026&edition=44371&v=1
09-02-2026,44371,NORMAS GENERALES,"Resolución exenta número 98, de 2026.- Autoriza comercialización de productos de tabaco que indica, comercializados por British American Tobacco Chile Operaciones S.A.",CVE-2762084,https://www.diariooficial.interior.gob.cl/publicaciones/2026/02/09/44371/01/2762084.pdf,https://www.diariooficial.interior.gob.cl/edicionelectronica/index.php?date=09-02-2026&edition=44371&v=1
09-02-2026,44371,NORMAS GENERALES,"Decreto número 27, de 2025.- Designa a doña María Ignacia Fernández Gatica, Ministra de Agricultura, en Comisión de Servicios al Exterior, a la República de Brasil",CVE-2760598,https://www.diariooficial.interior.gob.cl/publicaciones/2026/02/09/44371/01/2760598.pdf,https://www.diariooficial.interior.gob.cl/edicionelectronica/index.php?date=09-02-2026&edition=44371&v=1
09-02-2026,44371,NORMAS GENERALES,"Decreto número 13, de 2025.- Designa a don Julio Andrés Esteban Maturana Franca como presidente del Consejo Directivo de la Comisión Chilena de Energía Nuclear, por el periodo que se indica",CVE-2762101,https://www.diariooficial.interior.gob.cl/publicaciones/2026/02/09/44371/01/2762101.pdf,https://www.diariooficial.interior.gob.cl/edicionelectronica/index.php?date=09-02-2026&edition=44371&v=1
09-02-2026,44371,NORMAS GENERALES,"Decreto número 15A, de 2025.- Acepta renuncia no voluntaria de don Luis Huerta Torchio al cargo de Director Ejecutivo de la Comisión Chilena de Energía Nuclear",CVE-2762120,https://www.diariooficial.interior.gob.cl/publicaciones/2026/02/09/44371/01/2762120.pdf,https://www.diariooficial.interior.gob.cl/edicionelectronica/index.php?date=09-02-2026&edition=44371&v=1
09-02-2026,44371,NORMAS GENERALES,"Decreto número 39, de 2025.- Autorizada comisión de servicio en el extranjero a don Luis Felipe Andrés Ramos Barrera, Subsecretario de Energía",CVE-2762175,https://www.diariooficial.interior.gob.cl/publicaciones/2026/02/09/44371/01/2762175.pdf,https://www.diariooficial.interior.gob.cl/edicionelectronica/index.php?date=09-02-2026&edition=44371&v=1
09-02-2026,44371,NORMAS GENERALES,"Extracto de resolución exenta número 202599101674, de 2025.- Tiene presente la observancia de la guía para la predicción y evaluación de impactos sobre ecosistemas terrestres",CVE-2765117,https://www.diariooficial.interior.gob.cl/publicaciones/2026/02/09/44371/01/2765117.pdf,https://www.diariooficial.interior.gob.cl/edicionelectronica/index.php?date=09-02-2026&edition=44371&v=1
09-02-2026,44371,NORMAS GENERALES,"Extracto de resolución exenta número 2026080011, de 2026.- Da inicio a proceso de participación ciudadana en Declaración de Impacto Ambiental del proyecto Parque Fotovoltaico Neutrón",CVE-2766066,https://www.diariooficial.interior.gob.cl/publicaciones/2026/02/09/44371/01/2766066.pdf,https://www.diariooficial.interior.gob.cl/edicionelectronica/index.php?date=09-02-2026&edition=44371&v=1
09-02-2026,44371,NORMAS GENERALES,"Decreto número 30, de 2025.- Nombra a doña Valeska Judith Molina Molina en el cargo de Secretaria Regional Ministerial de Ciencia, Tecnología, Conocimiento e Innovación de la Región de Antofagasta",CVE-2760566,https://www.diariooficial.interior.gob.cl/publicaciones/2026/02/09/44371/01/2760566.pdf,https://www.diariooficial.interior.gob.cl/edicionelectronica/index.php?date=09-02-2026&edition=44371&v=1
09-02-2026,44371,NORMAS GENERALES,Certificado Tipos de cambio y paridades de monedas extranjeras para efectos que señala,CVE-2767733,https://www.diariooficial.interior.gob.cl/publicaciones/2026/02/09/44371/01/2767733.pdf,https://www.diariooficial.interior.gob.cl/edicionelectronica/index.php?date=09-02-2026&edition=44371&v=1
09-02-2026,44371,NORMAS GENERALES,"Decreto alcaldicio número 207, de 2026.- Aprueba postergación selectiva de permisos de edificación",CVE-2765925,https://www.diariooficial.interior.gob.cl/publicaciones/2026/02/09/44371/01/2765925.pdf,https://www.diariooficial.interior.gob.cl/edicionelectronica/index.php?date=09-02-2026&edition=44371&v=1
09-02-2026,44371,NORMAS GENERALES,"Decreto alcaldicio exento número 153, de 2026.- Aprueba modificación de Ordenanza Municipal sobre Derechos Municipales por Concesiones, Permisos y Servicios",CVE-2760589,https://www.diariooficial.interior.gob.cl/publicaciones/2026/02/09/44371/01/2760589.pdf,https://www.diariooficial.interior.gob.cl/edicionelectronica/index.php?date=09-02-2026&edition=44371&v=1
09-02-2026,44371-B,NORMAS GENERALES,"Resolución exenta número 1.820, de 2026.- Aprueba modelo de condiciones generales de póliza de seguro obligatorio de accidentes personales causados por vehículos motorizados y póliza de seguro obligatorio de accidentes personales causados por vehículos motorizados con matrícula extranjera",CVE-2768281,https://www.diariooficial.interior.gob.cl/publicaciones/2026/02/09/44371-B/01/2768281.pdf,https://www.diariooficial.interior.gob.cl/edicionelectronica/index.php?date=09-02-2026&edition=44371-B&v=2
10-02-2026,44372,NORMAS GENERALES,"Decreto número 138, de 2025.- Promulga el Acuerdo Marco de Cooperación entre el Gobierno de la República de Chile y la Secretaría General de la Organización de los Estados Americanos en materia de reducción de la demanda de drogas",CVE-2760562,https://www.diariooficial.interior.gob.cl/publicaciones/2026/02/10/44372/01/2760562.pdf,https://www.diariooficial.interior.gob.cl/edicionelectronica/index.php?date=10-02-2026&edition=44372
10-02-2026,44372,NORMAS GENERALES,"Decreto número 3, de 2025.- Establece disposiciones para el nombramiento y concurrencia de alumnos a los programas que imparte la Academia Nacional de Estudios Políticos y Estratégicos para el año 2026, que se indican",CVE-2762192,https://www.diariooficial.interior.gob.cl/publicaciones/2026/02/10/44372/01/2762192.pdf,https://www.diariooficial.interior.gob.cl/edicionelectronica/index.php?date=10-02-2026&edition=44372
10-02-2026,44372,NORMAS GENERALES,"Decreto número 1.264, de 2025.- Renueva nombramiento de Alto Directivo Público don Hernán Emilio Nobizelli Reyes en el cargo de Tesorero General del Servicio de Tesorerías",CVE-2761865,https://www.diariooficial.interior.gob.cl/publicaciones/2026/02/10/44372/01/2761865.pdf,https://www.diariooficial.interior.gob.cl/edicionelectronica/index.php?date=10-02-2026&edition=44372
10-02-2026,44372,NORMAS GENERALES,"Decreto número 1.821, de 2025.- Fija cuota mensual a los contribuyentes que se acojan al sistema simplificado del impuesto a las ventas y servicios",CVE-2763304,https://www.diariooficial.interior.gob.cl/publicaciones/2026/02/10/44372/01/2763304.pdf,https://www.diariooficial.interior.gob.cl/edicionelectronica/index.php?date=10-02-2026&edition=44372
10-02-2026,44372,NORMAS GENERALES,"Resolución exenta número 1.857, de 2026.- Rectifica texto que indica en póliza de seguro obligatorio de accidentes personales causados por vehículos motorizados y póliza de seguro obligatorio de accidentes personales causados por vehículos motorizados con matrícula extranjera",CVE-2768699,https://www.diariooficial.interior.gob.cl/publicaciones/2026/02/10/44372/01/2768699.pdf,https://www.diariooficial.interior.gob.cl/edicionelectronica/index.php?date=10-02-2026&edition=44372
10-02-2026,44372,NORMAS GENERALES,"Decreto con Fuerza de Ley número 2, de 2025.- Determina la gradualidad de la aplicación del Título VI de la ley Nº 21.770, que establece una ley marco de autorizaciones sectoriales e introduce modificaciones a los cuerpos legales que indica, para que los órganos sectoriales den cumplimiento a las obligaciones ahí establecidas, habilitando la tramitación digital a través del Sistema de Información Unificado de Permisos Sectoriales",CVE-2764637,https://www.diariooficial.interior.gob.cl/publicaciones/2026/02/10/44372/01/2764637.pdf,https://www.diariooficial.interior.gob.cl/edicionelectronica/index.php?date=10-02-2026&edition=44372
10-02-2026,44372,NORMAS GENERALES,"Resolución exenta número 75, de 2026.- Delega facultad que indica en los/as directores/as regionales del Servicio Nacional de Protección Especializada a la Niñez y Adolescencia",CVE-2763284,https://www.diariooficial.interior.gob.cl/publicaciones/2026/02/10/44372/01/2763284.pdf,https://www.diariooficial.interior.gob.cl/edicionelectronica/index.php?date=10-02-2026&edition=44372
10-02-2026,44372,NORMAS GENERALES,"Decreto número 211, de 2025.- Establece día de las trabajoras y trabajadores de la primera infancia de establecimientos vía transferencia de fondos",CVE-2762023,https://www.diariooficial.interior.gob.cl/publicaciones/2026/02/10/44372/01/2762023.pdf,https://www.diariooficial.interior.gob.cl/edicionelectronica/index.php?date=10-02-2026&edition=44372
10-02-2026,44372,NORMAS GENERALES,"Resolución exenta número CP 1.562, de 2026.- Complementa la resolución N° CP 880 exenta de 2026",CVE-2763375,https://www.diariooficial.interior.gob.cl/publicaciones/2026/02/10/44372/01/2763375.pdf,https://www.diariooficial.interior.gob.cl/edicionelectronica/index.php?date=10-02-2026&edition=44372
10-02-2026,44372,NORMAS GENERALES,"Resolución número 27, de 2025.- Aprueba normas urbanísticas especiales aplicables al terreno ubicado en calle Río Ponio N° 1.327, comuna de Monte Patria, Región de Coquimbo, en el marco del artículo cuarto de la ley N° 21.450, que aprueba la Ley sobre Gestión de Suelo para la Integración Social y Urbana y Plan de Emergencia Habitacional, mediante el mecanismo de habilitación normativa de terrenos",CVE-2764983,https://www.diariooficial.interior.gob.cl/publicaciones/2026/02/10/44372/01/2764983.pdf,https://www.diariooficial.interior.gob.cl/edicionelectronica/index.php?date=10-02-2026&edition=44372
10-02-2026,44372,NORMAS GENERALES,"Resolución exenta número 178, de 2026.- Llama a postulación para la acreditación de profesionales para que actúen como evaluadores energéticos de la calificación energética de viviendas en Chile",CVE-2765097,https://www.diariooficial.interior.gob.cl/publicaciones/2026/02/10/44372/01/2765097.pdf,https://www.diariooficial.interior.gob.cl/edicionelectronica/index.php?date=10-02-2026&edition=44372
10-02-2026,44372,NORMAS GENERALES,"Resolución exenta número 144, de 2026.- Complementa resolución N° 2.864 exenta de 2025, en el sentido que indica, y suspende medidas fitosanitarias",CVE-2762018,https://www.diariooficial.interior.gob.cl/publicaciones/2026/02/10/44372/01/2762018.pdf,https://www.diariooficial.interior.gob.cl/edicionelectronica/index.php?date=10-02-2026&edition=44372
10-02-2026,44372,NORMAS GENERALES,"Extracto de resolución exenta número 20260310125, de 2026.- Término anticipado al Proceso de Consulta de Pueblos Indígenas",CVE-2765943,https://www.diariooficial.interior.gob.cl/publicaciones/2026/02/10/44372/01/2765943.pdf,https://www.diariooficial.interior.gob.cl/edicionelectronica/index.php?date=10-02-2026&edition=44372
10-02-2026,44372,NORMAS GENERALES,"Extracto de resolución exenta número 202506001257, de 2025.- Califica Ambientalmente Favorable el Proyecto Energética Solar Las Nieves",CVE-2766723,https://www.diariooficial.interior.gob.cl/publicaciones/2026/02/10/44372/01/2766723.pdf,https://www.diariooficial.interior.gob.cl/edicionelectronica/index.php?date=10-02-2026&edition=44372
10-02-2026,44372,NORMAS GENERALES,"Resolución exenta número 176, de 2026.- Delega facultades en la Jefatura del Departamento de Fomento de la Cultura y las Artes en materia de comodatos y donaciones de archivos y obras visuales",CVE-2762508,https://www.diariooficial.interior.gob.cl/publicaciones/2026/02/10/44372/01/2762508.pdf,https://www.diariooficial.interior.gob.cl/edicionelectronica/index.php?date=10-02-2026&edition=44372
10-02-2026,44372,NORMAS GENERALES,"Decreto exento número 1, de 2026.- Declara Monumento Nacional, en la categoría de Monumento Histórico, el Liceo de Aplicación Rector Jorge Enrique Schneider, comuna de Santiago, Región Metropolitana",CVE-2763313,https://www.diariooficial.interior.gob.cl/publicaciones/2026/02/10/44372/01/2763313.pdf,https://www.diariooficial.interior.gob.cl/edicionelectronica/index.php?date=10-02-2026&edition=44372
10-02-2026,44372,NORMAS GENERALES,"Decreto exento número 13, de 2026.- Autoriza la salida temporal del país de una obra para ser exhibida en la exposición First Homosexuals, Basilea, Suiza",CVE-2761849,https://www.diariooficial.interior.gob.cl/publicaciones/2026/02/10/44372/01/2761849.pdf,https://www.diariooficial.interior.gob.cl/edicionelectronica/index.php?date=10-02-2026&edition=44372
10-02-2026,44372,NORMAS GENERALES,"Decreto exento número 14, de 2026.- Declara Monumento Nacional, en la categoría de Monumento Histórico, el Gimnasio Ferroviario de San Bernardo, comuna de San Bernardo, Región Metropolitana",CVE-2761848,https://www.diariooficial.interior.gob.cl/publicaciones/2026/02/10/44372/01/2761848.pdf,https://www.diariooficial.interior.gob.cl/edicionelectronica/index.php?date=10-02-2026&edition=44372
10-02-2026,44372,NORMAS GENERALES,"Resolución exenta número 581, de 2026.- Modifica la resolución N° 1.977 exenta, de 2025, que aprueba instrucciones generales para la actividad de seguridad privada relativa a la custodia y transporte de carga sobredimensionada",CVE-2768146,https://www.diariooficial.interior.gob.cl/publicaciones/2026/02/10/44372/01/2768146.pdf,https://www.diariooficial.interior.gob.cl/edicionelectronica/index.php?date=10-02-2026&edition=44372
10-02-2026,44372,NORMAS GENERALES,Certificado Tipos de cambio y paridades de monedas extranjeras para efectos que señala,CVE-2768688,https://www.diariooficial.interior.gob.cl/publicaciones/2026/02/10/44372/01/2768688.pdf,https://www.diariooficial.interior.gob.cl/edicionelectronica/index.php?date=10-02-2026&edition=44372
11-02-2026,44373,NORMAS GENERALES,"Ley número 21.801.- Modifica la Ley N° 20.370, General de Educación, con el objeto de prohibir y regular el uso de dispositivos móviles electrónicos de comunicación personal en establecimientos educacionales",CVE-2768240,https://www.diariooficial.interior.gob.cl/publicaciones/2026/02/11/44373/01/2768240.pdf,https://www.diariooficial.interior.gob.cl/edicionelectronica/index.php?date=11-02-2026&edition=44373
11-02-2026,44373,NORMAS GENERALES,"Ley número 21.802.- Modifica la Ley N° 18.695, Orgánica Constitucional de Municipalidades, y otros cuerpos legales, con el objeto de fortalecer la institucionalidad municipal en materia de seguridad pública y prevención del delito",CVE-2767777,https://www.diariooficial.interior.gob.cl/publicaciones/2026/02/11/44373/01/2767777.pdf,https://www.diariooficial.interior.gob.cl/edicionelectronica/index.php?date=11-02-2026&edition=44373
11-02-2026,44373,NORMAS GENERALES,"Decreto número 200, de 2025.- Da por cumplida comisión de servicio de don Ricardo Ignacio Montero Allende, Subsecretario de Defensa, a la ciudad de Bogotá, Colombia",CVE-2764161,https://www.diariooficial.interior.gob.cl/publicaciones/2026/02/11/44373/01/2764161.pdf,https://www.diariooficial.interior.gob.cl/edicionelectronica/index.php?date=11-02-2026&edition=44373
11-02-2026,44373,NORMAS GENERALES,"Extracto de resolución exenta número 96, de 2025.- Designa funcionarios autorizantes y aprueba infraestructura deportiva disponible, de acuerdo a la ley 20.887 y aprueba lo que indica",CVE-2764103,https://www.diariooficial.interior.gob.cl/publicaciones/2026/02/11/44373/01/2764103.pdf,https://www.diariooficial.interior.gob.cl/edicionelectronica/index.php?date=11-02-2026&edition=44373
11-02-2026,44373,NORMAS GENERALES,"Decreto exento número 35, de 2026.- Determina el componente variable para el cálculo del impuesto específico establecido en la ley N° 18.502",CVE-2769492,https://www.diariooficial.interior.gob.cl/publicaciones/2026/02/11/44373/01/2769492.pdf,https://www.diariooficial.interior.gob.cl/edicionelectronica/index.php?date=11-02-2026&edition=44373
11-02-2026,44373,NORMAS GENERALES,"Extracto de resolución número 25, de 2025.- Nombra a don Pablo Andrés Muñoz Carvajal en el cargo de Subdirector del Departamento Subdirección de Avaluaciones",CVE-2764098,https://www.diariooficial.interior.gob.cl/publicaciones/2026/02/11/44373/01/2764098.pdf,https://www.diariooficial.interior.gob.cl/edicionelectronica/index.php?date=11-02-2026&edition=44373
11-02-2026,44373,NORMAS GENERALES,"Extracto de resolución exenta número 463, de 2026.- Pospone vigencia de resolución N° 1.172, de 2025, que modifica el Manual de Zona Franca y el Compendio de Normas Aduaneras",CVE-2764844,https://www.diariooficial.interior.gob.cl/publicaciones/2026/02/11/44373/01/2764844.pdf,https://www.diariooficial.interior.gob.cl/edicionelectronica/index.php?date=11-02-2026&edition=44373
11-02-2026,44373,NORMAS GENERALES,"Resolución exenta número RAEX202600244, de 2026.- Delega facultades que indica en el (la) encargado(a) de la Oficina de Partes de la Subsecretaría de Economía y Empresas de Menor Tamaño",CVE-2764361,https://www.diariooficial.interior.gob.cl/publicaciones/2026/02/11/44373/01/2764361.pdf,https://www.diariooficial.interior.gob.cl/edicionelectronica/index.php?date=11-02-2026&edition=44373
11-02-2026,44373,NORMAS GENERALES,"Extracto de decreto exento número 1, de 2026.- Modifica decreto N° 170 exento, de 2019",CVE-2764881,https://www.diariooficial.interior.gob.cl/publicaciones/2026/02/11/44373/01/2764881.pdf,https://www.diariooficial.interior.gob.cl/edicionelectronica/index.php?date=11-02-2026&edition=44373
11-02-2026,44373,NORMAS GENERALES,"Extracto de decreto exento número 202600029, de 2026.- Establece veda extractiva para los recursos Alfonsino, Besugo y Orange roughy en área y período que indica",CVE-2764402,https://www.diariooficial.interior.gob.cl/publicaciones/2026/02/11/44373/01/2764402.pdf,https://www.diariooficial.interior.gob.cl/edicionelectronica/index.php?date=11-02-2026&edition=44373
11-02-2026,44373,NORMAS GENERALES,"Extracto de resolución exenta número 297, de 2026.- Oficializa miembros titulares y suplentes del Comité de Manejo de la pesquería de Jibia o Calamar rojo. Declara vacantes cargos que indica",CVE-2764850,https://www.diariooficial.interior.gob.cl/publicaciones/2026/02/11/44373/01/2764850.pdf,https://www.diariooficial.interior.gob.cl/edicionelectronica/index.php?date=11-02-2026&edition=44373
11-02-2026,44373,NORMAS GENERALES,"Resolución número 32, de 2025.- Reemplaza resolución Nº 3, de 2020, y establece requisitos y procedimientos para la presentación de proyectos presentados por los Centros de Formación Técnica Estatales con la finalidad de acceder a los recursos contemplados en el respectivo año presupuestario para la asignación de transferencias de capital",CVE-2763309,https://www.diariooficial.interior.gob.cl/publicaciones/2026/02/11/44373/01/2763309.pdf,https://www.diariooficial.interior.gob.cl/edicionelectronica/index.php?date=11-02-2026&edition=44373
11-02-2026,44373,NORMAS GENERALES,"Extracto de resolución exenta número 77, de 2026.- Aprueba el Plan Anual de Fiscalización y Supervisión",CVE-2764879,https://www.diariooficial.interior.gob.cl/publicaciones/2026/02/11/44373/01/2764879.pdf,https://www.diariooficial.interior.gob.cl/edicionelectronica/index.php?date=11-02-2026&edition=44373
11-02-2026,44373,NORMAS GENERALES,"Decreto número 147, de 2025.- Nombra a doña Macarena Cortés Camus en el cargo de Directora Nacional del Servicio Nacional de Acceso a la Justicia y la Defensoría de Víctimas",CVE-2764065,https://www.diariooficial.interior.gob.cl/publicaciones/2026/02/11/44373/01/2764065.pdf,https://www.diariooficial.interior.gob.cl/edicionelectronica/index.php?date=11-02-2026&edition=44373
11-02-2026,44373,NORMAS GENERALES,"Decreto número 141, de 2025.- Designa Director Suplente de la Sociedad denominada Fondo de Infraestructura S.A., a persona que indica, de acuerdo con el artículo 18 de la ley N° 21.082",CVE-2764080,https://www.diariooficial.interior.gob.cl/publicaciones/2026/02/11/44373/01/2764080.pdf,https://www.diariooficial.interior.gob.cl/edicionelectronica/index.php?date=11-02-2026&edition=44373
11-02-2026,44373,NORMAS GENERALES,"Decreto número 34, de 2025.- Acepta renuncia voluntaria de doña Francisca Sanfuentes Parga al cargo de Secretaria Regional Ministerial de Salud de la Región de Magallanes y de la Antártica Chilena",CVE-2764054,https://www.diariooficial.interior.gob.cl/publicaciones/2026/02/11/44373/01/2764054.pdf,https://www.diariooficial.interior.gob.cl/edicionelectronica/index.php?date=11-02-2026&edition=44373
11-02-2026,44373,NORMAS GENERALES,"Decreto número 35, de 2025.- Designa a doña Lidia Magdalena Amarales Osorio en el cargo de Secretaria Regional Ministerial de Salud de la Región de Magallanes y de la Antártica Chilena",CVE-2764053,https://www.diariooficial.interior.gob.cl/publicaciones/2026/02/11/44373/01/2764053.pdf,https://www.diariooficial.interior.gob.cl/edicionelectronica/index.php?date=11-02-2026&edition=44373
11-02-2026,44373,NORMAS GENERALES,"Resolución exenta número 65, de 2026.- Autoriza comercialización de productos de tabaco que indica comercializados por British American Tobacco Chile Operaciones S.A.",CVE-2764347,https://www.diariooficial.interior.gob.cl/publicaciones/2026/02/11/44373/01/2764347.pdf,https://www.diariooficial.interior.gob.cl/edicionelectronica/index.php?date=11-02-2026&edition=44373
11-02-2026,44373,NORMAS GENERALES,"Decreto exento número 58, de 2025.- Determina especialidades de la medicina con derecho a asignación mensual de estímulo por competencias profesionales en atención primaria de salud en el año 2026",CVE-2763881,https://www.diariooficial.interior.gob.cl/publicaciones/2026/02/11/44373/01/2763881.pdf,https://www.diariooficial.interior.gob.cl/edicionelectronica/index.php?date=11-02-2026&edition=44373
11-02-2026,44373,NORMAS GENERALES,"Resolución exenta número CP 1.448, de 2026.- Dispone medidas que indica ante eventos de calor",CVE-2761831,https://www.diariooficial.interior.gob.cl/publicaciones/2026/02/11/44373/01/2761831.pdf,https://www.diariooficial.interior.gob.cl/edicionelectronica/index.php?date=11-02-2026&edition=44373
11-02-2026,44373,NORMAS GENERALES,"Resolución exenta número 1G/08, de 2025.- Determina contratos y convenios afectos a la glosa presupuestaria 02 letra f) de la partida Ministerio de Salud de la Ley N° 21.796 de Presupuestos del Sector Público correspondiente al año 2026",CVE-2766636,https://www.diariooficial.interior.gob.cl/publicaciones/2026/02/11/44373/01/2766636.pdf,https://www.diariooficial.interior.gob.cl/edicionelectronica/index.php?date=11-02-2026&edition=44373
11-02-2026,44373,NORMAS GENERALES,"Resolución exenta número 190, de 2026.- Modifica resolución N° 59 exenta, de 2023, que establece condiciones y mecanismos de aprobación de proyectos de viviendas industrializadas tipo y fija el procedimiento para revisión de proyectos que incorporen el uso de viviendas industrializadas tipo, desarrollados en el marco de los programas habitacionales Fondo Solidario de Elección de Vivienda, decreto N° 49, de 2011, y de Habitabilidad Rural, decreto N° 10, de 2015",CVE-2766270,https://www.diariooficial.interior.gob.cl/publicaciones/2026/02/11/44373/01/2766270.pdf,https://www.diariooficial.interior.gob.cl/edicionelectronica/index.php?date=11-02-2026&edition=44373
11-02-2026,44373,NORMAS GENERALES,"Resolución exenta número 191, de 2026.- Delega la facultad que indica y regula operaciones y actos que inciden en la aplicación práctica de lo establecido en el artículo tercero transitorio del decreto Nº 27, de 2016, que aprueba el Reglamento del Programa de Mejoramiento de Viviendas y Barrios",CVE-2766271,https://www.diariooficial.interior.gob.cl/publicaciones/2026/02/11/44373/01/2766271.pdf,https://www.diariooficial.interior.gob.cl/edicionelectronica/index.php?date=11-02-2026&edition=44373
11-02-2026,44373,NORMAS GENERALES,"Decreto exento número 6, de 2026.- Establece nuevo orden de subrogación del Subsecretario de Agricultura",CVE-2764330,https://www.diariooficial.interior.gob.cl/publicaciones/2026/02/11/44373/01/2764330.pdf,https://www.diariooficial.interior.gob.cl/edicionelectronica/index.php?date=11-02-2026&edition=44373
11-02-2026,44373,NORMAS GENERALES,"Decreto exento número 41, de 2026.- Determina precios de referencia para combustibles derivados del petróleo",CVE-2769504,https://www.diariooficial.interior.gob.cl/publicaciones/2026/02/11/44373/01/2769504.pdf,https://www.diariooficial.interior.gob.cl/edicionelectronica/index.php?date=11-02-2026&edition=44373
11-02-2026,44373,NORMAS GENERALES,"Decreto exento número 42, de 2026.- Fija precios de referencia y paridad para kerosene doméstico",CVE-2769503,https://www.diariooficial.interior.gob.cl/publicaciones/2026/02/11/44373/01/2769503.pdf,https://www.diariooficial.interior.gob.cl/edicionelectronica/index.php?date=11-02-2026&edition=44373
11-02-2026,44373,NORMAS GENERALES,"Decreto exento número 43, de 2026.- Fija precios de paridad para combustibles derivados del petróleo",CVE-2769502,https://www.diariooficial.interior.gob.cl/publicaciones/2026/02/11/44373/01/2769502.pdf,https://www.diariooficial.interior.gob.cl/edicionelectronica/index.php?date=11-02-2026&edition=44373
11-02-2026,44373,NORMAS GENERALES,Acuerdo funcionamiento y presidencia año judicial 2026,CVE-2763880,https://www.diariooficial.interior.gob.cl/publicaciones/2026/02/11/44373/01/2763880.pdf,https://www.diariooficial.interior.gob.cl/edicionelectronica/index.php?date=11-02-2026&edition=44373
11-02-2026,44373,NORMAS GENERALES,"Extracto de resolución número 1, de 2026.- Aprueba Normativa del Sistema de Contabilidad General de la Nación",CVE-2767221,https://www.diariooficial.interior.gob.cl/publicaciones/2026/02/11/44373/01/2767221.pdf,https://www.diariooficial.interior.gob.cl/edicionelectronica/index.php?date=11-02-2026&edition=44373
11-02-2026,44373,NORMAS GENERALES,Certificado Tipos de cambio y paridades de monedas extranjeras para efectos que señala,CVE-2769564,https://www.diariooficial.interior.gob.cl/publicaciones/2026/02/11/44373/01/2769564.pdf,https://www.diariooficial.interior.gob.cl/edicionelectronica/index.php?date=11-02-2026&edition=44373
12-02-2026,44374,NORMAS GENERALES,"Extracto de resolución número 12240/900/1 Vrs., de 2026.- Delega facultad que indica",CVE-2764535,https://www.diariooficial.interior.gob.cl/publicaciones/2026/02/12/44374/01/2764535.pdf,https://www.diariooficial.interior.gob.cl/edicionelectronica/index.php?date=12-02-2026&edition=44374
12-02-2026,44374,NORMAS GENERALES,"Decreto con Fuerza de Ley número 6, de 2025.- Establece el procedimiento y mecanismo de fijación, control y evaluación de metas de eficiencia institucional del artículo 9° de la ley N° 20.212 respecto del personal del Tribunal de Contratación Pública",CVE-2764855,https://www.diariooficial.interior.gob.cl/publicaciones/2026/02/12/44374/01/2764855.pdf,https://www.diariooficial.interior.gob.cl/edicionelectronica/index.php?date=12-02-2026&edition=44374
12-02-2026,44374,NORMAS GENERALES,"Decreto número 1.087, de 2025.- Deroga decreto Nº 1.247, de 2017, y fija normas, límites, procedimientos y controles para las inversiones de los recursos del Fondo de Reserva de Pensiones creado por la ley Nº 20.128",CVE-2764832,https://www.diariooficial.interior.gob.cl/publicaciones/2026/02/12/44374/01/2764832.pdf,https://www.diariooficial.interior.gob.cl/edicionelectronica/index.php?date=12-02-2026&edition=44374
12-02-2026,44374,NORMAS GENERALES,"Extracto de decreto exento número 202600016, de 2026.- Rectifica decreto N° DEXE202500242 exento, de 2025",CVE-2766074,https://www.diariooficial.interior.gob.cl/publicaciones/2026/02/12/44374/01/2766074.pdf,https://www.diariooficial.interior.gob.cl/edicionelectronica/index.php?date=12-02-2026&edition=44374
12-02-2026,44374,NORMAS GENERALES,"Extracto de resolución exenta número 247, de 2026.- Modifica resolución N° 2.379 exenta, de 2025",CVE-2766080,https://www.diariooficial.interior.gob.cl/publicaciones/2026/02/12/44374/01/2766080.pdf,https://www.diariooficial.interior.gob.cl/edicionelectronica/index.php?date=12-02-2026&edition=44374
12-02-2026,44374,NORMAS GENERALES,"Extracto de resolución exenta número 252, de 2026.- Autoriza puntos o puertos de desembarque para el recurso Congrio dorado",CVE-2765947,https://www.diariooficial.interior.gob.cl/publicaciones/2026/02/12/44374/01/2765947.pdf,https://www.diariooficial.interior.gob.cl/edicionelectronica/index.php?date=12-02-2026&edition=44374
12-02-2026,44374,NORMAS GENERALES,"Extracto de resolución exenta número 258, de 2026.- Incorpora pesquería del Jurel con enmalle, espinel y línea de mano, para armadores que indica",CVE-2765946,https://www.diariooficial.interior.gob.cl/publicaciones/2026/02/12/44374/01/2765946.pdf,https://www.diariooficial.interior.gob.cl/edicionelectronica/index.php?date=12-02-2026&edition=44374
12-02-2026,44374,NORMAS GENERALES,"Extracto de resolución exenta número 265, de 2026.- Incorpora pesquería de la Jibia con potera, a embarcaciones artesanales que indica",CVE-2765945,https://www.diariooficial.interior.gob.cl/publicaciones/2026/02/12/44374/01/2765945.pdf,https://www.diariooficial.interior.gob.cl/edicionelectronica/index.php?date=12-02-2026&edition=44374
12-02-2026,44374,NORMAS GENERALES,"Extracto de resolución exenta número 268, de 2026.- Incorpora pesquería de Reineta con enmalle y espinel",CVE-2765944,https://www.diariooficial.interior.gob.cl/publicaciones/2026/02/12/44374/01/2765944.pdf,https://www.diariooficial.interior.gob.cl/edicionelectronica/index.php?date=12-02-2026&edition=44374
12-02-2026,44374,NORMAS GENERALES,"Extracto de resolución exenta número 2.751, de 2026.- Dispone medidas administrativas de gestión y priorización para facilitar la tramitación del procedimiento concursal de renegociación de la persona deudora, en zonas afectadas por los incendios en las regiones de Ñuble y del Biobío",CVE-2767260,https://www.diariooficial.interior.gob.cl/publicaciones/2026/02/12/44374/01/2767260.pdf,https://www.diariooficial.interior.gob.cl/edicionelectronica/index.php?date=12-02-2026&edition=44374
12-02-2026,44374,NORMAS GENERALES,"Decreto exento número 277, de 2026.- Reajusta y fija arancel máximo que podrán percibir las personas mediadoras inscritas en el Registro de Mediadores de la ley N° 19.968 durante el año 2026",CVE-2766070,https://www.diariooficial.interior.gob.cl/publicaciones/2026/02/12/44374/01/2766070.pdf,https://www.diariooficial.interior.gob.cl/edicionelectronica/index.php?date=12-02-2026&edition=44374
12-02-2026,44374,NORMAS GENERALES,"Resolución exenta número 68, de 2026.- Autoriza eliminación de carpetas de causas penales, de la Defensoría Regional de Ñuble",CVE-2767649,https://www.diariooficial.interior.gob.cl/publicaciones/2026/02/12/44374/01/2767649.pdf,https://www.diariooficial.interior.gob.cl/edicionelectronica/index.php?date=12-02-2026&edition=44374
12-02-2026,44374,NORMAS GENERALES,"Resolución exenta número 70, de 2026.- Autoriza eliminación de carpetas de causas penales de la Defensoría Regional de Atacama",CVE-2767648,https://www.diariooficial.interior.gob.cl/publicaciones/2026/02/12/44374/01/2767648.pdf,https://www.diariooficial.interior.gob.cl/edicionelectronica/index.php?date=12-02-2026&edition=44374
12-02-2026,44374,NORMAS GENERALES,"Decreto número 46, de 2025.- Aprueba Reglamento que establece los requisitos para autorizar el uso de escorias de cobre como áridos artificiales para la construcción",CVE-2764340,https://www.diariooficial.interior.gob.cl/publicaciones/2026/02/12/44374/01/2764340.pdf,https://www.diariooficial.interior.gob.cl/edicionelectronica/index.php?date=12-02-2026&edition=44374
12-02-2026,44374,NORMAS GENERALES,"Decreto exento número 9, de 2026.- Modifica decreto Nº 500, de 2012, que aprueba la Norma Técnica Nº 136, nominada Norma que determina los principios activos contenidos en los productos farmacéuticos que deben demostrar su equivalencia terapéutica y lista de productos farmacéuticos que sirven de referencia de los mismos",CVE-2764339,https://www.diariooficial.interior.gob.cl/publicaciones/2026/02/12/44374/01/2764339.pdf,https://www.diariooficial.interior.gob.cl/edicionelectronica/index.php?date=12-02-2026&edition=44374
12-02-2026,44374,NORMAS GENERALES,"Resolución exenta número E562, de 2026.- Modifica la resolución Nº 191 exenta, de 2021, que establece la estructura orgánica, funciones y delegación de firma y facultades de las distintas dependencias del Instituto de Salud Pública de Chile",CVE-2764318,https://www.diariooficial.interior.gob.cl/publicaciones/2026/02/12/44374/01/2764318.pdf,https://www.diariooficial.interior.gob.cl/edicionelectronica/index.php?date=12-02-2026&edition=44374
12-02-2026,44374,NORMAS GENERALES,"Resolución exenta número 27, de 2026.- Activa vigilancia intensiva ante la detección de un ejemplar adulto de Mosca del Mediterráneo (Ceratitis capitata Wied.) en la comuna de Vallenar",CVE-2766197,https://www.diariooficial.interior.gob.cl/publicaciones/2026/02/12/44374/01/2766197.pdf,https://www.diariooficial.interior.gob.cl/edicionelectronica/index.php?date=12-02-2026&edition=44374
12-02-2026,44374,NORMAS GENERALES,"Resolución exenta número 5.110, de 2025.- Modifica la resolución N° 65, de 2000, sobre adaptación de motores de vehículos que indica para uso de gas natural comprimido",CVE-2767519,https://www.diariooficial.interior.gob.cl/publicaciones/2026/02/12/44374/01/2767519.pdf,https://www.diariooficial.interior.gob.cl/edicionelectronica/index.php?date=12-02-2026&edition=44374
12-02-2026,44374,NORMAS GENERALES,"Resolución exenta número 514, de 2026.- Autoriza experiencia de prueba de cruces peatonales inclusivos en los perímetros céntricos que se indican, en la comuna de Puerto Montt",CVE-2767513,https://www.diariooficial.interior.gob.cl/publicaciones/2026/02/12/44374/01/2767513.pdf,https://www.diariooficial.interior.gob.cl/edicionelectronica/index.php?date=12-02-2026&edition=44374
12-02-2026,44374,NORMAS GENERALES,"Resolución exenta número 603, de 2026.- Aprueba términos y condiciones del pago directo mediante la validación de tarjeta de pago, Visa o Mastercard en los validadores de Metro y Tren Nos-Estación Central, también denominado ""Pago Ágil"", en el Sistema de Transporte Público Metropolitano - Red Movilidad",CVE-2768814,https://www.diariooficial.interior.gob.cl/publicaciones/2026/02/12/44374/01/2768814.pdf,https://www.diariooficial.interior.gob.cl/edicionelectronica/index.php?date=12-02-2026&edition=44374
12-02-2026,44374,NORMAS GENERALES,"Resolución exenta número 2, de 2026.- Aprueba proyectos de ciclovías Juan Martínez entre Videla y Av. Arturo Prat y Arturo Fernández entre Videla y Diego Portales, comuna de Iquique",CVE-2767621,https://www.diariooficial.interior.gob.cl/publicaciones/2026/02/12/44374/01/2767621.pdf,https://www.diariooficial.interior.gob.cl/edicionelectronica/index.php?date=12-02-2026&edition=44374
12-02-2026,44374,NORMAS GENERALES,"Resolución exenta número 34, de 2026.- Prohíbe circulación de vehículos motorizados en vía y tramo que indica de la comuna de Vallenar",CVE-2767350,https://www.diariooficial.interior.gob.cl/publicaciones/2026/02/12/44374/01/2767350.pdf,https://www.diariooficial.interior.gob.cl/edicionelectronica/index.php?date=12-02-2026&edition=44374
12-02-2026,44374,NORMAS GENERALES,"Resolución exenta número 358, de 2026.- Prohíbe circulación de vehículos motorizados que indica, por ruta que señala, en los días y horarios que establece",CVE-2767522,https://www.diariooficial.interior.gob.cl/publicaciones/2026/02/12/44374/01/2767522.pdf,https://www.diariooficial.interior.gob.cl/edicionelectronica/index.php?date=12-02-2026&edition=44374
12-02-2026,44374,NORMAS GENERALES,"Resolución exenta número 9, de 2026.- Aprueba el monto total asignado al subsidio transitorio al pago del consumo de energía eléctrica del primer semestre del año 2026 y los listados de usarios residenciales pertenecienes a los hogares beneficiarios",CVE-2768410,https://www.diariooficial.interior.gob.cl/publicaciones/2026/02/12/44374/01/2768410.pdf,https://www.diariooficial.interior.gob.cl/edicionelectronica/index.php?date=12-02-2026&edition=44374
12-02-2026,44374,NORMAS GENERALES,"Resolución exenta número 584, de 2026.- Establece unidades de coordinación macrozonales del Centro Integrado de Coordinación Policial",CVE-2768162,https://www.diariooficial.interior.gob.cl/publicaciones/2026/02/12/44374/01/2768162.pdf,https://www.diariooficial.interior.gob.cl/edicionelectronica/index.php?date=12-02-2026&edition=44374
12-02-2026,44374,NORMAS GENERALES,Certificado Tipos de cambio y paridades de monedas extranjeras para efectos que señala,CVE-2770160,https://www.diariooficial.interior.gob.cl/publicaciones/2026/02/12/44374/01/2770160.pdf,https://www.diariooficial.interior.gob.cl/edicionelectronica/index.php?date=12-02-2026&edition=44374
12-02-2026,44374,NORMAS GENERALES,"Decreto número 59, de 2024.- Modifica decreto N° 20, de 2022, en lo que indica",CVE-2765752,https://www.diariooficial.interior.gob.cl/publicaciones/2026/02/12/44374/01/2765752.pdf,https://www.diariooficial.interior.gob.cl/edicionelectronica/index.php?date=12-02-2026&edition=44374
12-02-2026,44374,NORMAS GENERALES,"Decreto número 66, de 2024.- Modifica decreto N° 20, de 2022, en lo que indica",CVE-2765750,https://www.diariooficial.interior.gob.cl/publicaciones/2026/02/12/44374/01/2765750.pdf,https://www.diariooficial.interior.gob.cl/edicionelectronica/index.php?date=12-02-2026&edition=44374
13-02-2026,44375,NORMAS GENERALES,Ley número 21.804.- Perfecciona los sistemas medianos en la Ley General de Servicios Eléctricos,CVE-2769511,https://www.diariooficial.interior.gob.cl/publicaciones/2026/02/13/44375/01/2769511.pdf,https://www.diariooficial.interior.gob.cl/edicionelectronica/index.php?date=13-02-2026&edition=44375
13-02-2026,44375,NORMAS GENERALES,"Decreto número 136, de 2025.- Promulga el Acuerdo con el Gobierno de Irlanda sobre el Ejercicio de Trabajos Remunerados por parte de Familiares Dependientes del Personal Destinado a Misiones Oficiales en el Estado de la Otra Parte y su acuerdo complementario",CVE-2768335,https://www.diariooficial.interior.gob.cl/publicaciones/2026/02/13/44375/01/2768335.pdf,https://www.diariooficial.interior.gob.cl/edicionelectronica/index.php?date=13-02-2026&edition=44375
13-02-2026,44375,NORMAS GENERALES,"Decreto exento número 34, de 2026.- Crea Comisión Asesora Ministerial para el Análisis y Estudio de la Recaudación Tributaria No Minera del Impuesto a la Renta",CVE-2768101,https://www.diariooficial.interior.gob.cl/publicaciones/2026/02/13/44375/01/2768101.pdf,https://www.diariooficial.interior.gob.cl/edicionelectronica/index.php?date=13-02-2026&edition=44375
13-02-2026,44375,NORMAS GENERALES,"Resolución exenta número RA 258/1/2026, de 2026.- Establece orden de subrogación",CVE-2765144,https://www.diariooficial.interior.gob.cl/publicaciones/2026/02/13/44375/01/2765144.pdf,https://www.diariooficial.interior.gob.cl/edicionelectronica/index.php?date=13-02-2026&edition=44375
13-02-2026,44375,NORMAS GENERALES,"Extracto de resolución exenta número 673, de 2026.- Instala y pone en funcionamiento la Dirección Regional de Aduana de La Araucanía",CVE-2770338,https://www.diariooficial.interior.gob.cl/publicaciones/2026/02/13/44375/01/2770338.pdf,https://www.diariooficial.interior.gob.cl/edicionelectronica/index.php?date=13-02-2026&edition=44375
13-02-2026,44375,NORMAS GENERALES,"Resolución exenta número 42, de 2026.- Designa Ministro de Fe del Instituto Nacional de Propiedad Industrial para los Procedimientos de toma de razón y registro electrónicos, conforme ley 20.766",CVE-2768171,https://www.diariooficial.interior.gob.cl/publicaciones/2026/02/13/44375/01/2768171.pdf,https://www.diariooficial.interior.gob.cl/edicionelectronica/index.php?date=13-02-2026&edition=44375
13-02-2026,44375,NORMAS GENERALES,"Decreto número 189, de 2025.- Aprueba reglamento para el otorgamiento de la bonificación adicional y otros beneficios de incentivo al retiro para los funcionarios y funcionarias de la Junta Nacional de Jardines Infantiles establecidos en la ley Nº 21.003 para los años 2026 y 2027, y regula el artículo 89 de la ley Nº 21.724",CVE-2764327,https://www.diariooficial.interior.gob.cl/publicaciones/2026/02/13/44375/01/2764327.pdf,https://www.diariooficial.interior.gob.cl/edicionelectronica/index.php?date=13-02-2026&edition=44375
13-02-2026,44375,NORMAS GENERALES,"Resolución exenta número 266, de 2026.- Declara libre de Mosca del Mediterráneo (Ceratitis capitata W.) el área cuarentenada para el mercado de China",CVE-2768145,https://www.diariooficial.interior.gob.cl/publicaciones/2026/02/13/44375/01/2768145.pdf,https://www.diariooficial.interior.gob.cl/edicionelectronica/index.php?date=13-02-2026&edition=44375
13-02-2026,44375,NORMAS GENERALES,"Resolución exenta número 276, de 2026.- Establece regulaciones cuarentenarias para el control y erradicación de la Mosca del Mediterráneo (Ceratitis capitata W.) para el mercado de China",CVE-2768105,https://www.diariooficial.interior.gob.cl/publicaciones/2026/02/13/44375/01/2768105.pdf,https://www.diariooficial.interior.gob.cl/edicionelectronica/index.php?date=13-02-2026&edition=44375
13-02-2026,44375,NORMAS GENERALES,"Resolución exenta número 277, de 2026.- Establece regulaciones cuarentenarias para el control y erradicación de Mosca del Mediterráneo (Ceratitis capitata W.) en lugares que indica (Colina)",CVE-2768106,https://www.diariooficial.interior.gob.cl/publicaciones/2026/02/13/44375/01/2768106.pdf,https://www.diariooficial.interior.gob.cl/edicionelectronica/index.php?date=13-02-2026&edition=44375
13-02-2026,44375,NORMAS GENERALES,"Resolución exenta número 218, de 2026.- Aprueba Proyecto Ciclovía Avenida Uno, comuna de Huechuraba",CVE-2768341,https://www.diariooficial.interior.gob.cl/publicaciones/2026/02/13/44375/01/2768341.pdf,https://www.diariooficial.interior.gob.cl/edicionelectronica/index.php?date=13-02-2026&edition=44375
13-02-2026,44375,NORMAS GENERALES,"Resolución exenta número 96, de 2026.- Prohíbe circulación de vehículos de locomoción colectiva que indica, en la ciudad de Ovalle, Región de Coquimbo, en las condiciones que señala",CVE-2768343,https://www.diariooficial.interior.gob.cl/publicaciones/2026/02/13/44375/01/2768343.pdf,https://www.diariooficial.interior.gob.cl/edicionelectronica/index.php?date=13-02-2026&edition=44375
13-02-2026,44375,NORMAS GENERALES,"Extracto de resolución exenta número 685, de 2026.- Amplía nuevamente el plazo de consulta pública de la propuesta de creación del área de conservación de múltiples usos Soncor, en el marco de la red de salares protegidos para la región de Antofagasta",CVE-2768493,https://www.diariooficial.interior.gob.cl/publicaciones/2026/02/13/44375/01/2768493.pdf,https://www.diariooficial.interior.gob.cl/edicionelectronica/index.php?date=13-02-2026&edition=44375
13-02-2026,44375,NORMAS GENERALES,"Extracto de resolución exenta número 20260300115, de 2026.- Da inicio a proceso de participación ciudadana en Declaración de Impacto Ambiental del proyecto Parque Fotovoltaico, de Almacenamiento y Línea de Transmisión Copao, Diego de Almagro",CVE-2769360,https://www.diariooficial.interior.gob.cl/publicaciones/2026/02/13/44375/01/2769360.pdf,https://www.diariooficial.interior.gob.cl/edicionelectronica/index.php?date=13-02-2026&edition=44375
13-02-2026,44375,NORMAS GENERALES,"Extracto de resolución exenta número 20260600118, de 2026.- Da inicio a proceso de Participación Ciudadana Declaración de Impacto Ambiental Nueva Línea 2x154 kV Fuentecilla-Malloa Nueva",CVE-2769282,https://www.diariooficial.interior.gob.cl/publicaciones/2026/02/13/44375/01/2769282.pdf,https://www.diariooficial.interior.gob.cl/edicionelectronica/index.php?date=13-02-2026&edition=44375
13-02-2026,44375,NORMAS GENERALES,"Extracto de resolución exenta número 20261000118, de 2026.- Inicia proceso de participación ciudadana en procedimiento de evaluación ambiental del proyecto Modificación de Conjunto Habitacional Sector Alerce",CVE-2767606,https://www.diariooficial.interior.gob.cl/publicaciones/2026/02/13/44375/01/2767606.pdf,https://www.diariooficial.interior.gob.cl/edicionelectronica/index.php?date=13-02-2026&edition=44375
13-02-2026,44375,NORMAS GENERALES,Certificado Tipos de cambio y paridades de monedas extranjeras para efectos que señala,CVE-2770684,https://www.diariooficial.interior.gob.cl/publicaciones/2026/02/13/44375/01/2770684.pdf,https://www.diariooficial.interior.gob.cl/edicionelectronica/index.php?date=13-02-2026&edition=44375
13-02-2026,44375,NORMAS GENERALES,"Decreto alcaldicio exento número 152, de 2026.- Rectifica ordenanza municipal que regula el procedimiento para la fijación de la tarifa de aseo domiciliario, en lo que se indica",CVE-2765162,https://www.diariooficial.interior.gob.cl/publicaciones/2026/02/13/44375/01/2765162.pdf,https://www.diariooficial.interior.gob.cl/edicionelectronica/index.php?date=13-02-2026&edition=44375
13-02-2026,44375,NORMAS GENERALES,"Decreto alcaldicio exento número 2.442, de 2025.- Aprueba y declara, Reserva Natural Municipal, Cordón Montañoso Gúmera-Quilipín",CVE-2767507,https://www.diariooficial.interior.gob.cl/publicaciones/2026/02/13/44375/01/2767507.pdf,https://www.diariooficial.interior.gob.cl/edicionelectronica/index.php?date=13-02-2026&edition=44375
14-02-2026,44376,NORMAS GENERALES,"Decreto número 229, de 2026.- Declara zona de catástofe para la Región de Coquimbo",CVE-2770192,https://www.diariooficial.interior.gob.cl/publicaciones/2026/02/14/44376/01/2770192.pdf,https://www.diariooficial.interior.gob.cl/edicionelectronica/index.php?date=14-02-2026&edition=44376
14-02-2026,44376,NORMAS GENERALES,"Decreto exento número 40, de 2026.- Aplica rebajas de derechos de aduana para la importación de trigo y harina de trigo o de morcajo (tranquillón)",CVE-2770137,https://www.diariooficial.interior.gob.cl/publicaciones/2026/02/14/44376/01/2770137.pdf,https://www.diariooficial.interior.gob.cl/edicionelectronica/index.php?date=14-02-2026&edition=44376
14-02-2026,44376,NORMAS GENERALES,"Certificado número 2, de 2026.- Determina interés corriente por el lapso que indica",CVE-2770525,https://www.diariooficial.interior.gob.cl/publicaciones/2026/02/14/44376/01/2770525.pdf,https://www.diariooficial.interior.gob.cl/edicionelectronica/index.php?date=14-02-2026&edition=44376
14-02-2026,44376,NORMAS GENERALES,"Decreto número 29, de 2024.- Modifica decreto N° 47, de 1992, Ordenanza General de Urbanismo y Construcciones, en el sentido de actualizar sus normas a las disposiciones de la ley N° 21.450 sobre Integración Social en la Planificación Urbana, Gestión de Suelo y Plan de Emergencia Habitacional; la ley N° 21.455, Ley Marco de Cambio Climático; la ley N° 21.588 que modifica diversos cuerpos normativos para adecuarlos al Plan de Emergencia Habitacional y facilitar la ejecución de obras urbanas; y para reglamentar disposiciones del decreto con fuerza de ley N° 458, de 1975, Ley General de Urbanismo y Construcciones, todo en materia de planificación territorial",CVE-2768887,https://www.diariooficial.interior.gob.cl/publicaciones/2026/02/14/44376/01/2768887.pdf,https://www.diariooficial.interior.gob.cl/edicionelectronica/index.php?date=14-02-2026&edition=44376
16-02-2026,44377,NORMAS GENERALES,Ley número 21.805.- Reconoce el derecho al cuidado y crea el Sistema Nacional de Apoyos y Cuidados,CVE-2770664,https://www.diariooficial.interior.gob.cl/publicaciones/2026/02/16/44377/01/2770664.pdf,https://www.diariooficial.interior.gob.cl/edicionelectronica/index.php?date=16-02-2026&edition=44377&v=1
16-02-2026,44377,NORMAS GENERALES,"Resolución exenta número 281, de 2026.- Determina los contenidos mínimos que deberán contener los Informes Técnicos de Pre Revisión suscritos por profesionales o entidades técnicas reconocidas, para solicitudes de aprobación de proyectos de bocatomas (Art. 151), modificaciones de cauces (Art. 171) y obras hidráulicas mayores (Art. 294), conforme al artículo 307 ter del Código de Aguas",CVE-2767231,https://www.diariooficial.interior.gob.cl/publicaciones/2026/02/16/44377/01/2767231.pdf,https://www.diariooficial.interior.gob.cl/edicionelectronica/index.php?date=16-02-2026&edition=44377&v=1
16-02-2026,44377,NORMAS GENERALES,"Resolución exenta número 239, de 2026.- Establece exigencias extraordinarias a las que deberá ajustarse la construcción, reconstrucción y reparación de edificios y la demolición de éstos, en las comunas de Concepción, Penco y Tomé, todas de la Región del Biobío, declaradas zonas afectadas por catástrofe, derivada de los incendios forestales del 17 y 18 de enero de 2026",CVE-2770466,https://www.diariooficial.interior.gob.cl/publicaciones/2026/02/16/44377/01/2770466.pdf,https://www.diariooficial.interior.gob.cl/edicionelectronica/index.php?date=16-02-2026&edition=44377&v=1
16-02-2026,44377,NORMAS GENERALES,"Extracto de resolución exenta número 335, de 2026.- Rectifica de oficio el llamado a concurso público que señala",CVE-2768032,https://www.diariooficial.interior.gob.cl/publicaciones/2026/02/16/44377/01/2768032.pdf,https://www.diariooficial.interior.gob.cl/edicionelectronica/index.php?date=16-02-2026&edition=44377&v=1
16-02-2026,44377,NORMAS GENERALES,"Resolución exenta número 345, de 2026.- Excluye del concurso público correspondiente al primer cuatrimestre de 2026, las frecuencias de radiodifusión sonora para las localidades y comunas que indica",CVE-2767552,https://www.diariooficial.interior.gob.cl/publicaciones/2026/02/16/44377/01/2767552.pdf,https://www.diariooficial.interior.gob.cl/edicionelectronica/index.php?date=16-02-2026&edition=44377&v=1
16-02-2026,44377,NORMAS GENERALES,"Resolución exenta número 338, de 2026.- Da inicio a procedimiento de revisión del decreto Nº 38, de 2020, que establece norma de emisión para grupos electrógenos",CVE-2769037,https://www.diariooficial.interior.gob.cl/publicaciones/2026/02/16/44377/01/2769037.pdf,https://www.diariooficial.interior.gob.cl/edicionelectronica/index.php?date=16-02-2026&edition=44377&v=1
16-02-2026,44377,NORMAS GENERALES,"Resolución exenta número 715, de 2026.- Aprueba el Plan de Transición Socioecológica Justa de la Comuna de Mejillones",CVE-2769851,https://www.diariooficial.interior.gob.cl/publicaciones/2026/02/16/44377/01/2769851.pdf,https://www.diariooficial.interior.gob.cl/edicionelectronica/index.php?date=16-02-2026&edition=44377&v=1
16-02-2026,44377,NORMAS GENERALES,"Extracto de resolución exenta número 384, de 2026.- Aprueba la creación, conformación y funcionamiento del Grupo Técnico Interministerial de Soluciones Basadas en la Naturaleza en Chile",CVE-2769838,https://www.diariooficial.interior.gob.cl/publicaciones/2026/02/16/44377/01/2769838.pdf,https://www.diariooficial.interior.gob.cl/edicionelectronica/index.php?date=16-02-2026&edition=44377&v=1
16-02-2026,44377,NORMAS GENERALES,Certificado Tipos de cambio y paridades de monedas extranjeras para efectos que señala,CVE-2771235,https://www.diariooficial.interior.gob.cl/publicaciones/2026/02/16/44377/01/2771235.pdf,https://www.diariooficial.interior.gob.cl/edicionelectronica/index.php?date=16-02-2026&edition=44377&v=1
16-02-2026,44377,NORMAS GENERALES,"Decreto alcaldicio número 1.769, de 2025.- Declara Reserva Natural Municipal (Renamu) Cordón Montañoso Gúmera-Quilipín",CVE-2766728,https://www.diariooficial.interior.gob.cl/publicaciones/2026/02/16/44377/01/2766728.pdf,https://www.diariooficial.interior.gob.cl/edicionelectronica/index.php?date=16-02-2026&edition=44377&v=1
16-02-2026,44377-B,NORMAS GENERALES,Ley número 21.807.- Modifica diversos cuerpos legales con el objeto de fortalecer y modernizar el sistema de planificación territorial del país,CVE-2769972,https://www.diariooficial.interior.gob.cl/publicaciones/2026/02/16/44377-B/01/2769972.pdf,https://www.diariooficial.interior.gob.cl/edicionelectronica/index.php?date=16-02-2026&edition=44377-B&v=2
16-02-2026,44377-C,NORMAS GENERALES,"Decreto número 24, de 2026.- Prorroga declaración de estado de excepción constitucional de catástrofe en las comunas de Concepción, Penco y Tomé, todas de la Región del Biobío",CVE-2771925,https://www.diariooficial.interior.gob.cl/publicaciones/2026/02/16/44377-C/01/2771925.pdf,https://www.diariooficial.interior.gob.cl/edicionelectronica/index.php?date=16-02-2026&edition=44377-C&v=3
17-02-2026,44378,NORMAS GENERALES,"Decreto exento número 24, de 2026.- Aprueba reglamento interno del Comité Asesor del Administrador del Fondo Nacional de Reconstrucción a que se refiere el artículo 8° del decreto Nº 662, de 2010",CVE-2766212,https://www.diariooficial.interior.gob.cl/publicaciones/2026/02/17/44378/01/2766212.pdf,https://www.diariooficial.interior.gob.cl/edicionelectronica/index.php?date=17-02-2026&edition=44378
17-02-2026,44378,NORMAS GENERALES,"Decreto número 174, de 2024.- Aprueba reglamento que regula el reconocimiento y revalidación en Chile de títulos de educación superior obtenidos en el extranjero, y la convalidación de actividades curriculares cursadas en una institución de educación superior extranjera, en conformidad a lo dispuesto en el artículo 143 de la Ley N° 21.325, de Migración y Extranjería",CVE-2769106,https://www.diariooficial.interior.gob.cl/publicaciones/2026/02/17/44378/01/2769106.pdf,https://www.diariooficial.interior.gob.cl/edicionelectronica/index.php?date=17-02-2026&edition=44378
17-02-2026,44378,NORMAS GENERALES,"Decreto exento número 95, de 2025.- Modifica Programa del Fondo Único de Prestaciones Familiares y Subsidios de Cesantía, para el ejercicio del año 2025",CVE-2766945,https://www.diariooficial.interior.gob.cl/publicaciones/2026/02/17/44378/01/2766945.pdf,https://www.diariooficial.interior.gob.cl/edicionelectronica/index.php?date=17-02-2026&edition=44378
17-02-2026,44378,NORMAS GENERALES,"Decreto exento número 15, de 2026.- Aprueba norma técnica N° 258 sobre fraccionamiento de envases de medicamentos en establecimientos asistenciales de atención abierta y cerrada",CVE-2766993,https://www.diariooficial.interior.gob.cl/publicaciones/2026/02/17/44378/01/2766993.pdf,https://www.diariooficial.interior.gob.cl/edicionelectronica/index.php?date=17-02-2026&edition=44378
17-02-2026,44378,NORMAS GENERALES,"Resolución exenta número CP 24.224, de 2025.- Actualización Arsenal Farmacológico para Establecimientos de Atención Primaria de Salud del Servicio de Salud Araucanía Norte",CVE-2766325,https://www.diariooficial.interior.gob.cl/publicaciones/2026/02/17/44378/01/2766325.pdf,https://www.diariooficial.interior.gob.cl/edicionelectronica/index.php?date=17-02-2026&edition=44378
17-02-2026,44378,NORMAS GENERALES,"Resolución exenta número 870, de 2026.- Levanta restricción que indica, en el sitio de inspección de mercancías de importación San Antonio Terminal Internacional S.A. (STI).",CVE-2766944,https://www.diariooficial.interior.gob.cl/publicaciones/2026/02/17/44378/01/2766944.pdf,https://www.diariooficial.interior.gob.cl/edicionelectronica/index.php?date=17-02-2026&edition=44378
17-02-2026,44378,NORMAS GENERALES,"Resolución exenta número 26, de 2026.- Prohíbe circulación de vehículos motorizados en tramo de la vía que indica, de la comuna de Copiapó",CVE-2768880,https://www.diariooficial.interior.gob.cl/publicaciones/2026/02/17/44378/01/2768880.pdf,https://www.diariooficial.interior.gob.cl/edicionelectronica/index.php?date=17-02-2026&edition=44378
17-02-2026,44378,NORMAS GENERALES,"Resolución exenta número 45, de 2026.- Prohíbe circulación de vehículos motorizados, en tramo de vía que indica, de la comuna de Caldera",CVE-2769061,https://www.diariooficial.interior.gob.cl/publicaciones/2026/02/17/44378/01/2769061.pdf,https://www.diariooficial.interior.gob.cl/edicionelectronica/index.php?date=17-02-2026&edition=44378
17-02-2026,44378,NORMAS GENERALES,"Decreto número 38, de 2025.- Autoriza comisión de servicio a don Luis Felipe Andrés Ramos Barrera, Subsecretario de Energía, a la ciudad de Brasilia, Brasil",CVE-2766222,https://www.diariooficial.interior.gob.cl/publicaciones/2026/02/17/44378/01/2766222.pdf,https://www.diariooficial.interior.gob.cl/edicionelectronica/index.php?date=17-02-2026&edition=44378
17-02-2026,44378,NORMAS GENERALES,"Extracto de Estudio de Impacto Ambiental del proyecto Modificación Planta de Valorización de Materiales Residuales Orgánicos, Rilesur Ltda.",CVE-2770694,https://www.diariooficial.interior.gob.cl/publicaciones/2026/02/17/44378/01/2770694.pdf,https://www.diariooficial.interior.gob.cl/edicionelectronica/index.php?date=17-02-2026&edition=44378
17-02-2026,44378,NORMAS GENERALES,Certificado Tipos de cambio y paridades de monedas extranjeras para efectos que señala,CVE-2771909,https://www.diariooficial.interior.gob.cl/publicaciones/2026/02/17/44378/01/2771909.pdf,https://www.diariooficial.interior.gob.cl/edicionelectronica/index.php?date=17-02-2026&edition=44378
18-02-2026,44379,NORMAS GENERALES,"Decreto número 169, de 2025.- Promulga el Acuerdo de Viena por el que se establece una Clasificación Internacional de los Elementos Figurativos de las Marcas",CVE-2768043,https://www.diariooficial.interior.gob.cl/publicaciones/2026/02/18/44379/01/2768043.pdf,https://www.diariooficial.interior.gob.cl/edicionelectronica/index.php?date=18-02-2026&edition=44379
18-02-2026,44379,NORMAS GENERALES,"Decreto número 170, de 2025.- Promulga el Arreglo de Niza relativo a la Clasificación Internacional de Productos y Servicios para el Registro de las Marcas",CVE-2768044,https://www.diariooficial.interior.gob.cl/publicaciones/2026/02/18/44379/01/2768044.pdf,https://www.diariooficial.interior.gob.cl/edicionelectronica/index.php?date=18-02-2026&edition=44379
18-02-2026,44379,NORMAS GENERALES,"Decreto número 171, de 2025.- Promulga el Arreglo de Locarno, que establece una Clasificación Internacional para los Dibujos y Modelos Industriales",CVE-2766955,https://www.diariooficial.interior.gob.cl/publicaciones/2026/02/18/44379/01/2766955.pdf,https://www.diariooficial.interior.gob.cl/edicionelectronica/index.php?date=18-02-2026&edition=44379
18-02-2026,44379,NORMAS GENERALES,"Decreto número 173, de 2025.- Promulga el Acuerdo de Servicios Aéreos entre el Gobierno de la República de Chile y el Gobierno de la República de Finlandia",CVE-2766954,https://www.diariooficial.interior.gob.cl/publicaciones/2026/02/18/44379/01/2766954.pdf,https://www.diariooficial.interior.gob.cl/edicionelectronica/index.php?date=18-02-2026&edition=44379
18-02-2026,44379,NORMAS GENERALES,"Decreto número 199, de 2025.- Promulga el Arreglo de Estrasburgo relativo a la Clasificación Internacional de Patentes",CVE-2766953,https://www.diariooficial.interior.gob.cl/publicaciones/2026/02/18/44379/01/2766953.pdf,https://www.diariooficial.interior.gob.cl/edicionelectronica/index.php?date=18-02-2026&edition=44379
18-02-2026,44379,NORMAS GENERALES,"Decreto número 142, de 2024.- Aprueba reglamento de financiamiento de las capacidades estratégicas de la Defensa Nacional",CVE-2765156,https://www.diariooficial.interior.gob.cl/publicaciones/2026/02/18/44379/01/2765156.pdf,https://www.diariooficial.interior.gob.cl/edicionelectronica/index.php?date=18-02-2026&edition=44379
18-02-2026,44379,NORMAS GENERALES,"Decreto número 1.869, de 2025.- Determina Garantía del Estado a empréstito suscrito por la Universidad de Magallanes",CVE-2767346,https://www.diariooficial.interior.gob.cl/publicaciones/2026/02/18/44379/01/2767346.pdf,https://www.diariooficial.interior.gob.cl/edicionelectronica/index.php?date=18-02-2026&edition=44379
18-02-2026,44379,NORMAS GENERALES,"Decreto exento número 27, de 2026.- Identifica corporaciones, fundaciones y asociaciones del inciso tercero del artículo 1° de la ley N° 19.886",CVE-2767307,https://www.diariooficial.interior.gob.cl/publicaciones/2026/02/18/44379/01/2767307.pdf,https://www.diariooficial.interior.gob.cl/edicionelectronica/index.php?date=18-02-2026&edition=44379
18-02-2026,44379,NORMAS GENERALES,"Decreto exento número 43, de 2026.- Determina el componente variable para el cálculo del impuesto específico establecido en la ley N° 18.502",CVE-2772720,https://www.diariooficial.interior.gob.cl/publicaciones/2026/02/18/44379/01/2772720.pdf,https://www.diariooficial.interior.gob.cl/edicionelectronica/index.php?date=18-02-2026&edition=44379
18-02-2026,44379,NORMAS GENERALES,"Resolución exenta número 79, de 2026.- Establece precio promedio de la libra de cobre para efectos de lo dispuesto en el artículo 7 de la ley N° 21.591",CVE-2767367,https://www.diariooficial.interior.gob.cl/publicaciones/2026/02/18/44379/01/2767367.pdf,https://www.diariooficial.interior.gob.cl/edicionelectronica/index.php?date=18-02-2026&edition=44379
18-02-2026,44379,NORMAS GENERALES,"Extracto de resolución exenta número 22, de 2026.- Deja sin efecto resolución número 209 exenta, de 2025",CVE-2767333,https://www.diariooficial.interior.gob.cl/publicaciones/2026/02/18/44379/01/2767333.pdf,https://www.diariooficial.interior.gob.cl/edicionelectronica/index.php?date=18-02-2026&edition=44379
18-02-2026,44379,NORMAS GENERALES,"Extracto de resolución exenta número DN-3.887, de 2025.- Fija texto refundido, coordinado y sistematizado del Programa Sanitario General de Manejo de Mortalidades y su sistema de clasificación estandarizado",CVE-2768590,https://www.diariooficial.interior.gob.cl/publicaciones/2026/02/18/44379/01/2768590.pdf,https://www.diariooficial.interior.gob.cl/edicionelectronica/index.php?date=18-02-2026&edition=44379
18-02-2026,44379,NORMAS GENERALES,"Extracto de resolución exenta número 339, de 2026.- Establece priorización de flotas que indica",CVE-2768575,https://www.diariooficial.interior.gob.cl/publicaciones/2026/02/18/44379/01/2768575.pdf,https://www.diariooficial.interior.gob.cl/edicionelectronica/index.php?date=18-02-2026&edition=44379
18-02-2026,44379,NORMAS GENERALES,"Decreto exento número 74, de 2026.- Establece nuevo orden de subrogación del cargo de Director/a Ejecutivo/a del Servicio Local de Educación Pública Gabriela Mistral",CVE-2767355,https://www.diariooficial.interior.gob.cl/publicaciones/2026/02/18/44379/01/2767355.pdf,https://www.diariooficial.interior.gob.cl/edicionelectronica/index.php?date=18-02-2026&edition=44379
18-02-2026,44379,NORMAS GENERALES,"Decreto exento número 75, de 2026.- Establece nuevo orden de subrogación del cargo de Director Ejecutivo del Servicio Local de Educación Pública de Puelche",CVE-2767359,https://www.diariooficial.interior.gob.cl/publicaciones/2026/02/18/44379/01/2767359.pdf,https://www.diariooficial.interior.gob.cl/edicionelectronica/index.php?date=18-02-2026&edition=44379
18-02-2026,44379,NORMAS GENERALES,"Extracto de resolución exenta N°s DN 565, de 2025; N°s. DN 3, DN 8, DN 9, DN 12, DN 20, DN 21, DN 25, DN 31, DN 36, DN 37, de 2026",CVE-2767339,https://www.diariooficial.interior.gob.cl/publicaciones/2026/02/18/44379/01/2767339.pdf,https://www.diariooficial.interior.gob.cl/edicionelectronica/index.php?date=18-02-2026&edition=44379
18-02-2026,44379,NORMAS GENERALES,"Resolución exenta número 1.225, de 2025.- Delega facultades que indica al Director(a) del Cosam Lo Errázuriz",CVE-2767327,https://www.diariooficial.interior.gob.cl/publicaciones/2026/02/18/44379/01/2767327.pdf,https://www.diariooficial.interior.gob.cl/edicionelectronica/index.php?date=18-02-2026&edition=44379
18-02-2026,44379,NORMAS GENERALES,"Resolución exenta número 5.129, de 2025.- Declara vigilancia intensiva ante la detección de un único ejemplar adulto de Mosca del Mediterráneo (Ceratitis capitata Wied), comuna de Maipú",CVE-2769868,https://www.diariooficial.interior.gob.cl/publicaciones/2026/02/18/44379/01/2769868.pdf,https://www.diariooficial.interior.gob.cl/edicionelectronica/index.php?date=18-02-2026&edition=44379
18-02-2026,44379,NORMAS GENERALES,"Resolución exenta número 335, de 2026.- Pone término a vigilancia intensiva establecida ante la detección de un único ejemplar de Mosca del Mediterráneo (Ceratitis capitata Wied.), comuna de Maipú",CVE-2769869,https://www.diariooficial.interior.gob.cl/publicaciones/2026/02/18/44379/01/2769869.pdf,https://www.diariooficial.interior.gob.cl/edicionelectronica/index.php?date=18-02-2026&edition=44379
18-02-2026,44379,NORMAS GENERALES,"Decreto exento número 54, de 2026.- Fija precios de referencia y paridad para kerosene doméstico",CVE-2772748,https://www.diariooficial.interior.gob.cl/publicaciones/2026/02/18/44379/01/2772748.pdf,https://www.diariooficial.interior.gob.cl/edicionelectronica/index.php?date=18-02-2026&edition=44379
18-02-2026,44379,NORMAS GENERALES,"Decreto exento número 55, de 2026.- Fija precios de paridad para combustibles derivados del petróleo",CVE-2772749,https://www.diariooficial.interior.gob.cl/publicaciones/2026/02/18/44379/01/2772749.pdf,https://www.diariooficial.interior.gob.cl/edicionelectronica/index.php?date=18-02-2026&edition=44379
18-02-2026,44379,NORMAS GENERALES,"Decreto exento número 56, de 2026.- Determina precios de referencia para combustibles derivados del petróleo",CVE-2772750,https://www.diariooficial.interior.gob.cl/publicaciones/2026/02/18/44379/01/2772750.pdf,https://www.diariooficial.interior.gob.cl/edicionelectronica/index.php?date=18-02-2026&edition=44379
18-02-2026,44379,NORMAS GENERALES,Certificado Tipos de cambio y paridades de monedas extranjeras para efectos que señala,CVE-2772738,https://www.diariooficial.interior.gob.cl/publicaciones/2026/02/18/44379/01/2772738.pdf,https://www.diariooficial.interior.gob.cl/edicionelectronica/index.php?date=18-02-2026&edition=44379
18-02-2026,44379,NORMAS GENERALES,"Extracto de decreto alcaldicio número 1.626, de 2025.- Aprueba rebaja de la tasa de cálculo de las patentes a las sociedades de inversión",CVE-2768203,https://www.diariooficial.interior.gob.cl/publicaciones/2026/02/18/44379/01/2768203.pdf,https://www.diariooficial.interior.gob.cl/edicionelectronica/index.php?date=18-02-2026&edition=44379
18-02-2026,44379,NORMAS GENERALES,"Decreto alcaldicio exento número 159, de 2026.- Promulga Plan Comunal de Inversiones en Infraestructura de Movilidad y Espacio Público de Gorbea",CVE-2766839,https://www.diariooficial.interior.gob.cl/publicaciones/2026/02/18/44379/01/2766839.pdf,https://www.diariooficial.interior.gob.cl/edicionelectronica/index.php?date=18-02-2026&edition=44379
19-02-2026,44380,NORMAS GENERALES,"Decreto número 244, de 2025.- Modifica los Jefes de Fuerzas Regionales para la segunda votación presidencial",CVE-2768179,https://www.diariooficial.interior.gob.cl/publicaciones/2026/02/19/44380/01/2768179.pdf,https://www.diariooficial.interior.gob.cl/edicionelectronica/index.php?date=19-02-2026&edition=44380&v=1
19-02-2026,44380,NORMAS GENERALES,"Resolución número 534, de 2026.- Asigna a doña Náyade Liliana Cabrera Banados para que ejerza la función de Abogado del Servicio de Tesorerías",CVE-2768073,https://www.diariooficial.interior.gob.cl/publicaciones/2026/02/19/44380/01/2768073.pdf,https://www.diariooficial.interior.gob.cl/edicionelectronica/index.php?date=19-02-2026&edition=44380&v=1
19-02-2026,44380,NORMAS GENERALES,"Decreto número 100, de 2025.- Designa en comisión de servicio a doña Verónica Pardo Lagos, Subsecretaria de Turismo, a la ciudad de Antigua Guatemala, Guatemala",CVE-2768114,https://www.diariooficial.interior.gob.cl/publicaciones/2026/02/19/44380/01/2768114.pdf,https://www.diariooficial.interior.gob.cl/edicionelectronica/index.php?date=19-02-2026&edition=44380&v=1
19-02-2026,44380,NORMAS GENERALES,"Decreto número 101, de 2025.- Designa en comisión de servicio a doña Verónica Pardo Lagos, Subsecretaria de Turismo, a la ciudad de Harbin, China",CVE-2768150,https://www.diariooficial.interior.gob.cl/publicaciones/2026/02/19/44380/01/2768150.pdf,https://www.diariooficial.interior.gob.cl/edicionelectronica/index.php?date=19-02-2026&edition=44380&v=1
19-02-2026,44380,NORMAS GENERALES,"Decreto número 5, de 2026.- Acepta renuncia voluntaria presentada por don Daslav Cristian Mihovilovic Pérez al cargo de Director Ejecutivo Suplente del Servicio Local de Educación Pública de Atacama",CVE-2768037,https://www.diariooficial.interior.gob.cl/publicaciones/2026/02/19/44380/01/2768037.pdf,https://www.diariooficial.interior.gob.cl/edicionelectronica/index.php?date=19-02-2026&edition=44380&v=1
19-02-2026,44380,NORMAS GENERALES,"Resolución exenta número 600, de 2026.- Determina el valor máximo del Pase de Educación Superior o Tarjeta Nacional del Estudiante (TNE) para la Educación Superior para el año 2026",CVE-2768598,https://www.diariooficial.interior.gob.cl/publicaciones/2026/02/19/44380/01/2768598.pdf,https://www.diariooficial.interior.gob.cl/edicionelectronica/index.php?date=19-02-2026&edition=44380&v=1
19-02-2026,44380,NORMAS GENERALES,"Decreto número 132, de 2025.- Modifica decreto Nº 150, de 2024, que crea Comisión Asesora Presidencial para el esclarecimiento de la verdad sobre vulneraciones a los derechos humanos de niños, niñas y adolescentes bajo la custodia del Sename o en sistemas de cuidados alternativos privados, y prorroga su funcionamiento",CVE-2768867,https://www.diariooficial.interior.gob.cl/publicaciones/2026/02/19/44380/01/2768867.pdf,https://www.diariooficial.interior.gob.cl/edicionelectronica/index.php?date=19-02-2026&edition=44380&v=1
19-02-2026,44380,NORMAS GENERALES,"Decreto número 148, de 2025.- Acepta renuncia voluntaria de doña María Eugenia Fernández Alvear al cargo de Directora Nacional del Servicio Nacional de Menores",CVE-2768868,https://www.diariooficial.interior.gob.cl/publicaciones/2026/02/19/44380/01/2768868.pdf,https://www.diariooficial.interior.gob.cl/edicionelectronica/index.php?date=19-02-2026&edition=44380&v=1
19-02-2026,44380,NORMAS GENERALES,"Decreto número 120, de 2025.- Crea Comité Interministerial de Infraestructura",CVE-2768062,https://www.diariooficial.interior.gob.cl/publicaciones/2026/02/19/44380/01/2768062.pdf,https://www.diariooficial.interior.gob.cl/edicionelectronica/index.php?date=19-02-2026&edition=44380&v=1
19-02-2026,44380,NORMAS GENERALES,"Decreto número 142, de 2025.- Designa a don Ignacio Canales Molina como director suplente de la sociedad Fondo de Infraestructura S.A., de acuerdo con el artículo 18 de la ley Nº 21.082",CVE-2768829,https://www.diariooficial.interior.gob.cl/publicaciones/2026/02/19/44380/01/2768829.pdf,https://www.diariooficial.interior.gob.cl/edicionelectronica/index.php?date=19-02-2026&edition=44380&v=1
19-02-2026,44380,NORMAS GENERALES,"Resolución exenta número 237, de 2026.- Establece condiciones, criterios, requisitos y restricciones especiales para llamados a postulación con Proyecto de Asociación Territorial, del Título I, del Programa de Habitabilidad Rural, regulado por el decreto Nº 10 de 2015, y sus modificaciones",CVE-2770604,https://www.diariooficial.interior.gob.cl/publicaciones/2026/02/19/44380/01/2770604.pdf,https://www.diariooficial.interior.gob.cl/edicionelectronica/index.php?date=19-02-2026&edition=44380&v=1
19-02-2026,44380,NORMAS GENERALES,"Resolución exenta número 94, de 2026.- Define agrupación de comunas para la Región de Coquimbo de acuerdo a lo establecido en el inciso octavo de la letra a) del artículo 35 del decreto Nº 49, de 2011, para las postulaciones colectivas a proyectos habitacionales reglamentados por el Programa FSEV regulado por el decreto Nº 49, de 2011",CVE-2768076,https://www.diariooficial.interior.gob.cl/publicaciones/2026/02/19/44380/01/2768076.pdf,https://www.diariooficial.interior.gob.cl/edicionelectronica/index.php?date=19-02-2026&edition=44380&v=1
19-02-2026,44380,NORMAS GENERALES,"Resolución exenta número 506, de 2026.- Declara erradicada la brucelosis bovina en la Región del Maule y la incorpora a la zona provisionalmente libre de la enfermedad",CVE-2769954,https://www.diariooficial.interior.gob.cl/publicaciones/2026/02/19/44380/01/2769954.pdf,https://www.diariooficial.interior.gob.cl/edicionelectronica/index.php?date=19-02-2026&edition=44380&v=1
19-02-2026,44380,NORMAS GENERALES,"Resolución exenta número 1.053, de 2026.- Modifica resolución Nº 5.123 exenta, de 2021, que establece requisitos fitosanitarios para la importación a Chile de frutos frescos de limón Tahití (Citrus latifolia) y limón sutil (Citrus aurantifolia), producidos en Perú",CVE-2769947,https://www.diariooficial.interior.gob.cl/publicaciones/2026/02/19/44380/01/2769947.pdf,https://www.diariooficial.interior.gob.cl/edicionelectronica/index.php?date=19-02-2026&edition=44380&v=1
19-02-2026,44380,NORMAS GENERALES,"Resolución exenta número 199, de 2026.- Rectifica resolución Nº 34 de 2026, la cual establece el Programa de Auditorías Periódicas de planes de cierre para ser presentados el año 2026, conforme con lo establecido en la ley 20.551 que regula el cierre de faenas e instalaciones mineras, su reglamento, y requiere publicación que indica",CVE-2768237,https://www.diariooficial.interior.gob.cl/publicaciones/2026/02/19/44380/01/2768237.pdf,https://www.diariooficial.interior.gob.cl/edicionelectronica/index.php?date=19-02-2026&edition=44380&v=1
19-02-2026,44380,NORMAS GENERALES,"Decreto número 4, de 2026.- Modifica el decreto Nº 40, de 2010, suscrito por el Ministro de Hacienda, que aprueba reglamento de funcionamiento del Panel de Expertos a que se refiere el artículo 19 de la ley Nº 20.378",CVE-2772386,https://www.diariooficial.interior.gob.cl/publicaciones/2026/02/19/44380/01/2772386.pdf,https://www.diariooficial.interior.gob.cl/edicionelectronica/index.php?date=19-02-2026&edition=44380&v=1
19-02-2026,44380,NORMAS GENERALES,"Extracto de resolución número 25, de 2024.- Aprueba bases de licitación para otorgar concesiones para operar establecimientos que practiquen revisiones técnicas de vehículos y deja sin efecto resolución que indica",CVE-2772309,https://www.diariooficial.interior.gob.cl/publicaciones/2026/02/19/44380/01/2772309.pdf,https://www.diariooficial.interior.gob.cl/edicionelectronica/index.php?date=19-02-2026&edition=44380&v=1
19-02-2026,44380,NORMAS GENERALES,"Resolución exenta número 68, de 2026.- Aprueba Informe Consolidado de Respuestas correspondiente al procedimiento normativo de la modificación de Norma Técnica de Conexión y Operación de PMGD en instalaciones de Media Tensión, de conformidad con lo dispuesto en el artículo 34º del decreto Nº 11, de 2017",CVE-2768120,https://www.diariooficial.interior.gob.cl/publicaciones/2026/02/19/44380/01/2768120.pdf,https://www.diariooficial.interior.gob.cl/edicionelectronica/index.php?date=19-02-2026&edition=44380&v=1
19-02-2026,44380,NORMAS GENERALES,"Resolución exenta número 69, de 2026.- Aprueba modificaciones a la Norma Técnica de Conexión y Operación de PMGD en Instalaciones de Media Tensión, cuyo texto refundido fue aprobado mediante resolución Nº 42 exenta, de 2024, en conformidad con el artículo 35º del decreto Nº 11, de 2017, y fija nuevo texto refundido y sistematizado de la referida Norma Técnica",CVE-2768142,https://www.diariooficial.interior.gob.cl/publicaciones/2026/02/19/44380/01/2768142.pdf,https://www.diariooficial.interior.gob.cl/edicionelectronica/index.php?date=19-02-2026&edition=44380&v=1
19-02-2026,44380,NORMAS GENERALES,Certificado Tipos de cambio y paridades de monedas extranjeras para efectos que señala,CVE-2773550,https://www.diariooficial.interior.gob.cl/publicaciones/2026/02/19/44380/01/2773550.pdf,https://www.diariooficial.interior.gob.cl/edicionelectronica/index.php?date=19-02-2026&edition=44380&v=1
19-02-2026,44380-B,NORMAS GENERALES,"Decreto número 21, de 2026.- Amplía declaración de zonas afectadas por catástrofe establecida mediante decreto N° 5, de 2026, a las comunas que indica, todas de la Región del Biobío",CVE-2773829,https://www.diariooficial.interior.gob.cl/publicaciones/2026/02/19/44380-B/01/2773829.pdf,https://www.diariooficial.interior.gob.cl/edicionelectronica/index.php?date=19-02-2026&edition=44380-B&v=2
20-02-2026,44381,NORMAS GENERALES,"Resolución exenta número 134, de 2026.- Determina tasas de interés de referencia, de conformidad con lo dispuesto en artículo 13 del decreto Nº 180 exento de 2025, que aprueba reglas generales de funcionamiento del subsidio a la tasa de interés de créditos hipotecarios de viviendas nuevas",CVE-2772441,https://www.diariooficial.interior.gob.cl/publicaciones/2026/02/20/44381/01/2772441.pdf,https://www.diariooficial.interior.gob.cl/edicionelectronica/index.php?date=20-02-2026&edition=44381
20-02-2026,44381,NORMAS GENERALES,"Resolución exenta número 298, de 2026.- Deja sin efecto resolución N° 121 exenta, de 2023",CVE-2768844,https://www.diariooficial.interior.gob.cl/publicaciones/2026/02/20/44381/01/2768844.pdf,https://www.diariooficial.interior.gob.cl/edicionelectronica/index.php?date=20-02-2026&edition=44381
20-02-2026,44381,NORMAS GENERALES,"Extracto de resolución exenta número 164, de 2026.- Rectifica resolución Nº 2.763 exenta, de 2025, que asigna recursos y selecciona a las copropiedades que se indican, en el llamado a postulación para el desarrollo de proyectos del Programa de Mejoramiento de Viviendas y Barrios 2025, regulados por el decreto N° 27, de 2016, capítulo tercero, Proyectos de Ampliación de Vivienda en Copropiedad para Condominios de Viviendas Sociales, dispuesto mediante la resolución Nº 620 exenta, de 2025 y sus modificaciones, para la Región Metropolitana",CVE-2771364,https://www.diariooficial.interior.gob.cl/publicaciones/2026/02/20/44381/01/2771364.pdf,https://www.diariooficial.interior.gob.cl/edicionelectronica/index.php?date=20-02-2026&edition=44381
20-02-2026,44381,NORMAS GENERALES,"Resolución exenta número 1.159, de 2026.- Modifica resolución Nº 4.071, de 2022, que establece requisitos fitosanitarios de importación para plantas, estacas y ramillas yemeras de Malus spp., procedentes de Estados Unidos de Norteamérica",CVE-2771654,https://www.diariooficial.interior.gob.cl/publicaciones/2026/02/20/44381/01/2771654.pdf,https://www.diariooficial.interior.gob.cl/edicionelectronica/index.php?date=20-02-2026&edition=44381
20-02-2026,44381,NORMAS GENERALES,"Resolución exenta número 440, de 2026.- Interpreta el decreto Nº 379, de 2010, Reglamento que establece las obligaciones para el adecuado funcionamiento del Sistema de Portabilidad de Números Telefónicos",CVE-2771604,https://www.diariooficial.interior.gob.cl/publicaciones/2026/02/20/44381/01/2771604.pdf,https://www.diariooficial.interior.gob.cl/edicionelectronica/index.php?date=20-02-2026&edition=44381
20-02-2026,44381,NORMAS GENERALES,"Resolución exenta número 36.892, de 2025.- Aprueba procedimiento de autorización de proyectos especiales de hidrógeno, establece plataforma electrónica para su tramitación y dispone la validez de las notificaciones electrónicas emitidas por la Superintendencia de Electricidad y Combustibles",CVE-2769030,https://www.diariooficial.interior.gob.cl/publicaciones/2026/02/20/44381/01/2769030.pdf,https://www.diariooficial.interior.gob.cl/edicionelectronica/index.php?date=20-02-2026&edition=44381
20-02-2026,44381,NORMAS GENERALES,"Resolución exenta número 36.971, de 2025.- Incorpora plataforma digital para trámites sobre autorización de comercialización, reconocimiento de certificados extranjeros y autorización para el ingreso de ascensores",CVE-2769034,https://www.diariooficial.interior.gob.cl/publicaciones/2026/02/20/44381/01/2769034.pdf,https://www.diariooficial.interior.gob.cl/edicionelectronica/index.php?date=20-02-2026&edition=44381
20-02-2026,44381,NORMAS GENERALES,"Extracto de resolución exenta número 730, de 2026.- Aprueba anteproyecto de reglamento del Sistema Nacional de Áreas Protegidas, de conformidad con lo dispuesto en los artículos 55, 65, 74, 97 y 103 de la ley Nº 21.600, que crea el Servicio de Biodiversidad y Áreas Protegidas y el Sistema Nacional de Áreas Protegidas",CVE-2772438,https://www.diariooficial.interior.gob.cl/publicaciones/2026/02/20/44381/01/2772438.pdf,https://www.diariooficial.interior.gob.cl/edicionelectronica/index.php?date=20-02-2026&edition=44381
20-02-2026,44381,NORMAS GENERALES,"Extracto de resolución exenta número 202599101934, de 2025.- Tiene presente la observancia del criterio de evaluación en el SEIA: Lineamientos técnicos para el desarrollo de monitoreos participativos en el SEIA",CVE-2770817,https://www.diariooficial.interior.gob.cl/publicaciones/2026/02/20/44381/01/2770817.pdf,https://www.diariooficial.interior.gob.cl/edicionelectronica/index.php?date=20-02-2026&edition=44381
20-02-2026,44381,NORMAS GENERALES,"Extracto de resolución exenta número 20260300119, de 2026.- Modificación Proyecto Mina Los Colorados: Ajustes y Continuidad Operacional Apertura de Participación Ciudadana por modificaciones sustantivas",CVE-2772531,https://www.diariooficial.interior.gob.cl/publicaciones/2026/02/20/44381/01/2772531.pdf,https://www.diariooficial.interior.gob.cl/edicionelectronica/index.php?date=20-02-2026&edition=44381
20-02-2026,44381,NORMAS GENERALES,Certificado Tipos de cambio y paridades de monedas extranjeras para efectos que señala,CVE-2773858,https://www.diariooficial.interior.gob.cl/publicaciones/2026/02/20/44381/01/2773858.pdf,https://www.diariooficial.interior.gob.cl/edicionelectronica/index.php?date=20-02-2026&edition=44381
20-02-2026,44381,NORMAS GENERALES,"Decreto alcaldicio número 213 (Sección B), de 2026.- Declara abandono de bienes muebles que indica",CVE-2771847,https://www.diariooficial.interior.gob.cl/publicaciones/2026/02/20/44381/01/2771847.pdf,https://www.diariooficial.interior.gob.cl/edicionelectronica/index.php?date=20-02-2026&edition=44381
21-02-2026,44382,NORMAS GENERALES,"Ley número 21.803.- Establece los requisitos para otorgar la calidad de titular a los profesionales de la educación parvularia, básica o media",CVE-2773859,https://www.diariooficial.interior.gob.cl/publicaciones/2026/02/21/44382/01/2773859.pdf,https://www.diariooficial.interior.gob.cl/edicionelectronica/index.php?date=21-02-2026&edition=44382
21-02-2026,44382,NORMAS GENERALES,"Decreto número 87, de 2025.- Fija fórmulas tarifarias de los servicios de producción y distribución de agua potable y recolección y disposición de aguas servidas para la empresa Aguas La Serena S.A.",CVE-2772959,https://www.diariooficial.interior.gob.cl/publicaciones/2026/02/21/44382/01/2772959.pdf,https://www.diariooficial.interior.gob.cl/edicionelectronica/index.php?date=21-02-2026&edition=44382
21-02-2026,44382,NORMAS GENERALES,"Resolución exenta número 760, de 2026.- Resuelve lo que indica",CVE-2774190,https://www.diariooficial.interior.gob.cl/publicaciones/2026/02/21/44382/01/2774190.pdf,https://www.diariooficial.interior.gob.cl/edicionelectronica/index.php?date=21-02-2026&edition=44382
21-02-2026,44382,NORMAS GENERALES,"Decreto número 26T, de 2025.- Fija valor anual de los Sistemas de Transmisión Zonal, de acuerdo al artículo décimo tercero transitorio de la ley Nº 20.936",CVE-2772573,https://www.diariooficial.interior.gob.cl/publicaciones/2026/02/21/44382/01/2772573.pdf,https://www.diariooficial.interior.gob.cl/edicionelectronica/index.php?date=21-02-2026&edition=44382
21-02-2026,44382,NORMAS GENERALES,"Resolución exenta número 11, de 2026.- Actualiza estándar mínimo de eficiencia energética para vehículos motorizados medianos y modifica resolución Nº 14, de 2024, que fija estándar mínimo de eficiencia energética para vehículos motorizados medianos",CVE-2772556,https://www.diariooficial.interior.gob.cl/publicaciones/2026/02/21/44382/01/2772556.pdf,https://www.diariooficial.interior.gob.cl/edicionelectronica/index.php?date=21-02-2026&edition=44382
21-02-2026,44382,NORMAS GENERALES,"Resolución número 3, de 2026.- Modifica resolución Nº 36, de 2024",CVE-2772581,https://www.diariooficial.interior.gob.cl/publicaciones/2026/02/21/44382/01/2772581.pdf,https://www.diariooficial.interior.gob.cl/edicionelectronica/index.php?date=21-02-2026&edition=44382
23-02-2026,44383,NORMAS GENERALES,"Decreto número 1, de 2026.- Autoriza contratación de crédito externo con el Banco Interamericano de Desarrollo hasta por USD 30.000.000",CVE-2772455,https://www.diariooficial.interior.gob.cl/publicaciones/2026/02/23/44383/01/2772455.pdf,https://www.diariooficial.interior.gob.cl/edicionelectronica/index.php?date=23-02-2026&edition=44383
23-02-2026,44383,NORMAS GENERALES,"Extracto de resolución exenta número 23, de 2026.- Establece inscripción de oficio en el Registro Especial de Operadores de Plataformas Digitales",CVE-2769932,https://www.diariooficial.interior.gob.cl/publicaciones/2026/02/23/44383/01/2769932.pdf,https://www.diariooficial.interior.gob.cl/edicionelectronica/index.php?date=23-02-2026&edition=44383
23-02-2026,44383,NORMAS GENERALES,"Extracto de resolución exenta número 24, de 2026.- Imparte instrucciones sobre prórroga de plazo de pago de cuotas que señala",CVE-2769929,https://www.diariooficial.interior.gob.cl/publicaciones/2026/02/23/44383/01/2769929.pdf,https://www.diariooficial.interior.gob.cl/edicionelectronica/index.php?date=23-02-2026&edition=44383
23-02-2026,44383,NORMAS GENERALES,"Extracto de resolución exenta número 602, de 2026.- Modifica el anexo 51-19 del Compendio de Normas Aduaneras",CVE-2770656,https://www.diariooficial.interior.gob.cl/publicaciones/2026/02/23/44383/01/2770656.pdf,https://www.diariooficial.interior.gob.cl/edicionelectronica/index.php?date=23-02-2026&edition=44383
23-02-2026,44383,NORMAS GENERALES,"Extracto de resolución exenta número 617, de 2026.- Establece normativa que regula el procedimiento para el ejercicio de la jurisdicción disciplinaria del Director Nacional de Aduanas",CVE-2770112,https://www.diariooficial.interior.gob.cl/publicaciones/2026/02/23/44383/01/2770112.pdf,https://www.diariooficial.interior.gob.cl/edicionelectronica/index.php?date=23-02-2026&edition=44383
23-02-2026,44383,NORMAS GENERALES,"Resolución exenta número 128, de 2026.- Califica de emergencia laboral la situación de catástrofe derivada de los incendios ocurridos en las regiones de Ñuble y Biobío",CVE-2772367,https://www.diariooficial.interior.gob.cl/publicaciones/2026/02/23/44383/01/2772367.pdf,https://www.diariooficial.interior.gob.cl/edicionelectronica/index.php?date=23-02-2026&edition=44383
23-02-2026,44383,NORMAS GENERALES,"Resolución exenta número 174, de 2026.- Autoriza comercialización de productos de tabaco que indica comercializados por British American Tobacco Chile Operaciones S.A.",CVE-2770125,https://www.diariooficial.interior.gob.cl/publicaciones/2026/02/23/44383/01/2770125.pdf,https://www.diariooficial.interior.gob.cl/edicionelectronica/index.php?date=23-02-2026&edition=44383
23-02-2026,44383,NORMAS GENERALES,"Decreto número 10, de 2025.- Modifica decreto N° 47, de 1992, que fija el texto de la Ordenanza General de la Ley General de Urbanismo y Construcciones, en materia de técnicas habilitantes alternativas al permiso o autorización para la ejecución de obras, en los términos que indica",CVE-2768519,https://www.diariooficial.interior.gob.cl/publicaciones/2026/02/23/44383/01/2768519.pdf,https://www.diariooficial.interior.gob.cl/edicionelectronica/index.php?date=23-02-2026&edition=44383
23-02-2026,44383,NORMAS GENERALES,"Extracto de resolución exenta número 69, de 2026.- Modifica resolución Nº 1.271 exenta, de 2023",CVE-2769800,https://www.diariooficial.interior.gob.cl/publicaciones/2026/02/23/44383/01/2769800.pdf,https://www.diariooficial.interior.gob.cl/edicionelectronica/index.php?date=23-02-2026&edition=44383
23-02-2026,44383,NORMAS GENERALES,"Resolución exenta número 806, de 2026.- Determina fecha de postulación de subsidio que indica, conjunto de zonas o ciudades que cuentan con información disponible de viajes y tarifas y monto anual por zona o ciudad para proceso postulación 2026",CVE-2773812,https://www.diariooficial.interior.gob.cl/publicaciones/2026/02/23/44383/01/2773812.pdf,https://www.diariooficial.interior.gob.cl/edicionelectronica/index.php?date=23-02-2026&edition=44383
23-02-2026,44383,NORMAS GENERALES,"Extracto de resolución exenta número 651, de 2026.- Aprueba Anteproyecto de Plan de Descontaminación Atmosférica para la Macrozona del Valle Central de la Región de Ñuble, y lo somete a consulta pública",CVE-2769017,https://www.diariooficial.interior.gob.cl/publicaciones/2026/02/23/44383/01/2769017.pdf,https://www.diariooficial.interior.gob.cl/edicionelectronica/index.php?date=23-02-2026&edition=44383
23-02-2026,44383,NORMAS GENERALES,"Resolución exenta número 426, de 2026.- Modifica resoluciones exentas Nos. 2.312, 2.314 y 2.443, todas de 2024",CVE-2769940,https://www.diariooficial.interior.gob.cl/publicaciones/2026/02/23/44383/01/2769940.pdf,https://www.diariooficial.interior.gob.cl/edicionelectronica/index.php?date=23-02-2026&edition=44383
23-02-2026,44383,NORMAS GENERALES,Certificado Tipos de cambio y paridades de monedas extranjeras para efectos que señala,CVE-2774337,https://www.diariooficial.interior.gob.cl/publicaciones/2026/02/23/44383/01/2774337.pdf,https://www.diariooficial.interior.gob.cl/edicionelectronica/index.php?date=23-02-2026&edition=44383
24-02-2026,44384,NORMAS GENERALES,Ley número 21.800.- Regula la extracción de áridos y modifica los cuerpos legales que indica,CVE-2774335,https://www.diariooficial.interior.gob.cl/publicaciones/2026/02/24/44384/01/2774335.pdf,https://www.diariooficial.interior.gob.cl/edicionelectronica/index.php?date=24-02-2026&edition=44384
24-02-2026,44384,NORMAS GENERALES,"Decreto número 25, de 2026.- Prorroga declaración de estado de excepción constitucional de emergencia en las zonas del territorio nacional que indica",CVE-2775193,https://www.diariooficial.interior.gob.cl/publicaciones/2026/02/24/44384/01/2775193.pdf,https://www.diariooficial.interior.gob.cl/edicionelectronica/index.php?date=24-02-2026&edition=44384
24-02-2026,44384,NORMAS GENERALES,"Extracto de resolución exenta número 12.200/07/01, de 2026.- Inicia procedimiento que indica, relativo a resolución D.G.T.M. y M.M. Ord. N° 12200/41 Vrs., de 1996 y revoca resolución D.G.T.M. y M.M. Ord. N° 12200/41 de 1996",CVE-2771618,https://www.diariooficial.interior.gob.cl/publicaciones/2026/02/24/44384/01/2771618.pdf,https://www.diariooficial.interior.gob.cl/edicionelectronica/index.php?date=24-02-2026&edition=44384
24-02-2026,44384,NORMAS GENERALES,"Decreto exento número 46, de 2026.- Aplica rebajas de derechos de aduana para la importación de azúcar cruda, azúcar refinada grados 1 y 2, y azúcar refinada grados 3 y 4, y subestándares",CVE-2774028,https://www.diariooficial.interior.gob.cl/publicaciones/2026/02/24/44384/01/2774028.pdf,https://www.diariooficial.interior.gob.cl/edicionelectronica/index.php?date=24-02-2026&edition=44384
24-02-2026,44384,NORMAS GENERALES,"Extracto de resolución exenta número 99, de 2026.- Designa y prorroga la designación de don Felamin Teobaldo Uribe Vergara, como administrador provisional respecto del establecimiento educacional Colegio María Auxiliadora, R.B.D N° 1801-5, de la comuna de Viña del Mar, Región de Valparaíso",CVE-2773694,https://www.diariooficial.interior.gob.cl/publicaciones/2026/02/24/44384/01/2773694.pdf,https://www.diariooficial.interior.gob.cl/edicionelectronica/index.php?date=24-02-2026&edition=44384
24-02-2026,44384,NORMAS GENERALES,"Extracto de resolución exenta número 119, de 2026.- Aprueba procedimiento de identificación que indica",CVE-2773711,https://www.diariooficial.interior.gob.cl/publicaciones/2026/02/24/44384/01/2773711.pdf,https://www.diariooficial.interior.gob.cl/edicionelectronica/index.php?date=24-02-2026&edition=44384
24-02-2026,44384,NORMAS GENERALES,"Resolución exenta número 236, de 2026.- Fija el tope imponible vigente durante 2026 para el pago de cotizaciones al Seguro de Cesantía",CVE-2769935,https://www.diariooficial.interior.gob.cl/publicaciones/2026/02/24/44384/01/2769935.pdf,https://www.diariooficial.interior.gob.cl/edicionelectronica/index.php?date=24-02-2026&edition=44384
24-02-2026,44384,NORMAS GENERALES,"Resolución exenta número 237, de 2026.- Fija tope imponible para las cotizaciones obligatorias del sistema de pensiones, de salud y de la Ley de Accidentes del Trabajo",CVE-2769936,https://www.diariooficial.interior.gob.cl/publicaciones/2026/02/24/44384/01/2769936.pdf,https://www.diariooficial.interior.gob.cl/edicionelectronica/index.php?date=24-02-2026&edition=44384
24-02-2026,44384,NORMAS GENERALES,"Resolución exenta número 46, de 2026.- Prohíbe circulación de vehículos motorizados en tramo de la vía que indica, de la comuna de Copiapó",CVE-2772543,https://www.diariooficial.interior.gob.cl/publicaciones/2026/02/24/44384/01/2772543.pdf,https://www.diariooficial.interior.gob.cl/edicionelectronica/index.php?date=24-02-2026&edition=44384
24-02-2026,44384,NORMAS GENERALES,"Resolución exenta número 49, de 2026.- Prohíbe circulación de vehículos motorizados en tramo de la vía que indica, de la comuna de Copiapó",CVE-2772915,https://www.diariooficial.interior.gob.cl/publicaciones/2026/02/24/44384/01/2772915.pdf,https://www.diariooficial.interior.gob.cl/edicionelectronica/index.php?date=24-02-2026&edition=44384
24-02-2026,44384,NORMAS GENERALES,"Decreto exento número 15, de 2026.- Aprueba Política Nacional de la Lectura, el Libro y las Bibliotecas",CVE-2769875,https://www.diariooficial.interior.gob.cl/publicaciones/2026/02/24/44384/01/2769875.pdf,https://www.diariooficial.interior.gob.cl/edicionelectronica/index.php?date=24-02-2026&edition=44384
24-02-2026,44384,NORMAS GENERALES,"Resolución exenta número E80, de 2026.- Aprueba texto refundido, coordinado y sistematizado de la instrucción general del Consejo para la Transparencia, sobre Transparencia Activa y deroga resolución N° 500 exenta, de 2022",CVE-2768158,https://www.diariooficial.interior.gob.cl/publicaciones/2026/02/24/44384/01/2768158.pdf,https://www.diariooficial.interior.gob.cl/edicionelectronica/index.php?date=24-02-2026&edition=44384
24-02-2026,44384,NORMAS GENERALES,Certificado Tipos de cambio y paridades de monedas extranjeras para efectos que señala,CVE-2775373,https://www.diariooficial.interior.gob.cl/publicaciones/2026/02/24/44384/01/2775373.pdf,https://www.diariooficial.interior.gob.cl/edicionelectronica/index.php?date=24-02-2026&edition=44384
25-02-2026,44385,NORMAS GENERALES,"Extracto de resolución exenta Nº 12100/500/1 Vrs., 12100/500/2 Vrs., y 12100/500/3 Vrs., de 2026",CVE-2773728,https://www.diariooficial.interior.gob.cl/publicaciones/2026/02/25/44385/01/2773728.pdf,https://www.diariooficial.interior.gob.cl/edicionelectronica/index.php?date=25-02-2026&edition=44385
25-02-2026,44385,NORMAS GENERALES,"Decreto exento número 45, de 2026.- Amplía listado de peritos de las regiones que indica",CVE-2774032,https://www.diariooficial.interior.gob.cl/publicaciones/2026/02/25/44385/01/2774032.pdf,https://www.diariooficial.interior.gob.cl/edicionelectronica/index.php?date=25-02-2026&edition=44385
25-02-2026,44385,NORMAS GENERALES,"Decreto exento número 60, de 2026.- Determina el componente variable para el cálculo del impuesto específico establecido en la ley N° 18.502",CVE-2776173,https://www.diariooficial.interior.gob.cl/publicaciones/2026/02/25/44385/01/2776173.pdf,https://www.diariooficial.interior.gob.cl/edicionelectronica/index.php?date=25-02-2026&edition=44385
25-02-2026,44385,NORMAS GENERALES,"Resolución número 500, de 2025.- Dicta normas para la ejecución presupuestaria del año 2026",CVE-2769958,https://www.diariooficial.interior.gob.cl/publicaciones/2026/02/25/44385/01/2769958.pdf,https://www.diariooficial.interior.gob.cl/edicionelectronica/index.php?date=25-02-2026&edition=44385
25-02-2026,44385,NORMAS GENERALES,"Decreto número 67, de 2023.- Aprueba reglamento para la elección de consejeros y consejeras de los Consejos Zonales de Pesca y deja sin efecto decreto Nº 453, de 1992",CVE-2769883,https://www.diariooficial.interior.gob.cl/publicaciones/2026/02/25/44385/01/2769883.pdf,https://www.diariooficial.interior.gob.cl/edicionelectronica/index.php?date=25-02-2026&edition=44385
25-02-2026,44385,NORMAS GENERALES,"Decreto número 201, de 2025.- Nombra a don Gonzalo Javier Gutiérrez Gallardo como integrante del Consejo Superior de la Universidad de Valparaíso, en representación del Presidente de la República",CVE-2770370,https://www.diariooficial.interior.gob.cl/publicaciones/2026/02/25/44385/01/2770370.pdf,https://www.diariooficial.interior.gob.cl/edicionelectronica/index.php?date=25-02-2026&edition=44385
25-02-2026,44385,NORMAS GENERALES,"Resolución exenta número 107, de 2026.- Regulariza suspensión de las operaciones en la Unidad de Crédito La Serena durante el periodo indicado",CVE-2771874,https://www.diariooficial.interior.gob.cl/publicaciones/2026/02/25/44385/01/2771874.pdf,https://www.diariooficial.interior.gob.cl/edicionelectronica/index.php?date=25-02-2026&edition=44385
25-02-2026,44385,NORMAS GENERALES,"Decreto número 159, de 2024.- Aprueba reglamento que establece mecanismo de aplicación de tarifas de servicios sanitarios rurales",CVE-2769917,https://www.diariooficial.interior.gob.cl/publicaciones/2026/02/25/44385/01/2769917.pdf,https://www.diariooficial.interior.gob.cl/edicionelectronica/index.php?date=25-02-2026&edition=44385
25-02-2026,44385,NORMAS GENERALES,"Resolución exenta número 1.697, de 2025.- Aprueba documento denominado Protocolo de Vigilancia Ocupacional por Exposición a Factores de Riesgo de Trastornos Musculoesqueléticos V3 y deja sin efecto resoluciones que indica",CVE-2771523,https://www.diariooficial.interior.gob.cl/publicaciones/2026/02/25/44385/01/2771523.pdf,https://www.diariooficial.interior.gob.cl/edicionelectronica/index.php?date=25-02-2026&edition=44385
25-02-2026,44385,NORMAS GENERALES,"Decreto exento número 19, de 2026.- Pone término y establece nuevo orden de subrogancia al cargo de Director/a del Servicio de Salud Metropolitano Sur Oriente",CVE-2770238,https://www.diariooficial.interior.gob.cl/publicaciones/2026/02/25/44385/01/2770238.pdf,https://www.diariooficial.interior.gob.cl/edicionelectronica/index.php?date=25-02-2026&edition=44385
25-02-2026,44385,NORMAS GENERALES,"Extracto de resolución exenta número 84, de 2026.- Actualiza criterios regionales para cautelar que las subdivisiones y construcciones en terrenos rurales con fines ajenos a la agricultura no originen nuevos núcleos urbanos al margen de la planificación urbana intercomunal, conforme lo dispuesto en el inciso segundo del artículo 55 de la Ley General de Urbanismo y Construcciones y reemplaza resolución Nº 2.478 exenta, de 2021",CVE-2770099,https://www.diariooficial.interior.gob.cl/publicaciones/2026/02/25/44385/01/2770099.pdf,https://www.diariooficial.interior.gob.cl/edicionelectronica/index.php?date=25-02-2026&edition=44385
25-02-2026,44385,NORMAS GENERALES,"Resolución exenta número 1.221, de 2026.- Actualiza los requisitos para la trazabilidad en equinos, mulares y asnales y deroga resolución Nº 8.204 exenta, de 2015",CVE-2770617,https://www.diariooficial.interior.gob.cl/publicaciones/2026/02/25/44385/01/2770617.pdf,https://www.diariooficial.interior.gob.cl/edicionelectronica/index.php?date=25-02-2026&edition=44385
25-02-2026,44385,NORMAS GENERALES,"Decreto exento número 60, de 2026.- Fija precios de referencia y paridad para kerosene doméstico",CVE-2776247,https://www.diariooficial.interior.gob.cl/publicaciones/2026/02/25/44385/01/2776247.pdf,https://www.diariooficial.interior.gob.cl/edicionelectronica/index.php?date=25-02-2026&edition=44385
25-02-2026,44385,NORMAS GENERALES,"Decreto exento número 61, de 2026.- Fija precios de paridad para combustibles derivados del petróleo",CVE-2776248,https://www.diariooficial.interior.gob.cl/publicaciones/2026/02/25/44385/01/2776248.pdf,https://www.diariooficial.interior.gob.cl/edicionelectronica/index.php?date=25-02-2026&edition=44385
25-02-2026,44385,NORMAS GENERALES,"Decreto exento número 62, de 2026.- Determina precios de referencia para combustibles derivados del petróleo",CVE-2776249,https://www.diariooficial.interior.gob.cl/publicaciones/2026/02/25/44385/01/2776249.pdf,https://www.diariooficial.interior.gob.cl/edicionelectronica/index.php?date=25-02-2026&edition=44385
25-02-2026,44385,NORMAS GENERALES,"Extracto de resolución exenta número 821, de 2026.- Aprueba anteproyecto de decreto que establece metas de recolección y valorización y obligaciones asociadas de baterías, y lo somete a consulta pública",CVE-2773908,https://www.diariooficial.interior.gob.cl/publicaciones/2026/02/25/44385/01/2773908.pdf,https://www.diariooficial.interior.gob.cl/edicionelectronica/index.php?date=25-02-2026&edition=44385
25-02-2026,44385,NORMAS GENERALES,"Extracto de resolución exenta número 20269910149, de 2026.- Tiene presente la observancia del criterio de evaluación en el SEIA: Introducción a Proyectos de Data Center",CVE-2775313,https://www.diariooficial.interior.gob.cl/publicaciones/2026/02/25/44385/01/2775313.pdf,https://www.diariooficial.interior.gob.cl/edicionelectronica/index.php?date=25-02-2026&edition=44385
25-02-2026,44385,NORMAS GENERALES,"Decreto número 19, de 2026.- Declara Monumento Nacional, en la categoría de Monumento Histórico, el Centro Ceremonial Mahuidache, comuna de El Bosque, Región Metropolitana",CVE-2770637,https://www.diariooficial.interior.gob.cl/publicaciones/2026/02/25/44385/01/2770637.pdf,https://www.diariooficial.interior.gob.cl/edicionelectronica/index.php?date=25-02-2026&edition=44385
25-02-2026,44385,NORMAS GENERALES,"Decreto exento número 16, de 2026.- Modifica decreto Nº 3.705, de 1981, del Ministerio de Educación, que declara Monumentos Históricos los inmuebles Club de la Unión, Bolsa de Comercio y Banco de Santiago",CVE-2770640,https://www.diariooficial.interior.gob.cl/publicaciones/2026/02/25/44385/01/2770640.pdf,https://www.diariooficial.interior.gob.cl/edicionelectronica/index.php?date=25-02-2026&edition=44385
25-02-2026,44385,NORMAS GENERALES,"Decreto exento número 17, de 2026.- Modifica decreto Nº 54, de 2024, que declara Monumento Nacional, en la categoría de Monumento Histórico, el Archivo de la Agrupación de Familiares de Detenidos Desaparecidos, ubicado en la comuna de Santiago, Región Metropolitana",CVE-2770639,https://www.diariooficial.interior.gob.cl/publicaciones/2026/02/25/44385/01/2770639.pdf,https://www.diariooficial.interior.gob.cl/edicionelectronica/index.php?date=25-02-2026&edition=44385
25-02-2026,44385,NORMAS GENERALES,"Decreto exento número 18, de 2026.- Modifica decretos que declaran zona típica y fijan límites de la Zona Típica calles Nueva York, La Bolsa, Club de la Unión, incluyendo la Casa Central de la Universidad de Chile, comuna de Santiago, Región Metropolitana",CVE-2770638,https://www.diariooficial.interior.gob.cl/publicaciones/2026/02/25/44385/01/2770638.pdf,https://www.diariooficial.interior.gob.cl/edicionelectronica/index.php?date=25-02-2026&edition=44385
25-02-2026,44385,NORMAS GENERALES,Certificado Tipos de cambio y paridades de monedas extranjeras para efectos que señala,CVE-2776263,https://www.diariooficial.interior.gob.cl/publicaciones/2026/02/25/44385/01/2776263.pdf,https://www.diariooficial.interior.gob.cl/edicionelectronica/index.php?date=25-02-2026&edition=44385
25-02-2026,44385,NORMAS GENERALES,"Decreto alcaldicio exento número 5.116, de 2025.- Aprueba Plan de Inversiones en Infraestructura de Movilidad y Espacio Público - Piimep Independencia",CVE-2770385,https://www.diariooficial.interior.gob.cl/publicaciones/2026/02/25/44385/01/2770385.pdf,https://www.diariooficial.interior.gob.cl/edicionelectronica/index.php?date=25-02-2026&edition=44385
26-02-2026,44386,NORMAS GENERALES,"Decreto exento número 669, de 2025.- Modifica decreto N° 1.014 exento, de 2020, que fija cartografía actualizada de las áreas apropiadas para el ejercicio de la acuicultura, de la Región del Biobío",CVE-2770772,https://www.diariooficial.interior.gob.cl/publicaciones/2026/02/26/44386/01/2770772.pdf,https://www.diariooficial.interior.gob.cl/edicionelectronica/index.php?date=26-02-2026&edition=44386
26-02-2026,44386,NORMAS GENERALES,"Extracto de resolución número 12100/600/22 Vrs., de 2026.- Autoriza extender por única vez copia de documentación marítima que indica, por causa de fuerza mayor",CVE-2774922,https://www.diariooficial.interior.gob.cl/publicaciones/2026/02/26/44386/01/2774922.pdf,https://www.diariooficial.interior.gob.cl/edicionelectronica/index.php?date=26-02-2026&edition=44386
26-02-2026,44386,NORMAS GENERALES,"Decreto exento número 47, de 2026.- Declara internacional la feria Chile Fintech Forum 2026",CVE-2775348,https://www.diariooficial.interior.gob.cl/publicaciones/2026/02/26/44386/01/2775348.pdf,https://www.diariooficial.interior.gob.cl/edicionelectronica/index.php?date=26-02-2026&edition=44386
26-02-2026,44386,NORMAS GENERALES,"Decreto número 13, de 2025.- Designa a doña Antonia Urrejola Noguera consejera del Instituto Nacional de Derechos Humanos",CVE-2771868,https://www.diariooficial.interior.gob.cl/publicaciones/2026/02/26/44386/01/2771868.pdf,https://www.diariooficial.interior.gob.cl/edicionelectronica/index.php?date=26-02-2026&edition=44386
26-02-2026,44386,NORMAS GENERALES,"Decreto número 55, de 2023.- Aprueba reglamento para la elección de consejeras y consejeros del Consejo Nacional de Pesca, y deja sin efecto el decreto Nº 85, de 2003",CVE-2769884,https://www.diariooficial.interior.gob.cl/publicaciones/2026/02/26/44386/01/2769884.pdf,https://www.diariooficial.interior.gob.cl/edicionelectronica/index.php?date=26-02-2026&edition=44386
26-02-2026,44386,NORMAS GENERALES,"Decreto número 139, de 2025.- Modifica decreto Nº 35, de 2017, que aprueba reglamento de la ley Nº 20.976, que permite a los profesionales de la educación que indica, entre los años 2016 y 2024, acceder a la bonificación por retiro voluntario establecida en la ley Nº 20.822 y regula los artículos 89 y 91 de la ley Nº 21.724",CVE-2768945,https://www.diariooficial.interior.gob.cl/publicaciones/2026/02/26/44386/01/2768945.pdf,https://www.diariooficial.interior.gob.cl/edicionelectronica/index.php?date=26-02-2026&edition=44386
26-02-2026,44386,NORMAS GENERALES,"Resolución exenta número 688, de 2026.- Aprueba procedimiento de rectificación de certificados de estudios",CVE-2771792,https://www.diariooficial.interior.gob.cl/publicaciones/2026/02/26/44386/01/2771792.pdf,https://www.diariooficial.interior.gob.cl/edicionelectronica/index.php?date=26-02-2026&edition=44386
26-02-2026,44386,NORMAS GENERALES,"Decreto número 88, de 2025.- Aprueba reglamento de montos de contratos de obras públicas, deroga decreto N° 1.093, de 2003, y modifica el decreto N° 145, de 2005, que aprueba bases administrativas generales para contratos de conservación global de caminos a serie de precios unitarios y el decreto N° 255, de 2007, que aprueba bases administrativas generales para licitaciones que regirán los contratos de conservación global mixtos por nivel de servicio y precios unitarios (CG-NS)",CVE-2769920,https://www.diariooficial.interior.gob.cl/publicaciones/2026/02/26/44386/01/2769920.pdf,https://www.diariooficial.interior.gob.cl/edicionelectronica/index.php?date=26-02-2026&edition=44386
26-02-2026,44386,NORMAS GENERALES,"Resolución exenta número 271, de 2026.- Declara desierto concurso interno de Jefatura de Departamento grado 5 EUR, con desempeño en el Departamento Obras de Edificación, dependiente de la Subdirección de Vivienda y Equipamiento, del Servicio de Vivienda y Urbanización de la Región Metropolitana, ID 3239",CVE-2773837,https://www.diariooficial.interior.gob.cl/publicaciones/2026/02/26/44386/01/2773837.pdf,https://www.diariooficial.interior.gob.cl/edicionelectronica/index.php?date=26-02-2026&edition=44386
26-02-2026,44386,NORMAS GENERALES,"Resolución exenta número 273, de 2026.- Deja sin efecto la resolución Nº 1.005 exenta de 2024, y determina estructura de integridad, responsables y funciones del Sistema de Integridad en la Subsecretaría de Vivienda y Urbanismo",CVE-2773838,https://www.diariooficial.interior.gob.cl/publicaciones/2026/02/26/44386/01/2773838.pdf,https://www.diariooficial.interior.gob.cl/edicionelectronica/index.php?date=26-02-2026&edition=44386
26-02-2026,44386,NORMAS GENERALES,"Resolución exenta número 37.486, de 2026.- Establece procedimiento para el monitoreo de la calidad del gas licuado de petróleo e instruye requisitos en materias relativas al contenido neto e inspección periódica de cilindros portátiles de GLP",CVE-2768900,https://www.diariooficial.interior.gob.cl/publicaciones/2026/02/26/44386/01/2768900.pdf,https://www.diariooficial.interior.gob.cl/edicionelectronica/index.php?date=26-02-2026&edition=44386
26-02-2026,44386,NORMAS GENERALES,"Resolución exenta número 656, de 2026.- Oficializa integración de representantes nominados por la Corporación Nacional Forestal al Comité de Clasificación de Especies",CVE-2773922,https://www.diariooficial.interior.gob.cl/publicaciones/2026/02/26/44386/01/2773922.pdf,https://www.diariooficial.interior.gob.cl/edicionelectronica/index.php?date=26-02-2026&edition=44386
26-02-2026,44386,NORMAS GENERALES,"Extracto de resolución exenta número 20260600121, de 2026.- Da Inicio de proceso de participación ciudadana Declaración de Impacto Ambiental Embalse Agromarchigüe",CVE-2775301,https://www.diariooficial.interior.gob.cl/publicaciones/2026/02/26/44386/01/2775301.pdf,https://www.diariooficial.interior.gob.cl/edicionelectronica/index.php?date=26-02-2026&edition=44386
26-02-2026,44386,NORMAS GENERALES,"Decreto exento número 20, de 2026.- Autoriza la extracción desde el territorio nacional de las muestras arqueológicas que indica",CVE-2770636,https://www.diariooficial.interior.gob.cl/publicaciones/2026/02/26/44386/01/2770636.pdf,https://www.diariooficial.interior.gob.cl/edicionelectronica/index.php?date=26-02-2026&edition=44386
26-02-2026,44386,NORMAS GENERALES,Extracto de Notificación Solicitud de informe de ENEX S.A y otros respecto de las bases de licitación para la contratación de manejo de residuos y de las reglas y procedimientos para la incorporación de nuevos asociados y para el funcionamiento del SIGALU,CVE-2775300,https://www.diariooficial.interior.gob.cl/publicaciones/2026/02/26/44386/01/2775300.pdf,https://www.diariooficial.interior.gob.cl/edicionelectronica/index.php?date=26-02-2026&edition=44386
26-02-2026,44386,NORMAS GENERALES,Certificado Tipos de cambio y paridades de monedas extranjeras para efectos que señala,CVE-2776930,https://www.diariooficial.interior.gob.cl/publicaciones/2026/02/26/44386/01/2776930.pdf,https://www.diariooficial.interior.gob.cl/edicionelectronica/index.php?date=26-02-2026&edition=44386
27-02-2026,44387,NORMAS GENERALES,"Decreto número 49, de 2024.- Aprueba nuevo Reglamento sobre información al consumidor de créditos hipotecarios y deja sin efecto el decreto N° 42 de 2012",CVE-2769135,https://www.diariooficial.interior.gob.cl/publicaciones/2026/02/27/44387/01/2769135.pdf,https://www.diariooficial.interior.gob.cl/edicionelectronica/index.php?date=27-02-2026&edition=44387
27-02-2026,44387,NORMAS GENERALES,"Resolución exenta número 67, de 2026.- Autoriza cobro de tasas por participación en Escuela de Verano de la OMPI sobre propiedad intelectual (Wipo Summer School on Intellectual Property) 2026, en el marco del convenio de colaboración suscrito con la academia de la OMPI",CVE-2774890,https://www.diariooficial.interior.gob.cl/publicaciones/2026/02/27/44387/01/2774890.pdf,https://www.diariooficial.interior.gob.cl/edicionelectronica/index.php?date=27-02-2026&edition=44387
27-02-2026,44387,NORMAS GENERALES,"Decreto número 150, de 2024.- Modifica el decreto Nº 75 de 2004, Reglamento para contratos de Obras Públicas",CVE-2769909,https://www.diariooficial.interior.gob.cl/publicaciones/2026/02/27/44387/01/2769909.pdf,https://www.diariooficial.interior.gob.cl/edicionelectronica/index.php?date=27-02-2026&edition=44387
27-02-2026,44387,NORMAS GENERALES,"Resolución exenta número 12, de 2026.- Activa vigilancia intensiva ante la detección de un único ejemplar adulto de Mosca del Mediterráneo (Ceratitis capitata Wied), comuna de Quilicura",CVE-2774941,https://www.diariooficial.interior.gob.cl/publicaciones/2026/02/27/44387/01/2774941.pdf,https://www.diariooficial.interior.gob.cl/edicionelectronica/index.php?date=27-02-2026&edition=44387
27-02-2026,44387,NORMAS GENERALES,"Resolución exenta número 316, de 2026.- Establece regulaciones cuarentenarias para el control y erradicación de Mosca del Mediterráneo (Ceratitis capitata W.) en lugares que indica (Lampa)",CVE-2774931,https://www.diariooficial.interior.gob.cl/publicaciones/2026/02/27/44387/01/2774931.pdf,https://www.diariooficial.interior.gob.cl/edicionelectronica/index.php?date=27-02-2026&edition=44387
27-02-2026,44387,NORMAS GENERALES,"Resolución exenta número 317, de 2026.- Establece regulaciones cuarentenarias para el control y erradicación de la Mosca del Mediterráneo (Ceratitis capitata W.) para el mercado de China",CVE-2774930,https://www.diariooficial.interior.gob.cl/publicaciones/2026/02/27/44387/01/2774930.pdf,https://www.diariooficial.interior.gob.cl/edicionelectronica/index.php?date=27-02-2026&edition=44387
27-02-2026,44387,NORMAS GENERALES,"Resolución exenta número 425, de 2026.- Pone término a la vigilancia intensiva ante la detección de un único ejemplar de Mosca del Mediterráneo (Ceratitis capitata Wied), comuna de Quilicura",CVE-2774942,https://www.diariooficial.interior.gob.cl/publicaciones/2026/02/27/44387/01/2774942.pdf,https://www.diariooficial.interior.gob.cl/edicionelectronica/index.php?date=27-02-2026&edition=44387
27-02-2026,44387,NORMAS GENERALES,"Resolución exenta número 741, de 2026.- Establece para el año 2026 montos del valor de compra del Programa Especial de Renovación de Buses, Minibuses, Trolebuses y Taxibuses",CVE-2774996,https://www.diariooficial.interior.gob.cl/publicaciones/2026/02/27/44387/01/2774996.pdf,https://www.diariooficial.interior.gob.cl/edicionelectronica/index.php?date=27-02-2026&edition=44387
27-02-2026,44387,NORMAS GENERALES,"Resolución exenta número 198, de 2026.- Prohíbe la circulación de vehículos de carga en rutas, días, horarios y sentidos que indica",CVE-2774967,https://www.diariooficial.interior.gob.cl/publicaciones/2026/02/27/44387/01/2774967.pdf,https://www.diariooficial.interior.gob.cl/edicionelectronica/index.php?date=27-02-2026&edition=44387
27-02-2026,44387,NORMAS GENERALES,"Resolución exenta número 123, de 2026.- Aprueba proyecto de ciclovía en avenida Vicente Méndez, comuna de Chillán",CVE-2774998,https://www.diariooficial.interior.gob.cl/publicaciones/2026/02/27/44387/01/2774998.pdf,https://www.diariooficial.interior.gob.cl/edicionelectronica/index.php?date=27-02-2026&edition=44387
27-02-2026,44387,NORMAS GENERALES,"Resolución exenta número 130, de 2026.- Aprueba proyecto de ciclovía en camino Las Rosas, comuna de Chillán",CVE-2774992,https://www.diariooficial.interior.gob.cl/publicaciones/2026/02/27/44387/01/2774992.pdf,https://www.diariooficial.interior.gob.cl/edicionelectronica/index.php?date=27-02-2026&edition=44387
27-02-2026,44387,NORMAS GENERALES,"Decreto número 14, de 2024.- Establece norma de emisión de ruido para fuentes fijas, elaborado a partir de la revisión del decreto N° 38, de 2011",CVE-2775000,https://www.diariooficial.interior.gob.cl/publicaciones/2026/02/27/44387/01/2775000.pdf,https://www.diariooficial.interior.gob.cl/edicionelectronica/index.php?date=27-02-2026&edition=44387
27-02-2026,44387,NORMAS GENERALES,"Extracto de resolución exenta número 2025991021038, de 2025.- Tiene presente la observancia de la guía para la descripción de proyectos de explotación de litio y otras sustancias minerales desde salares en el SEIA",CVE-2773087,https://www.diariooficial.interior.gob.cl/publicaciones/2026/02/27/44387/01/2773087.pdf,https://www.diariooficial.interior.gob.cl/edicionelectronica/index.php?date=27-02-2026&edition=44387
27-02-2026,44387,NORMAS GENERALES,"Extracto de resolución exenta número 20261300151, de 2026.- Inicia proceso de participación ciudadana en Declaración de Impacto Ambiental del Proyecto Inmobiliario Condominios Santa Gema",CVE-2775761,https://www.diariooficial.interior.gob.cl/publicaciones/2026/02/27/44387/01/2775761.pdf,https://www.diariooficial.interior.gob.cl/edicionelectronica/index.php?date=27-02-2026&edition=44387
27-02-2026,44387,NORMAS GENERALES,"Extracto de resolución número 2026010015, de 2026.- Inicia proceso de participación ciudadana en el marco de la evaluación ambiental de la Declaración de Impacto Ambiental del proyecto Parque Fotovoltaico con Capacidad de Almacenamiento Euclides",CVE-2776151,https://www.diariooficial.interior.gob.cl/publicaciones/2026/02/27/44387/01/2776151.pdf,https://www.diariooficial.interior.gob.cl/edicionelectronica/index.php?date=27-02-2026&edition=44387
27-02-2026,44387,NORMAS GENERALES,Acuerdo adoptado por el Consejo del Banco Central de Chile en su sesión ordinaria Nº 2772,CVE-2777322,https://www.diariooficial.interior.gob.cl/publicaciones/2026/02/27/44387/01/2777322.pdf,https://www.diariooficial.interior.gob.cl/edicionelectronica/index.php?date=27-02-2026&edition=44387
27-02-2026,44387,NORMAS GENERALES,Certificado Tipos de cambio y paridades de monedas extranjeras para efectos que señala,CVE-2777547,https://www.diariooficial.interior.gob.cl/publicaciones/2026/02/27/44387/01/2777547.pdf,https://www.diariooficial.interior.gob.cl/edicionelectronica/index.php?date=27-02-2026&edition=44387
28-02-2026,44388,NORMAS GENERALES,"Extracto de oficio número 432, de 2026.- Rectifica párrafo penúltimo del oficio N° 2801, de 2022",CVE-2775174,https://www.diariooficial.interior.gob.cl/publicaciones/2026/02/28/44388/01/2775174.pdf,https://www.diariooficial.interior.gob.cl/edicionelectronica/index.php?date=28-02-2026&edition=44388
28-02-2026,44388,NORMAS GENERALES,"Extracto de decreto exento número 202600043, de 2026.- Modifica decreto supremo Nº 830, de 1996",CVE-2775183,https://www.diariooficial.interior.gob.cl/publicaciones/2026/02/28/44388/01/2775183.pdf,https://www.diariooficial.interior.gob.cl/edicionelectronica/index.php?date=28-02-2026&edition=44388
28-02-2026,44388,NORMAS GENERALES,"Extracto de decreto exento número 202600045, de 2026.- Establece cuota anual de captura del recurso erizo en área que indica",CVE-2775182,https://www.diariooficial.interior.gob.cl/publicaciones/2026/02/28/44388/01/2775182.pdf,https://www.diariooficial.interior.gob.cl/edicionelectronica/index.php?date=28-02-2026&edition=44388
28-02-2026,44388,NORMAS GENERALES,"Extracto de resolución exenta número 433, de 2026.- Establece nómina de especies objetivo, de fauna acompañante y de pesca incidental sometidas a los artículos 7º A, 7º B y 7º C de la Ley General de Pesca y Acuicultura para las pesquerías de sardina común y anchoveta, año 2026",CVE-2775199,https://www.diariooficial.interior.gob.cl/publicaciones/2026/02/28/44388/01/2775199.pdf,https://www.diariooficial.interior.gob.cl/edicionelectronica/index.php?date=28-02-2026&edition=44388
28-02-2026,44388,NORMAS GENERALES,"Extracto de resolución exenta número 467, de 2026.- Establece tamaño mínimo de extracción para el recurso Rarape en Rapa Nui",CVE-2775342,https://www.diariooficial.interior.gob.cl/publicaciones/2026/02/28/44388/01/2775342.pdf,https://www.diariooficial.interior.gob.cl/edicionelectronica/index.php?date=28-02-2026&edition=44388
28-02-2026,44388,NORMAS GENERALES,"Extracto de resolución exenta número 476, de 2026.- Rectifica resolución Nº 3.041 exenta, de 2025",CVE-2775336,https://www.diariooficial.interior.gob.cl/publicaciones/2026/02/28/44388/01/2775336.pdf,https://www.diariooficial.interior.gob.cl/edicionelectronica/index.php?date=28-02-2026&edition=44388
28-02-2026,44388,NORMAS GENERALES,"Decreto número 7, de 2026.- Decreta alerta sanitaria y otorga facultades extraordinarias que indica por aumento de virus respiratorios estacionales",CVE-2776564,https://www.diariooficial.interior.gob.cl/publicaciones/2026/02/28/44388/01/2776564.pdf,https://www.diariooficial.interior.gob.cl/edicionelectronica/index.php?date=28-02-2026&edition=44388
28-02-2026,44388,NORMAS GENERALES,"Extracto de resolución exenta número 91, de 2026.- Modifica resolución Nº 945 exenta, de 2025",CVE-2772657,https://www.diariooficial.interior.gob.cl/publicaciones/2026/02/28/44388/01/2772657.pdf,https://www.diariooficial.interior.gob.cl/edicionelectronica/index.php?date=28-02-2026&edition=44388
28-02-2026,44388,NORMAS GENERALES,"Extracto de resolución número 20260010016, de 2026.- Inicia proceso de participación ciudadana en el marco de la evaluación ambiental de la Declaración de Impacto Ambiental del proyecto Parque Fotovoltaico y Línea de Transmisión para el Abastecimiento de Instalaciones SQM en la Región de Tarapacá",CVE-2776827,https://www.diariooficial.interior.gob.cl/publicaciones/2026/02/28/44388/01/2776827.pdf,https://www.diariooficial.interior.gob.cl/edicionelectronica/index.php?date=28-02-2026&edition=44388
28-02-2026,44388,NORMAS GENERALES,Acuerdo relativo a instrumentos financieros de oferta pública y privada adoptado por la Comisión Clasificadora de Riesgo,CVE-2777796,https://www.diariooficial.interior.gob.cl/publicaciones/2026/02/28/44388/01/2777796.pdf,https://www.diariooficial.interior.gob.cl/edicionelectronica/index.php?date=28-02-2026&edition=44388
02-03-2026,44389,NORMAS GENERALES,"Resolución exenta número 82, de 2026.- Cita a continuación de audiencia que indica",CVE-2776198,https://www.diariooficial.interior.gob.cl/publicaciones/2026/03/02/44389/01/2776198.pdf,https://www.diariooficial.interior.gob.cl/edicionelectronica/index.php?date=02-03-2026&edition=44389
02-03-2026,44389,NORMAS GENERALES,"Extracto de resolución exenta número 611, de 2026.- Certifica Arancel Aduanero Medio 2025 y declara tasa del impuesto establecido en el inciso primero del artículo 11 de la ley Nº 18.211",CVE-2775072,https://www.diariooficial.interior.gob.cl/publicaciones/2026/03/02/44389/01/2775072.pdf,https://www.diariooficial.interior.gob.cl/edicionelectronica/index.php?date=02-03-2026&edition=44389
02-03-2026,44389,NORMAS GENERALES,"Resolución exenta número 70, de 2026.- Llama a inscripción para asignación de cupos de vivienda destinados a familias vulnerables beneficiarias de subsidio a los proyectos seleccionados, Puerta del Sol I y Puerta del Sol II, de la comuna de Arica, del Programa de Integración Social y Territorial, decreto N° 19 de 2016",CVE-2776575,https://www.diariooficial.interior.gob.cl/publicaciones/2026/03/02/44389/01/2776575.pdf,https://www.diariooficial.interior.gob.cl/edicionelectronica/index.php?date=02-03-2026&edition=44389
02-03-2026,44389,NORMAS GENERALES,"Extracto de resolución exenta número 8.940, de 2025.- Aprueba anteproyecto del Plan de Descontaminación Atmosférica para la ciudad de Coyhaique y su zona circundante, y lo somete a consulta pública",CVE-2771822,https://www.diariooficial.interior.gob.cl/publicaciones/2026/03/02/44389/01/2771822.pdf,https://www.diariooficial.interior.gob.cl/edicionelectronica/index.php?date=02-03-2026&edition=44389
02-03-2026,44389,NORMAS GENERALES,"Extracto de resolución exenta número 2026110014, de 2026.- Inicia proceso de participación ciudadana en Declaración de Impacto Ambiental del proyecto Ampliación Vida Útil Central Térmica Chacabuco, sector El Salto, comuna de Aysén",CVE-2774496,https://www.diariooficial.interior.gob.cl/publicaciones/2026/03/02/44389/01/2774496.pdf,https://www.diariooficial.interior.gob.cl/edicionelectronica/index.php?date=02-03-2026&edition=44389
02-03-2026,44389,NORMAS GENERALES,Certificado Tipos de cambio y paridades de monedas extranjeras para efectos que señala,CVE-2777899,https://www.diariooficial.interior.gob.cl/publicaciones/2026/03/02/44389/01/2777899.pdf,https://www.diariooficial.interior.gob.cl/edicionelectronica/index.php?date=02-03-2026&edition=44389
03-03-2026,44390,NORMAS GENERALES,"Decreto número 1.266, de 2025.- Modifica decretos de emisión de bonos, con el fin de eliminar cortes en el caso de bonos locales",CVE-2772451,https://www.diariooficial.interior.gob.cl/publicaciones/2026/03/03/44390/01/2772451.pdf,https://www.diariooficial.interior.gob.cl/edicionelectronica/index.php?date=03-03-2026&edition=44390
03-03-2026,44390,NORMAS GENERALES,"Decreto número 89, de 2025.- Fija fórmulas tarifarias de los servicios de producción y distribución de agua potable y recolección y disposición de aguas servidas para la Empresa de Agua Potable El Colorado S.A.",CVE-2776520,https://www.diariooficial.interior.gob.cl/publicaciones/2026/03/03/44390/01/2776520.pdf,https://www.diariooficial.interior.gob.cl/edicionelectronica/index.php?date=03-03-2026&edition=44390
03-03-2026,44390,NORMAS GENERALES,"Decreto exento número 78, de 2026.- Establece nuevo orden de subrogación del cargo de Superintendenta de Educación y deja sin efecto decreto N° 670 exento, de 2024",CVE-2772402,https://www.diariooficial.interior.gob.cl/publicaciones/2026/03/03/44390/01/2772402.pdf,https://www.diariooficial.interior.gob.cl/edicionelectronica/index.php?date=03-03-2026&edition=44390
03-03-2026,44390,NORMAS GENERALES,"Decreto número 219, de 2025.- Modifica decreto N° 241, de 2017, en el sentido que indica",CVE-2772404,https://www.diariooficial.interior.gob.cl/publicaciones/2026/03/03/44390/01/2772404.pdf,https://www.diariooficial.interior.gob.cl/edicionelectronica/index.php?date=03-03-2026&edition=44390
03-03-2026,44390,NORMAS GENERALES,"Decreto número 231, de 2025.- Nombra a don Rodrigo Andrés Tapia Molina como Rector del Centro de Formación Técnica Estatal de la Región de Coquimbo",CVE-2772540,https://www.diariooficial.interior.gob.cl/publicaciones/2026/03/03/44390/01/2772540.pdf,https://www.diariooficial.interior.gob.cl/edicionelectronica/index.php?date=03-03-2026&edition=44390
03-03-2026,44390,NORMAS GENERALES,"Decreto exento número 16, de 2026.- Aprueba norma técnica N° 259 para la atención integral a la mujer que se encuentra en alguna de las tres causales que regula la ley N° 21.030 y deja sin efecto resolución N° 129 exenta, de 2018",CVE-2772562,https://www.diariooficial.interior.gob.cl/publicaciones/2026/03/03/44390/01/2772562.pdf,https://www.diariooficial.interior.gob.cl/edicionelectronica/index.php?date=03-03-2026&edition=44390
03-03-2026,44390,NORMAS GENERALES,"Resolución exenta número CP 2.880, de 2026.- Aplica medidas sanitarias que indica referidas al avistamiento de fragata portuguesa en Playa de Matanzas, Playa Las Brisas y Playa La Boca, de la comuna de Navidad, de la provincia de Cardenal Caro",CVE-2772350,https://www.diariooficial.interior.gob.cl/publicaciones/2026/03/03/44390/01/2772350.pdf,https://www.diariooficial.interior.gob.cl/edicionelectronica/index.php?date=03-03-2026&edition=44390
03-03-2026,44390,NORMAS GENERALES,"Resolución exenta número 41, de 2026.- Define territorios para la postulación de proyectos de asociación territorial (Título I), del Programa de Habitabilidad Rural, regulado por decreto N° 10, de 2015, y sus modificaciones",CVE-2772348,https://www.diariooficial.interior.gob.cl/publicaciones/2026/03/03/44390/01/2772348.pdf,https://www.diariooficial.interior.gob.cl/edicionelectronica/index.php?date=03-03-2026&edition=44390
03-03-2026,44390,NORMAS GENERALES,"Resolución exenta número 2.724, de 2025.- Declara cerrado el procedimiento administrativo de consulta indígena ordenado instruir por la resolución N° 1.195 exenta, de 2025",CVE-2772904,https://www.diariooficial.interior.gob.cl/publicaciones/2026/03/03/44390/01/2772904.pdf,https://www.diariooficial.interior.gob.cl/edicionelectronica/index.php?date=03-03-2026&edition=44390
03-03-2026,44390,NORMAS GENERALES,"Resolución exenta número 2.780, de 2025.- Declara cerrado el procedimiento administrativo de consulta indígena ordenado instruir por la resolución N° 1.194 exenta, de 2025",CVE-2772903,https://www.diariooficial.interior.gob.cl/publicaciones/2026/03/03/44390/01/2772903.pdf,https://www.diariooficial.interior.gob.cl/edicionelectronica/index.php?date=03-03-2026&edition=44390
03-03-2026,44390,NORMAS GENERALES,"Resolución exenta número 93, de 2026.- Declara cerrado el procedimiento administrativo de consulta indígena ordenado instruir por resolución N° 1.196 exenta, de 2025",CVE-2772902,https://www.diariooficial.interior.gob.cl/publicaciones/2026/03/03/44390/01/2772902.pdf,https://www.diariooficial.interior.gob.cl/edicionelectronica/index.php?date=03-03-2026&edition=44390
03-03-2026,44390,NORMAS GENERALES,"Resolución exenta número 100, de 2026.- Dispone recabar opinión de propietarios, en el Marco del Estudio de la Solicitud de Declaratoria como Monumento Nacional, en la categoría de Monumento Histórico, de las Casas de Nicanor Parra en La Reina y Las Cruces, junto a sus bienes muebles; comunas de El Tabo y La Reina, regiones de Valparaíso y Metropolitana de Santiago",CVE-2776408,https://www.diariooficial.interior.gob.cl/publicaciones/2026/03/03/44390/01/2776408.pdf,https://www.diariooficial.interior.gob.cl/edicionelectronica/index.php?date=03-03-2026&edition=44390
03-03-2026,44390,NORMAS GENERALES,"Resolución exenta número 772, de 2026.- Clasifica eventos masivos, según materia y tipo de riesgo que presentan para la seguridad y orden público, y establece medidas mínimas de seguridad, de acuerdo a modelo que indica",CVE-2777672,https://www.diariooficial.interior.gob.cl/publicaciones/2026/03/03/44390/01/2777672.pdf,https://www.diariooficial.interior.gob.cl/edicionelectronica/index.php?date=03-03-2026&edition=44390
03-03-2026,44390,NORMAS GENERALES,Extracto de Notificación Consulta de la Fiscalía Nacional Económica sobre administración del Terminal de Buses de Santa Cruz,CVE-2777525,https://www.diariooficial.interior.gob.cl/publicaciones/2026/03/03/44390/01/2777525.pdf,https://www.diariooficial.interior.gob.cl/edicionelectronica/index.php?date=03-03-2026&edition=44390
03-03-2026,44390,NORMAS GENERALES,Certificado Tipos de cambio y paridades de monedas extranjeras para efectos que señala,CVE-2778428,https://www.diariooficial.interior.gob.cl/publicaciones/2026/03/03/44390/01/2778428.pdf,https://www.diariooficial.interior.gob.cl/edicionelectronica/index.php?date=03-03-2026&edition=44390
04-03-2026,44391,NORMAS GENERALES,"Decreto número 243, de 2022.- Aprueba reglamento que establece los procedimientos para la elaboración, evaluación y actualización de los planes regionales de ordenamiento territorial y demás materias que indica",CVE-2778388,https://www.diariooficial.interior.gob.cl/publicaciones/2026/03/04/44391/01/2778388.pdf,https://www.diariooficial.interior.gob.cl/edicionelectronica/index.php?date=04-03-2026&edition=44391&v=1
04-03-2026,44391,NORMAS GENERALES,"Decreto número 157, de 2025.- Promulga el Acuerdo en el Marco de la Convención de las Naciones Unidas sobre el Derecho del Mar relativo a la Conservación y el Uso Sostenible de la Diversidad Biológica Marina de las Zonas situadas fuera de la Jurisdicción Nacional",CVE-2770667,https://www.diariooficial.interior.gob.cl/publicaciones/2026/03/04/44391/01/2770667.pdf,https://www.diariooficial.interior.gob.cl/edicionelectronica/index.php?date=04-03-2026&edition=44391&v=1
04-03-2026,44391,NORMAS GENERALES,"Extracto de resolución Nº 12600/580/Vrs., Nº 12600/1211/Vrs. y Nº 12600/1687/Vrs., todas de 2025",CVE-2769886,https://www.diariooficial.interior.gob.cl/publicaciones/2026/03/04/44391/01/2769886.pdf,https://www.diariooficial.interior.gob.cl/edicionelectronica/index.php?date=04-03-2026&edition=44391&v=1
04-03-2026,44391,NORMAS GENERALES,"Decreto exento número 74, de 2026.- Determina el componente variable para el cálculo del impuesto específico establecido en la ley N° 18.502",CVE-2778970,https://www.diariooficial.interior.gob.cl/publicaciones/2026/03/04/44391/01/2778970.pdf,https://www.diariooficial.interior.gob.cl/edicionelectronica/index.php?date=04-03-2026&edition=44391&v=1
04-03-2026,44391,NORMAS GENERALES,"Decreto número 5, de 2026.- Acepta renuncia no voluntaria de don Cristóbal Sepúlveda Miranda al cargo de Director General de la Dirección General del Crédito Prendario",CVE-2777292,https://www.diariooficial.interior.gob.cl/publicaciones/2026/03/04/44391/01/2777292.pdf,https://www.diariooficial.interior.gob.cl/edicionelectronica/index.php?date=04-03-2026&edition=44391&v=1
04-03-2026,44391,NORMAS GENERALES,"Extracto de resolución exenta número 30, de 2026.- Establece valor máximo a descontar, por participante, en procesos que indica",CVE-2776159,https://www.diariooficial.interior.gob.cl/publicaciones/2026/03/04/44391/01/2776159.pdf,https://www.diariooficial.interior.gob.cl/edicionelectronica/index.php?date=04-03-2026&edition=44391&v=1
04-03-2026,44391,NORMAS GENERALES,"Resolución exenta número 305, de 2026.- Llama a postulación en condiciones especiales para proyectos del Sistema de Subsidio Habitacional, tramo 2, conforme al artículo 13, inciso cuarto del decreto N° 1, de 2011, para personas damnificadas por incendio ocurrido en las comunas de Concepción, Penco y Tomé, en enero de 2026, Región del Biobío, y delega facultades que indica",CVE-2776826,https://www.diariooficial.interior.gob.cl/publicaciones/2026/03/04/44391/01/2776826.pdf,https://www.diariooficial.interior.gob.cl/edicionelectronica/index.php?date=04-03-2026&edition=44391&v=1
04-03-2026,44391,NORMAS GENERALES,"Extracto de resolución exenta número 14, de 2026.- Modifica resolución N° 945 exenta, de 2025",CVE-2773114,https://www.diariooficial.interior.gob.cl/publicaciones/2026/03/04/44391/01/2773114.pdf,https://www.diariooficial.interior.gob.cl/edicionelectronica/index.php?date=04-03-2026&edition=44391&v=1
04-03-2026,44391,NORMAS GENERALES,"Decreto número 119, de 2025.- Renueva nombramiento de don Martín Mackenna Rueda en el cargo de Secretario General de la Junta de Aeronáutica Civil",CVE-2778389,https://www.diariooficial.interior.gob.cl/publicaciones/2026/03/04/44391/01/2778389.pdf,https://www.diariooficial.interior.gob.cl/edicionelectronica/index.php?date=04-03-2026&edition=44391&v=1
04-03-2026,44391,NORMAS GENERALES,"Decreto exento número 66, de 2026.- Fija precios de referencia y paridad para kerosene doméstico",CVE-2779049,https://www.diariooficial.interior.gob.cl/publicaciones/2026/03/04/44391/01/2779049.pdf,https://www.diariooficial.interior.gob.cl/edicionelectronica/index.php?date=04-03-2026&edition=44391&v=1
04-03-2026,44391,NORMAS GENERALES,"Decreto exento número 67, de 2026.- Fija precios de paridad para combustibles derivados del petróleo",CVE-2779050,https://www.diariooficial.interior.gob.cl/publicaciones/2026/03/04/44391/01/2779050.pdf,https://www.diariooficial.interior.gob.cl/edicionelectronica/index.php?date=04-03-2026&edition=44391&v=1
04-03-2026,44391,NORMAS GENERALES,"Decreto exento número 68, de 2026.- Determina precios de referencia para combustibles derivados del petróleo",CVE-2779051,https://www.diariooficial.interior.gob.cl/publicaciones/2026/03/04/44391/01/2779051.pdf,https://www.diariooficial.interior.gob.cl/edicionelectronica/index.php?date=04-03-2026&edition=44391&v=1
04-03-2026,44391,NORMAS GENERALES,"Extracto de resolución exenta número 133, de 2026.- Delega funciones y atribuciones en materia de personal que indica",CVE-2777029,https://www.diariooficial.interior.gob.cl/publicaciones/2026/03/04/44391/01/2777029.pdf,https://www.diariooficial.interior.gob.cl/edicionelectronica/index.php?date=04-03-2026&edition=44391&v=1
04-03-2026,44391,NORMAS GENERALES,"Decreto número 107, de 2025.- Deroga decreto N° 1.341, de 2018, del Ministerio del Interior y Seguridad Pública, que crea Consejo Asesor de Coordinación y Unidad de Acción en materia de prevención y control del crimen organizado",CVE-2777408,https://www.diariooficial.interior.gob.cl/publicaciones/2026/03/04/44391/01/2777408.pdf,https://www.diariooficial.interior.gob.cl/edicionelectronica/index.php?date=04-03-2026&edition=44391&v=1
04-03-2026,44391,NORMAS GENERALES,Certificado Tipos de cambio y paridades de monedas extranjeras para efectos que señala,CVE-2779066,https://www.diariooficial.interior.gob.cl/publicaciones/2026/03/04/44391/01/2779066.pdf,https://www.diariooficial.interior.gob.cl/edicionelectronica/index.php?date=04-03-2026&edition=44391&v=1
04-03-2026,44391-B,NORMAS GENERALES,"Decreto número 73, de 2026.- Autoriza a la Empresa Portuaria Austral para contratar endeudamiento por sobre el 50% de su capital y para suscribir dicha deuda de largo plazo, en los términos que indica",CVE-2779530,https://www.diariooficial.interior.gob.cl/publicaciones/2026/03/04/44391-B/01/2779530.pdf,https://www.diariooficial.interior.gob.cl/edicionelectronica/index.php?date=04-03-2026&edition=44391-B&v=2
05-03-2026,44392,NORMAS GENERALES,"Decreto exento número 17, de 2025.- Establece nuevo orden de subrogación para el cargo de Secretario Regional Ministerial de la Región de Magallanes y de la Antártica Chilena y deja sin efecto el decreto N° 1 exento, de 2025",CVE-2775143,https://www.diariooficial.interior.gob.cl/publicaciones/2026/03/05/44392/01/2775143.pdf,https://www.diariooficial.interior.gob.cl/edicionelectronica/index.php?date=05-03-2026&edition=44392
05-03-2026,44392,NORMAS GENERALES,"Decreto exento número 18, de 2025.- Establece nuevo orden de subrogación para el cargo de Secretaria Regional Ministerial de Gobierno de la Región de Antofagasta y deja sin efecto el decreto N° 2 exento, de 2025",CVE-2775142,https://www.diariooficial.interior.gob.cl/publicaciones/2026/03/05/44392/01/2775142.pdf,https://www.diariooficial.interior.gob.cl/edicionelectronica/index.php?date=05-03-2026&edition=44392
05-03-2026,44392,NORMAS GENERALES,"Resolución exenta número 118, de 2026.- Fija nuevo avalúo por gramo de metales nobles para los créditos del rubro alhajas por el período que indica",CVE-2775255,https://www.diariooficial.interior.gob.cl/publicaciones/2026/03/05/44392/01/2775255.pdf,https://www.diariooficial.interior.gob.cl/edicionelectronica/index.php?date=05-03-2026&edition=44392
05-03-2026,44392,NORMAS GENERALES,"Decreto número 72, de 2025.- Establece el presupuesto para la aplicación del seguro social contra riesgos de accidentes del trabajo y enfermedades profesionales para el año 2026",CVE-2773141,https://www.diariooficial.interior.gob.cl/publicaciones/2026/03/05/44392/01/2773141.pdf,https://www.diariooficial.interior.gob.cl/edicionelectronica/index.php?date=05-03-2026&edition=44392
05-03-2026,44392,NORMAS GENERALES,"Resolución exenta número 290, de 2026.- Actualiza tablas de valores superiores e inferiores de los artículos 25 y 70 de la ley N° 19.728",CVE-2775172,https://www.diariooficial.interior.gob.cl/publicaciones/2026/03/05/44392/01/2775172.pdf,https://www.diariooficial.interior.gob.cl/edicionelectronica/index.php?date=05-03-2026&edition=44392
05-03-2026,44392,NORMAS GENERALES,"Decreto número 3, de 2026.- Prorroga vigencia de artículo 116 bis D) del decreto con fuerza de ley N° 458, de 1975, cuyo texto aprueba la nueva Ley General de Urbanismo y Construcciones, para las provincias de Marga Marga y Valparaíso de la Región de Valparaíso",CVE-2778780,https://www.diariooficial.interior.gob.cl/publicaciones/2026/03/05/44392/01/2778780.pdf,https://www.diariooficial.interior.gob.cl/edicionelectronica/index.php?date=05-03-2026&edition=44392
05-03-2026,44392,NORMAS GENERALES,"Decreto número 4, de 2026.- Prorroga vigencia del artículo 27 de la ley N° 16.282, sobre disposiciones permanentes para casos de sismos o catástrofes en las provincias de Marga Marga y Valparaíso de la Región de Valparaíso",CVE-2778781,https://www.diariooficial.interior.gob.cl/publicaciones/2026/03/05/44392/01/2778781.pdf,https://www.diariooficial.interior.gob.cl/edicionelectronica/index.php?date=05-03-2026&edition=44392
05-03-2026,44392,NORMAS GENERALES,"Decreto número 2, de 2026.- Designa a doña Aurora Williams Baussa, Ministra de Minería, en comisión de servicio a la ciudad de Riad, Arabia Saudita",CVE-2775261,https://www.diariooficial.interior.gob.cl/publicaciones/2026/03/05/44392/01/2775261.pdf,https://www.diariooficial.interior.gob.cl/edicionelectronica/index.php?date=05-03-2026&edition=44392
05-03-2026,44392,NORMAS GENERALES,"Resolución exenta número 516, de 2026.- Modifica los anexos del Sistema de Transferencia de Información de Telecomunicaciones, de la resolución N° 2.099 exenta, de 2016",CVE-2778044,https://www.diariooficial.interior.gob.cl/publicaciones/2026/03/05/44392/01/2778044.pdf,https://www.diariooficial.interior.gob.cl/edicionelectronica/index.php?date=05-03-2026&edition=44392
05-03-2026,44392,NORMAS GENERALES,"Resolución exenta número 74, de 2026.- Prohíbe circulación de vehículos motorizados en tramo de vía que indica, de la comuna de Copiapó",CVE-2777326,https://www.diariooficial.interior.gob.cl/publicaciones/2026/03/05/44392/01/2777326.pdf,https://www.diariooficial.interior.gob.cl/edicionelectronica/index.php?date=05-03-2026&edition=44392
05-03-2026,44392,NORMAS GENERALES,"Extracto de resolución exenta número 132, de 2026.- Modifica resolución N° 1.285 exenta, de 2024",CVE-2773817,https://www.diariooficial.interior.gob.cl/publicaciones/2026/03/05/44392/01/2773817.pdf,https://www.diariooficial.interior.gob.cl/edicionelectronica/index.php?date=05-03-2026&edition=44392
05-03-2026,44392,NORMAS GENERALES,"Resolución exenta número 37.705, de 2026.- Aprueba y/o modifica Protocolos de Análisis y/o Ensayos de Seguridad y Eficiencia de Productos Eléctricos y Combustibles año 2025",CVE-2775206,https://www.diariooficial.interior.gob.cl/publicaciones/2026/03/05/44392/01/2775206.pdf,https://www.diariooficial.interior.gob.cl/edicionelectronica/index.php?date=05-03-2026&edition=44392
05-03-2026,44392,NORMAS GENERALES,"Decreto número 54, de 2025.- Aprueba y oficializa clasificación de especies según estado de conservación, vigésimo proceso",CVE-2777521,https://www.diariooficial.interior.gob.cl/publicaciones/2026/03/05/44392/01/2777521.pdf,https://www.diariooficial.interior.gob.cl/edicionelectronica/index.php?date=05-03-2026&edition=44392
05-03-2026,44392,NORMAS GENERALES,"Decreto número 58, de 2025.- Designa integrantes del Consejo Nacional para la Sustentabilidad y el Cambio Climático periodo 2024-2026",CVE-2777522,https://www.diariooficial.interior.gob.cl/publicaciones/2026/03/05/44392/01/2777522.pdf,https://www.diariooficial.interior.gob.cl/edicionelectronica/index.php?date=05-03-2026&edition=44392
05-03-2026,44392,NORMAS GENERALES,"Resolución exenta número 431, de 2026.- Aprueba Protocolo de medición para la determinación del cumplimiento del límite de emisión de la Norma de Emisión de Radiación Electromagnética, decreto N° 5 de 2024",CVE-2778120,https://www.diariooficial.interior.gob.cl/publicaciones/2026/03/05/44392/01/2778120.pdf,https://www.diariooficial.interior.gob.cl/edicionelectronica/index.php?date=05-03-2026&edition=44392
05-03-2026,44392,NORMAS GENERALES,Extracto de Estudio de Impacto Ambiental del proyecto Parque Fotovoltaico y Sistema BESS Chanqueahue,CVE-2778056,https://www.diariooficial.interior.gob.cl/publicaciones/2026/03/05/44392/01/2778056.pdf,https://www.diariooficial.interior.gob.cl/edicionelectronica/index.php?date=05-03-2026&edition=44392
05-03-2026,44392,NORMAS GENERALES,"Decreto exento número 25, de 2026.- Otorga Orden al Mérito Artístico y Cultural Pablo Neruda a la Sonora de Tommy Rey",CVE-2778827,https://www.diariooficial.interior.gob.cl/publicaciones/2026/03/05/44392/01/2778827.pdf,https://www.diariooficial.interior.gob.cl/edicionelectronica/index.php?date=05-03-2026&edition=44392
05-03-2026,44392,NORMAS GENERALES,"Decreto exento número 26, de 2026.- Otorga Orden al Mérito Artístico y Cultural Pablo Neruda a la banda musical Los Ángeles Negros",CVE-2778826,https://www.diariooficial.interior.gob.cl/publicaciones/2026/03/05/44392/01/2778826.pdf,https://www.diariooficial.interior.gob.cl/edicionelectronica/index.php?date=05-03-2026&edition=44392
05-03-2026,44392,NORMAS GENERALES,"Decreto exento número 27, de 2026.- Otorga Orden al Mérito Artístico y Cultural Pablo Neruda a don Patrick Penot",CVE-2778825,https://www.diariooficial.interior.gob.cl/publicaciones/2026/03/05/44392/01/2778825.pdf,https://www.diariooficial.interior.gob.cl/edicionelectronica/index.php?date=05-03-2026&edition=44392
05-03-2026,44392,NORMAS GENERALES,"Decreto exento número 28, de 2026.- Otorga Orden al Mérito Artístico y Cultural Pablo Neruda a don André Léon Marie Nicolas Rieu",CVE-2778824,https://www.diariooficial.interior.gob.cl/publicaciones/2026/03/05/44392/01/2778824.pdf,https://www.diariooficial.interior.gob.cl/edicionelectronica/index.php?date=05-03-2026&edition=44392
05-03-2026,44392,NORMAS GENERALES,"Decreto exento número 29, de 2026.- Otorga Orden al Mérito Artístico y Cultural Pablo Neruda a doña Valerie Jane Morris Goodall",CVE-2778823,https://www.diariooficial.interior.gob.cl/publicaciones/2026/03/05/44392/01/2778823.pdf,https://www.diariooficial.interior.gob.cl/edicionelectronica/index.php?date=05-03-2026&edition=44392
05-03-2026,44392,NORMAS GENERALES,"Decreto exento número 21, de 2026.- Declara reconocimiento oficial de Tesoros Humanos Vivos en Chile que señala",CVE-2773036,https://www.diariooficial.interior.gob.cl/publicaciones/2026/03/05/44392/01/2773036.pdf,https://www.diariooficial.interior.gob.cl/edicionelectronica/index.php?date=05-03-2026&edition=44392
05-03-2026,44392,NORMAS GENERALES,"Decreto exento número 22, de 2026.- Declara el reconocimiento oficial de Tesoros Humanos Vivos en Chile que señala",CVE-2773037,https://www.diariooficial.interior.gob.cl/publicaciones/2026/03/05/44392/01/2773037.pdf,https://www.diariooficial.interior.gob.cl/edicionelectronica/index.php?date=05-03-2026&edition=44392
05-03-2026,44392,NORMAS GENERALES,"Resolución número 92, de 2025.- Modifica Plan Regulador Metropolitano de Santiago en los términos que indica en el límite de la extensión urbana de Batuco, comuna de Lampa",CVE-2775284,https://www.diariooficial.interior.gob.cl/publicaciones/2026/03/05/44392/01/2775284.pdf,https://www.diariooficial.interior.gob.cl/edicionelectronica/index.php?date=05-03-2026&edition=44392
05-03-2026,44392,NORMAS GENERALES,Certificado Tipos de cambio y paridades de monedas extranjeras para efectos que señala,CVE-2779600,https://www.diariooficial.interior.gob.cl/publicaciones/2026/03/05/44392/01/2779600.pdf,https://www.diariooficial.interior.gob.cl/edicionelectronica/index.php?date=05-03-2026&edition=44392
05-03-2026,44392,NORMAS GENERALES,"Ordenanza Municipal número 2, de 2025.- Regula funcionamiento de barberías, salones de belleza, peluquerías y/o comercio análogo",CVE-2773102,https://www.diariooficial.interior.gob.cl/publicaciones/2026/03/05/44392/01/2773102.pdf,https://www.diariooficial.interior.gob.cl/edicionelectronica/index.php?date=05-03-2026&edition=44392
05-03-2026,44392,NORMAS GENERALES,"Ordenanza Municipal número 3, de 2025.- Entrega de residuos de envases y embalajes domiciliarios por parte de los consumidores a los grandes sistemas colectivos domiciliarios que realizan el retiro de residuos reciclables de envases y embalajes en la comuna de Antofagasta",CVE-2773103,https://www.diariooficial.interior.gob.cl/publicaciones/2026/03/05/44392/01/2773103.pdf,https://www.diariooficial.interior.gob.cl/edicionelectronica/index.php?date=05-03-2026&edition=44392
05-03-2026,44392,NORMAS GENERALES,"Decreto alcaldicio exento número 127, de 2026.- Aprueba Ordenanza de Beca Municipal Educación Media Ilustre Municipalidad de Tortel",CVE-2774894,https://www.diariooficial.interior.gob.cl/publicaciones/2026/03/05/44392/01/2774894.pdf,https://www.diariooficial.interior.gob.cl/edicionelectronica/index.php?date=05-03-2026&edition=44392
06-03-2026,44393,NORMAS GENERALES,"Extracto de resolución exenta número 276, de 2026.- Aprueba bases de postulación y financiamiento total o parcial de los instrumentos para la gestión de riesgo de desastres establecidos en la ley N° 21.364",CVE-2778287,https://www.diariooficial.interior.gob.cl/publicaciones/2026/03/06/44393/01/2778287.pdf,https://www.diariooficial.interior.gob.cl/edicionelectronica/index.php?date=06-03-2026&edition=44393&v=1
06-03-2026,44393,NORMAS GENERALES,"Resolución exenta número 554, de 2025.- Resuelve fijación de acceso peatonal a playa ribera Lago Ranco, sector Chawaco, en la comuna de La Unión",CVE-2776193,https://www.diariooficial.interior.gob.cl/publicaciones/2026/03/06/44393/01/2776193.pdf,https://www.diariooficial.interior.gob.cl/edicionelectronica/index.php?date=06-03-2026&edition=44393&v=1
06-03-2026,44393,NORMAS GENERALES,"Decreto exento número 56, de 2026.- Declara Internacional la Feria Expo Mascotas y Animales 2026",CVE-2778992,https://www.diariooficial.interior.gob.cl/publicaciones/2026/03/06/44393/01/2778992.pdf,https://www.diariooficial.interior.gob.cl/edicionelectronica/index.php?date=06-03-2026&edition=44393&v=1
06-03-2026,44393,NORMAS GENERALES,"Decreto exento número 2, de 2026.- Establece orden de subrogación especial para el cargo de Secretario/a Regional Ministerial de Desarrollo Social y Familia de la Región de Los Ríos",CVE-2776048,https://www.diariooficial.interior.gob.cl/publicaciones/2026/03/06/44393/01/2776048.pdf,https://www.diariooficial.interior.gob.cl/edicionelectronica/index.php?date=06-03-2026&edition=44393&v=1
06-03-2026,44393,NORMAS GENERALES,"Resolución exenta número 135, de 2026.- Dispone el cierre del proceso de consulta ciudadana iniciada según lo dispuesto en la resolución N° 595 exenta, de 2023",CVE-2775998,https://www.diariooficial.interior.gob.cl/publicaciones/2026/03/06/44393/01/2775998.pdf,https://www.diariooficial.interior.gob.cl/edicionelectronica/index.php?date=06-03-2026&edition=44393&v=1
06-03-2026,44393,NORMAS GENERALES,"Resolución exenta número 814, de 2026.- Fija para el año 2026 el calendario nacional de examinación para los Niveles de Educación Básica y Media para Adultos",CVE-2775356,https://www.diariooficial.interior.gob.cl/publicaciones/2026/03/06/44393/01/2775356.pdf,https://www.diariooficial.interior.gob.cl/edicionelectronica/index.php?date=06-03-2026&edition=44393&v=1
06-03-2026,44393,NORMAS GENERALES,"Resolución exenta número 815, de 2026.- Fija para el año 2026 el calendario nacional para rendir exámenes de validación de estudios en los niveles de educación básica y media para menores de 18 años",CVE-2775353,https://www.diariooficial.interior.gob.cl/publicaciones/2026/03/06/44393/01/2775353.pdf,https://www.diariooficial.interior.gob.cl/edicionelectronica/index.php?date=06-03-2026&edition=44393&v=1
06-03-2026,44393,NORMAS GENERALES,"Decreto exento número 108, de 2026.- Fija aranceles por los servicios que se indican, desde el 1 de enero de 2026",CVE-2775292,https://www.diariooficial.interior.gob.cl/publicaciones/2026/03/06/44393/01/2775292.pdf,https://www.diariooficial.interior.gob.cl/edicionelectronica/index.php?date=06-03-2026&edition=44393&v=1
06-03-2026,44393,NORMAS GENERALES,"Extracto de resolución exenta número 632, de 2026.- Modifica resoluciones exentas N° 1.560 de 2024 y N° 3.496 de 2025",CVE-2779829,https://www.diariooficial.interior.gob.cl/publicaciones/2026/03/06/44393/01/2779829.pdf,https://www.diariooficial.interior.gob.cl/edicionelectronica/index.php?date=06-03-2026&edition=44393&v=1
06-03-2026,44393,NORMAS GENERALES,"Decreto número 105, de 2025.- Aprueba Plan Maestro de Evacuación y Drenaje de Aguas Lluvia de Castro, Región de Los Lagos",CVE-2775307,https://www.diariooficial.interior.gob.cl/publicaciones/2026/03/06/44393/01/2775307.pdf,https://www.diariooficial.interior.gob.cl/edicionelectronica/index.php?date=06-03-2026&edition=44393&v=1
06-03-2026,44393,NORMAS GENERALES,"Decreto número 9, de 2026.- Acepta renuncia voluntaria de don Javier Sandoval Guzmán al cargo de Secretario Regional Ministerial de Obras Públicas de la Región de Coquimbo",CVE-2775310,https://www.diariooficial.interior.gob.cl/publicaciones/2026/03/06/44393/01/2775310.pdf,https://www.diariooficial.interior.gob.cl/edicionelectronica/index.php?date=06-03-2026&edition=44393&v=1
06-03-2026,44393,NORMAS GENERALES,"Resolución exenta número 429, de 2026.- Delimita y denomina cuenca de planificación para el desarrollo del Plan Estratégico de Recursos Hídricos en la Cuenca del Río Rapel, Adyacentes e Interdependientes; constituye mesa estratégica de recursos hídricos; identifica convocados y asistencia a primera sesión; y designa delegado(a) de coordinación",CVE-2778162,https://www.diariooficial.interior.gob.cl/publicaciones/2026/03/06/44393/01/2778162.pdf,https://www.diariooficial.interior.gob.cl/edicionelectronica/index.php?date=06-03-2026&edition=44393&v=1
06-03-2026,44393,NORMAS GENERALES,"Resolución exenta número 430, de 2026.- Delimita y denomina cuenca de planificación para el desarrollo del Plan Estratégico de Recursos Hídricos en la Cuenca del Río Maule y Adyacentes; constituye mesa estratégica de recursos hídricos; identifica convocados y asistencia a primera sesión; y designa delegado(a) de coordinación",CVE-2778161,https://www.diariooficial.interior.gob.cl/publicaciones/2026/03/06/44393/01/2778161.pdf,https://www.diariooficial.interior.gob.cl/edicionelectronica/index.php?date=06-03-2026&edition=44393&v=1
06-03-2026,44393,NORMAS GENERALES,"Resolución exenta número 431, de 2026.- Delimita y denomina cuenca de planificación para el desarrollo del Plan Estratégico de Recursos Hídricos en la Cuenca del Río Copiapó y Adyacentes; constituye mesa estratégica de recursos hídricos; identifica convocados y asistencia a primera sesión; y designa delegado(a) de coordinación",CVE-2778160,https://www.diariooficial.interior.gob.cl/publicaciones/2026/03/06/44393/01/2778160.pdf,https://www.diariooficial.interior.gob.cl/edicionelectronica/index.php?date=06-03-2026&edition=44393&v=1
06-03-2026,44393,NORMAS GENERALES,"Decreto número 5, de 2026.- Modifica decreto N° 53, de 2015, que delega facultad para adquirir bienes y contratar servicios y la representación extrajudicial del fisco a autoridades y funcionarios que indica",CVE-2778051,https://www.diariooficial.interior.gob.cl/publicaciones/2026/03/06/44393/01/2778051.pdf,https://www.diariooficial.interior.gob.cl/edicionelectronica/index.php?date=06-03-2026&edition=44393&v=1
06-03-2026,44393,NORMAS GENERALES,"Resolución exenta número 626, de 2026.- Establece montos anuales para el año 2026 del valor de beneficio por renovación del programa de modernización para la renovación de taxis colectivos",CVE-2778545,https://www.diariooficial.interior.gob.cl/publicaciones/2026/03/06/44393/01/2778545.pdf,https://www.diariooficial.interior.gob.cl/edicionelectronica/index.php?date=06-03-2026&edition=44393&v=1
06-03-2026,44393,NORMAS GENERALES,"Decreto exento número 4, de 2026.- Ordena traspaso del personal de la Corporación Nacional Forestal que indica al Servicio de Biodiversidad y Áreas Protegidas",CVE-2779556,https://www.diariooficial.interior.gob.cl/publicaciones/2026/03/06/44393/01/2779556.pdf,https://www.diariooficial.interior.gob.cl/edicionelectronica/index.php?date=06-03-2026&edition=44393&v=1
06-03-2026,44393,NORMAS GENERALES,"Extracto de resolución exenta número 202699101199, de 2026.- Pone término anticipado a Proceso de Consulta a Pueblos Indígenas",CVE-2778343,https://www.diariooficial.interior.gob.cl/publicaciones/2026/03/06/44393/01/2778343.pdf,https://www.diariooficial.interior.gob.cl/edicionelectronica/index.php?date=06-03-2026&edition=44393&v=1
06-03-2026,44393,NORMAS GENERALES,"Extracto de resolución exenta número 20260500118, de 2026.- Inicia proceso de participación ciudadana en la Declaración de Impacto Ambiental del proyecto Ampliación de zona de almacenamiento de mercancías clasificadas IMO y habilitación de zona para servicios de desconsolidado y trasvasije",CVE-2777809,https://www.diariooficial.interior.gob.cl/publicaciones/2026/03/06/44393/01/2777809.pdf,https://www.diariooficial.interior.gob.cl/edicionelectronica/index.php?date=06-03-2026&edition=44393&v=1
06-03-2026,44393,NORMAS GENERALES,Extracto de Notificación Solicitud de Corporación Sistema Colectivo de Gestión de Neumáticos Fuera de Uso Valora Más de modificación de bases de licitación aprobadas por Informe N° 30/2022,CVE-2778814,https://www.diariooficial.interior.gob.cl/publicaciones/2026/03/06/44393/01/2778814.pdf,https://www.diariooficial.interior.gob.cl/edicionelectronica/index.php?date=06-03-2026&edition=44393&v=1
06-03-2026,44393,NORMAS GENERALES,Acuerdo adoptado por el Consejo del Banco Central de Chile en su sesión extraordinaria N° 2773E,CVE-2778943,https://www.diariooficial.interior.gob.cl/publicaciones/2026/03/06/44393/01/2778943.pdf,https://www.diariooficial.interior.gob.cl/edicionelectronica/index.php?date=06-03-2026&edition=44393&v=1
06-03-2026,44393,NORMAS GENERALES,Certificado Tipos de cambio y paridades de monedas extranjeras para efectos que señala,CVE-2780138,https://www.diariooficial.interior.gob.cl/publicaciones/2026/03/06/44393/01/2780138.pdf,https://www.diariooficial.interior.gob.cl/edicionelectronica/index.php?date=06-03-2026&edition=44393&v=1
06-03-2026,44393-B,NORMAS GENERALES,"Resolución exenta número 102, de 2026.- Suspende proceso de consulta indígena instruido mediante resolución N° 244 exenta, de 2025, por motivos que indica",CVE-2780713,https://www.diariooficial.interior.gob.cl/publicaciones/2026/03/06/44393-B/01/2780713.pdf,https://www.diariooficial.interior.gob.cl/edicionelectronica/index.php?date=06-03-2026&edition=44393-B&v=2
07-03-2026,44394,NORMAS GENERALES,"Extracto de resolución exenta número 509, de 2026.- Oficializa miembros titulares y suplentes del Comité de Manejo de Sardina Austral Región de Los Lagos, declara vacantes cargos que indica y abre periodo extraordinario",CVE-2778041,https://www.diariooficial.interior.gob.cl/publicaciones/2026/03/07/44394/01/2778041.pdf,https://www.diariooficial.interior.gob.cl/edicionelectronica/index.php?date=07-03-2026&edition=44394
07-03-2026,44394,NORMAS GENERALES,"Resolución exenta número 830, de 2026.- Aprueba instrucciones generales sobre capacitación especializada en seguridad privada aplicables a los guardias de seguridad en los espectáculos de fútbol profesional",CVE-2780093,https://www.diariooficial.interior.gob.cl/publicaciones/2026/03/07/44394/01/2780093.pdf,https://www.diariooficial.interior.gob.cl/edicionelectronica/index.php?date=07-03-2026&edition=44394
07-03-2026,44394,NORMAS GENERALES,"Resolución exenta número 831, de 2026.- Establece elementos defensivos y de protección adicionales para guardias de seguridad privada especializados en espectáculos de fútbol profesional",CVE-2780092,https://www.diariooficial.interior.gob.cl/publicaciones/2026/03/07/44394/01/2780092.pdf,https://www.diariooficial.interior.gob.cl/edicionelectronica/index.php?date=07-03-2026&edition=44394
07-03-2026,44394,NORMAS GENERALES,Extracto de Notificación Consulta de Transportes Centropuerto Limitada sobre las bases de licitación de los servicios de transporte público mediante buses Aeropuerto Internacional Arturo Merino Benítez de Santiago y sus anexos,CVE-2779547,https://www.diariooficial.interior.gob.cl/publicaciones/2026/03/07/44394/01/2779547.pdf,https://www.diariooficial.interior.gob.cl/edicionelectronica/index.php?date=07-03-2026&edition=44394
07-03-2026,44394,NORMAS GENERALES,Certificado Fija valor de la Unidad de Fomento y del Índice Valor Promedio para los días comprendidos entre el 10 de marzo y el 9 de abril de 2026,CVE-2780500,https://www.diariooficial.interior.gob.cl/publicaciones/2026/03/07/44394/01/2780500.pdf,https://www.diariooficial.interior.gob.cl/edicionelectronica/index.php?date=07-03-2026&edition=44394
09-03-2026,44395,NORMAS GENERALES,"Decreto exento número 80, de 2026.- Aprueba reglamento que determina los contenidos esenciales y mínimos de los informes financieros, así como de las fuentes de información para su elaboración, de acuerdo con lo mandatado por el artículo 1 bis de la ley Nº 20.128, sobre responsabilidad fiscal",CVE-2780577,https://www.diariooficial.interior.gob.cl/publicaciones/2026/03/09/44395/01/2780577.pdf,https://www.diariooficial.interior.gob.cl/edicionelectronica/index.php?date=09-03-2026&edition=44395&v=1
09-03-2026,44395,NORMAS GENERALES,"Resolución exenta número 177, de 2026.- Establece las características técnicas y operativas del medio electrónico denominado Bolsillo Electrónico Cultural y deroga resolución N° 426 exenta, de 2025, que establece las características técnicas y operativas del medio electrónico denominado Bolsillo Electrónico Cultural",CVE-2780584,https://www.diariooficial.interior.gob.cl/publicaciones/2026/03/09/44395/01/2780584.pdf,https://www.diariooficial.interior.gob.cl/edicionelectronica/index.php?date=09-03-2026&edition=44395&v=1
09-03-2026,44395,NORMAS GENERALES,"Extracto de resolución exenta número 27, de 2026.- Otorga condonación en los casos que se indican, Formulario N° 29",CVE-2776462,https://www.diariooficial.interior.gob.cl/publicaciones/2026/03/09/44395/01/2776462.pdf,https://www.diariooficial.interior.gob.cl/edicionelectronica/index.php?date=09-03-2026&edition=44395&v=1
09-03-2026,44395,NORMAS GENERALES,"Extracto de decreto número 54, de 2025.- Oficializa nominación de miembros titulares y suplentes del Consejo Nacional de Pesca en representación de las organizaciones gremiales del sector pesquero artesanal",CVE-2776544,https://www.diariooficial.interior.gob.cl/publicaciones/2026/03/09/44395/01/2776544.pdf,https://www.diariooficial.interior.gob.cl/edicionelectronica/index.php?date=09-03-2026&edition=44395&v=1
09-03-2026,44395,NORMAS GENERALES,"Extracto de resolución exenta número 304, de 2026.- Suspende transitoriamente la inscripción en el Registro Pesquero Artesanal en la pesquería de Corvina con enmalle, Región de La Araucanía, periodo 2026-2031",CVE-2776492,https://www.diariooficial.interior.gob.cl/publicaciones/2026/03/09/44395/01/2776492.pdf,https://www.diariooficial.interior.gob.cl/edicionelectronica/index.php?date=09-03-2026&edition=44395&v=1
09-03-2026,44395,NORMAS GENERALES,"Extracto de resolución exenta número 353, de 2026.- Establece nómina de especies objetivo, de fauna acompañante y de pesca incidental sometidas a los artículos 7° A, 7° B y 7° C de la Ley General de Pesca y Acuicultura para pesquería de Anchoveta entre las regiones de Arica y Parinacota, Tarapacá y Antofagasta",CVE-2776486,https://www.diariooficial.interior.gob.cl/publicaciones/2026/03/09/44395/01/2776486.pdf,https://www.diariooficial.interior.gob.cl/edicionelectronica/index.php?date=09-03-2026&edition=44395&v=1
09-03-2026,44395,NORMAS GENERALES,"Extracto de resolución exenta número 354, de 2026.- Establece nómina de especies objetivo, de fauna acompañante y de pesca incidental sometidas a los artículos 7° A, 7° B y 7° C de la Ley General de Pesca y Acuicultura, para pesquería artesanal de Anchoveta entre las regiones de Atacama y Coquimbo, año 2026",CVE-2776484,https://www.diariooficial.interior.gob.cl/publicaciones/2026/03/09/44395/01/2776484.pdf,https://www.diariooficial.interior.gob.cl/edicionelectronica/index.php?date=09-03-2026&edition=44395&v=1
09-03-2026,44395,NORMAS GENERALES,"Extracto de resolución exenta número 373, de 2026.- Autoriza reemplazo de inscripciones vacantes en el Registro Pesquero Artesanal, pesquería de Merluza común, Región del Biobío",CVE-2776482,https://www.diariooficial.interior.gob.cl/publicaciones/2026/03/09/44395/01/2776482.pdf,https://www.diariooficial.interior.gob.cl/edicionelectronica/index.php?date=09-03-2026&edition=44395&v=1
09-03-2026,44395,NORMAS GENERALES,"Extracto de resolución exenta número 388, de 2026.- Modifica resolución Nº 2.019 exenta, de 2025",CVE-2776476,https://www.diariooficial.interior.gob.cl/publicaciones/2026/03/09/44395/01/2776476.pdf,https://www.diariooficial.interior.gob.cl/edicionelectronica/index.php?date=09-03-2026&edition=44395&v=1
09-03-2026,44395,NORMAS GENERALES,"Decreto exento número 85, de 2026.- Fija monto unitario regional de alimentación e internado para el año 2026 a los establecimientos educacionales subvencionados",CVE-2776693,https://www.diariooficial.interior.gob.cl/publicaciones/2026/03/09/44395/01/2776693.pdf,https://www.diariooficial.interior.gob.cl/edicionelectronica/index.php?date=09-03-2026&edition=44395&v=1
09-03-2026,44395,NORMAS GENERALES,"Decreto número 11, de 2026.- Nombra a doña Lilia Pamela Concha Carreño como integrante del Consejo Superior de la Universidad Metropolitana de Ciencias de la Educación, en representación del Presidente de la República",CVE-2776521,https://www.diariooficial.interior.gob.cl/publicaciones/2026/03/09/44395/01/2776521.pdf,https://www.diariooficial.interior.gob.cl/edicionelectronica/index.php?date=09-03-2026&edition=44395&v=1
09-03-2026,44395,NORMAS GENERALES,"Decreto número 31, de 2025.- Nombra a doña Jessica Milena Bengoa Mayorga como Secretaria Regional Ministerial del Trabajo y Previsión Social de la Región de Magallanes y de la Antártica Chilena",CVE-2779190,https://www.diariooficial.interior.gob.cl/publicaciones/2026/03/09/44395/01/2779190.pdf,https://www.diariooficial.interior.gob.cl/edicionelectronica/index.php?date=09-03-2026&edition=44395&v=1
09-03-2026,44395,NORMAS GENERALES,"Resolución exenta número 294, de 2026.- Fija porcentaje máximo de ajuste que las instituciones de salud previsional deberán considerar en las adecuaciones de precios de los planes de salud",CVE-2778350,https://www.diariooficial.interior.gob.cl/publicaciones/2026/03/09/44395/01/2778350.pdf,https://www.diariooficial.interior.gob.cl/edicionelectronica/index.php?date=09-03-2026&edition=44395&v=1
09-03-2026,44395,NORMAS GENERALES,"Resolución exenta número E 477, de 2026.- Modifica resolución N° E6267 exenta, de 2025, que aprobó exigencias de modificación de rótulo y folletos de información al paciente y al profesional para productos farmacéuticos con efectos sobre la capacidad de conducir vehículos y operar maquinarias",CVE-2776414,https://www.diariooficial.interior.gob.cl/publicaciones/2026/03/09/44395/01/2776414.pdf,https://www.diariooficial.interior.gob.cl/edicionelectronica/index.php?date=09-03-2026&edition=44395&v=1
09-03-2026,44395,NORMAS GENERALES,"Resolución exenta número E 675, de 2026.- Actualiza listado de sujetos pasivos del Instituto de Salud Pública de Chile y deja sin efecto resolución N° E6859 exenta de 2025",CVE-2776413,https://www.diariooficial.interior.gob.cl/publicaciones/2026/03/09/44395/01/2776413.pdf,https://www.diariooficial.interior.gob.cl/edicionelectronica/index.php?date=09-03-2026&edition=44395&v=1
09-03-2026,44395,NORMAS GENERALES,"Extracto de resolución exenta número 405, de 2026.- Prorroga plazo para implementar lo que indica",CVE-2776420,https://www.diariooficial.interior.gob.cl/publicaciones/2026/03/09/44395/01/2776420.pdf,https://www.diariooficial.interior.gob.cl/edicionelectronica/index.php?date=09-03-2026&edition=44395&v=1
09-03-2026,44395,NORMAS GENERALES,"Extracto de resolución exenta número 435, de 2026.- Aprueba Guía para la elaboración de preparados farmacéuticos homeopáticos en recetarios de farmacias",CVE-2776419,https://www.diariooficial.interior.gob.cl/publicaciones/2026/03/09/44395/01/2776419.pdf,https://www.diariooficial.interior.gob.cl/edicionelectronica/index.php?date=09-03-2026&edition=44395&v=1
09-03-2026,44395,NORMAS GENERALES,"Extracto de resolución exenta número 531, de 2026.- Aprueba Guía de recomendaciones para el uso de pruebas de laboratorio en el lugar de asistencia del paciente",CVE-2776418,https://www.diariooficial.interior.gob.cl/publicaciones/2026/03/09/44395/01/2776418.pdf,https://www.diariooficial.interior.gob.cl/edicionelectronica/index.php?date=09-03-2026&edition=44395&v=1
09-03-2026,44395,NORMAS GENERALES,"Extracto de resolución exenta número 533, de 2026.- Establece directrices para aplicar mecanismos de confianza regulatoria en funciones del Subdepartamento de Inspecciones del Departamento Agencia Nacional de Medicamentos",CVE-2776417,https://www.diariooficial.interior.gob.cl/publicaciones/2026/03/09/44395/01/2776417.pdf,https://www.diariooficial.interior.gob.cl/edicionelectronica/index.php?date=09-03-2026&edition=44395&v=1
09-03-2026,44395,NORMAS GENERALES,"Extracto de resolución exenta número 698, de 2026.- Aprueba protocolo que indica",CVE-2776416,https://www.diariooficial.interior.gob.cl/publicaciones/2026/03/09/44395/01/2776416.pdf,https://www.diariooficial.interior.gob.cl/edicionelectronica/index.php?date=09-03-2026&edition=44395&v=1
09-03-2026,44395,NORMAS GENERALES,"Extracto de resolución exenta número 873, de 2026.- Aprueba Guía para el cuidado de la salud mental en el trabajo: Recomendaciones y orientaciones para su gestión",CVE-2776415,https://www.diariooficial.interior.gob.cl/publicaciones/2026/03/09/44395/01/2776415.pdf,https://www.diariooficial.interior.gob.cl/edicionelectronica/index.php?date=09-03-2026&edition=44395&v=1
09-03-2026,44395,NORMAS GENERALES,"Decreto exento número 12, de 2026.- Aprueba y declara Norma Oficial de la República de Chile la norma técnica que indica",CVE-2778372,https://www.diariooficial.interior.gob.cl/publicaciones/2026/03/09/44395/01/2778372.pdf,https://www.diariooficial.interior.gob.cl/edicionelectronica/index.php?date=09-03-2026&edition=44395&v=1
09-03-2026,44395,NORMAS GENERALES,"Decreto exento número 14, de 2026.- Crea el Comité Público-Privado del Programa Chile Alimenta el Futuro",CVE-2776652,https://www.diariooficial.interior.gob.cl/publicaciones/2026/03/09/44395/01/2776652.pdf,https://www.diariooficial.interior.gob.cl/edicionelectronica/index.php?date=09-03-2026&edition=44395&v=1
09-03-2026,44395,NORMAS GENERALES,"Resolución exenta número 165, de 2026.- Aprueba estrategia sectorial para mujeres rurales en el agro 2025 - 2035",CVE-2778945,https://www.diariooficial.interior.gob.cl/publicaciones/2026/03/09/44395/01/2778945.pdf,https://www.diariooficial.interior.gob.cl/edicionelectronica/index.php?date=09-03-2026&edition=44395&v=1
09-03-2026,44395,NORMAS GENERALES,"Resolución exenta número 1.461, de 2026.- Establece requisitos para la trazabilidad de porcinos",CVE-2776914,https://www.diariooficial.interior.gob.cl/publicaciones/2026/03/09/44395/01/2776914.pdf,https://www.diariooficial.interior.gob.cl/edicionelectronica/index.php?date=09-03-2026&edition=44395&v=1
09-03-2026,44395,NORMAS GENERALES,"Resolución exenta número 1.462, de 2026.- Exime del requisito de cuarentena de posingreso en Chile a los animales que se indican, y modifica resoluciones Nos. 5.066/2018, 54/1999, 809/2003, 692/2019 y 436/2020",CVE-2776532,https://www.diariooficial.interior.gob.cl/publicaciones/2026/03/09/44395/01/2776532.pdf,https://www.diariooficial.interior.gob.cl/edicionelectronica/index.php?date=09-03-2026&edition=44395&v=1
09-03-2026,44395,NORMAS GENERALES,"Resolución exenta número 1.472, de 2026.- Declara libres a las comunas de Chaitén, Palena y Futaleufú de la Región de Los Lagos de las enfermedades Acarapisosis, Loque europea y Loque americana",CVE-2776522,https://www.diariooficial.interior.gob.cl/publicaciones/2026/03/09/44395/01/2776522.pdf,https://www.diariooficial.interior.gob.cl/edicionelectronica/index.php?date=09-03-2026&edition=44395&v=1
09-03-2026,44395,NORMAS GENERALES,"Resolución exenta número 1.024, de 2026.- Modifica resolución N° 863 exenta, de 2025, que establece condiciones operacionales para el pago con Tarjetas EMV en el Sistema de Transporte Público Metropolitano",CVE-2779181,https://www.diariooficial.interior.gob.cl/publicaciones/2026/03/09/44395/01/2779181.pdf,https://www.diariooficial.interior.gob.cl/edicionelectronica/index.php?date=09-03-2026&edition=44395&v=1
09-03-2026,44395,NORMAS GENERALES,"Resolución exenta número 1.058, de 2026.- Designa integrantes que indica del Panel de Expertos de la ley N° 20.378",CVE-2779760,https://www.diariooficial.interior.gob.cl/publicaciones/2026/03/09/44395/01/2779760.pdf,https://www.diariooficial.interior.gob.cl/edicionelectronica/index.php?date=09-03-2026&edition=44395&v=1
09-03-2026,44395,NORMAS GENERALES,"Extracto de resolución número 47, de 2025.- Regulariza prestación de servicios, autoriza pago y aprueba modificación que indica",CVE-2779164,https://www.diariooficial.interior.gob.cl/publicaciones/2026/03/09/44395/01/2779164.pdf,https://www.diariooficial.interior.gob.cl/edicionelectronica/index.php?date=09-03-2026&edition=44395&v=1
09-03-2026,44395,NORMAS GENERALES,"Resolución exenta número 84, de 2026.- Prohíbe circulación de vehículos motorizados en tramo de la vía que indica, de la comuna de Vallenar",CVE-2779150,https://www.diariooficial.interior.gob.cl/publicaciones/2026/03/09/44395/01/2779150.pdf,https://www.diariooficial.interior.gob.cl/edicionelectronica/index.php?date=09-03-2026&edition=44395&v=1
09-03-2026,44395,NORMAS GENERALES,"Resolución exenta número 215, de 2026.- Prohíbe circulación de vehículos motorizados en vías que indica, en la comuna de Machalí",CVE-2779158,https://www.diariooficial.interior.gob.cl/publicaciones/2026/03/09/44395/01/2779158.pdf,https://www.diariooficial.interior.gob.cl/edicionelectronica/index.php?date=09-03-2026&edition=44395&v=1
09-03-2026,44395,NORMAS GENERALES,"Extracto de resolución exenta número 2025991011135, de 2025.- Tiene presente la observancia de la Guía metodológica para la estimación y reporte de gases de efecto invernadero y forzantes climáticos de vida corta",CVE-2778366,https://www.diariooficial.interior.gob.cl/publicaciones/2026/03/09/44395/01/2778366.pdf,https://www.diariooficial.interior.gob.cl/edicionelectronica/index.php?date=09-03-2026&edition=44395&v=1
09-03-2026,44395,NORMAS GENERALES,"Extracto de resolución exenta número 202699101110, de 2026.- Tiene presente la observancia del criterio de evaluación en el SEIA, aves y quirópteros en proyectos de líneas de transmisión eléctrica y parques eólicos",CVE-2778365,https://www.diariooficial.interior.gob.cl/publicaciones/2026/03/09/44395/01/2778365.pdf,https://www.diariooficial.interior.gob.cl/edicionelectronica/index.php?date=09-03-2026&edition=44395&v=1
09-03-2026,44395,NORMAS GENERALES,"Extracto de resolución exenta número 202699101129, de 2026.- Resuelve en procedimiento de reclamación atingente al proyecto Planta de Tratamiento de Aguas Servidas Santa María",CVE-2778346,https://www.diariooficial.interior.gob.cl/publicaciones/2026/03/09/44395/01/2778346.pdf,https://www.diariooficial.interior.gob.cl/edicionelectronica/index.php?date=09-03-2026&edition=44395&v=1
09-03-2026,44395,NORMAS GENERALES,"Extracto de resolución exenta número 202699101169, de 2026.- Tiene presente la observancia de la Guía áreas de influencia en el SEIA",CVE-2778364,https://www.diariooficial.interior.gob.cl/publicaciones/2026/03/09/44395/01/2778364.pdf,https://www.diariooficial.interior.gob.cl/edicionelectronica/index.php?date=09-03-2026&edition=44395&v=1
09-03-2026,44395,NORMAS GENERALES,"Extracto de resolución exenta número 202699101205, de 2026.- Modifica parcialmente documentos que indica, con motivo de la entrada en vigencia del decreto N° 17, de 2025, que aprueba modificación al Reglamento del SEIA",CVE-2779184,https://www.diariooficial.interior.gob.cl/publicaciones/2026/03/09/44395/01/2779184.pdf,https://www.diariooficial.interior.gob.cl/edicionelectronica/index.php?date=09-03-2026&edition=44395&v=1
09-03-2026,44395,NORMAS GENERALES,"Decreto exento número NC-00001, de 2026.- Establece orden de subrogancia del Secretario Regional Ministerial del Deporte de la Región de Ñuble",CVE-2776549,https://www.diariooficial.interior.gob.cl/publicaciones/2026/03/09/44395/01/2776549.pdf,https://www.diariooficial.interior.gob.cl/edicionelectronica/index.php?date=09-03-2026&edition=44395&v=1
09-03-2026,44395,NORMAS GENERALES,Certificado Tipos de cambio y paridades de monedas extranjeras para efectos que señala,CVE-2780865,https://www.diariooficial.interior.gob.cl/publicaciones/2026/03/09/44395/01/2780865.pdf,https://www.diariooficial.interior.gob.cl/edicionelectronica/index.php?date=09-03-2026&edition=44395&v=1
09-03-2026,44395,NORMAS GENERALES,"Decreto alcaldicio exento número 552, de 2026.- Resuelve Procedimiento de Invalidación del decreto alcaldicio N° 4.476, de 2025, de la Licitación Pública Servicio de Provisión de Prótesis Dentales",CVE-2776457,https://www.diariooficial.interior.gob.cl/publicaciones/2026/03/09/44395/01/2776457.pdf,https://www.diariooficial.interior.gob.cl/edicionelectronica/index.php?date=09-03-2026&edition=44395&v=1
09-03-2026,44395-B,NORMAS GENERALES,"Decreto número 95, de 2026.- Autoriza a la Empresa Portuaria Austral para contratar endeudamiento por sobre el 50% de su capital y para suscribir dicha deuda de largo plazo con Garantía del Estado, en los términos que indica",CVE-2781267,https://www.diariooficial.interior.gob.cl/publicaciones/2026/03/09/44395-B/01/2781267.pdf,https://www.diariooficial.interior.gob.cl/edicionelectronica/index.php?date=09-03-2026&edition=44395-B&v=2
10-03-2026,44396,NORMAS GENERALES,"Decreto número 498, de 2024.- Modifica decreto Nº 1.546, de 2018, que aprueba reglamento de la ley Nº 21.070 que regula el ejercicio de los derechos a residir, permanecer y trasladarse hacia y desde el territorio especial de Isla de Pascua",CVE-2779567,https://www.diariooficial.interior.gob.cl/publicaciones/2026/03/10/44396/01/2779567.pdf,https://www.diariooficial.interior.gob.cl/edicionelectronica/index.php?date=10-03-2026&edition=44396&v=1
10-03-2026,44396,NORMAS GENERALES,"Decreto número 1.655, de 2025.- Renueva nombramiento de Consejera del Consejo Superior de la Hípica Nacional",CVE-2777287,https://www.diariooficial.interior.gob.cl/publicaciones/2026/03/10/44396/01/2777287.pdf,https://www.diariooficial.interior.gob.cl/edicionelectronica/index.php?date=10-03-2026&edition=44396&v=1
10-03-2026,44396,NORMAS GENERALES,"Decreto número 1.824, de 2025.- Designa a don Kevin Noel Cowan Logan como Consejero del Consejo del Banco Central de Chile",CVE-2777243,https://www.diariooficial.interior.gob.cl/publicaciones/2026/03/10/44396/01/2777243.pdf,https://www.diariooficial.interior.gob.cl/edicionelectronica/index.php?date=10-03-2026&edition=44396&v=1
10-03-2026,44396,NORMAS GENERALES,"Extracto de resolución exenta número 493, de 2026.- Declara área de plaga y de riesgo de plaga que indica en cuerpos de agua que señala",CVE-2777528,https://www.diariooficial.interior.gob.cl/publicaciones/2026/03/10/44396/01/2777528.pdf,https://www.diariooficial.interior.gob.cl/edicionelectronica/index.php?date=10-03-2026&edition=44396&v=1
10-03-2026,44396,NORMAS GENERALES,"Extracto de resolución exenta número 160, de 2026.- Modifica entrada en vigencia de la circular que imparte instrucciones sobre reglamentos internos a establecimientos de educación básica y media, aprobada mediante resolución N° 781 exenta; y de la circular que imparte instrucciones sobre la aplicación de medidas formativas y disciplinarias en los establecimientos educacionales de enseñanza básica y media, aprobada mediante resolución N° 782 exenta",CVE-2777403,https://www.diariooficial.interior.gob.cl/publicaciones/2026/03/10/44396/01/2777403.pdf,https://www.diariooficial.interior.gob.cl/edicionelectronica/index.php?date=10-03-2026&edition=44396&v=1
10-03-2026,44396,NORMAS GENERALES,"Resolución exenta número 329, de 2026.- Rectifica resolución Nº 294 exenta, de 2026, sobre entrada en vigencia de los nuevos precios finales resultantes del proceso de adecuación de precios base, correspondiente al año 2026",CVE-2781179,https://www.diariooficial.interior.gob.cl/publicaciones/2026/03/10/44396/01/2781179.pdf,https://www.diariooficial.interior.gob.cl/edicionelectronica/index.php?date=10-03-2026&edition=44396&v=1
10-03-2026,44396,NORMAS GENERALES,"Resolución exenta número 274, de 2026.- Aprueba procedimiento para la aplicación de la ley N° 20.730, que regula el lobby y las gestiones que representen intereses particulares antes las autoridades y funcionarios, en la Subsecretaría de Vivienda y Urbanismo, nivel central y deja sin efecto resolución N° 6.977 exenta, de 2016",CVE-2773839,https://www.diariooficial.interior.gob.cl/publicaciones/2026/03/10/44396/01/2773839.pdf,https://www.diariooficial.interior.gob.cl/edicionelectronica/index.php?date=10-03-2026&edition=44396&v=1
10-03-2026,44396,NORMAS GENERALES,"Resolución exenta número 342, de 2026.- Modifica resolución N°1.604 exenta, de 2023, que adopta medidas excepcionales de gestión que indica, en el Programa de Integración Social y Territorial regulado por el decreto N°19, de 2016",CVE-2778977,https://www.diariooficial.interior.gob.cl/publicaciones/2026/03/10/44396/01/2778977.pdf,https://www.diariooficial.interior.gob.cl/edicionelectronica/index.php?date=10-03-2026&edition=44396&v=1
10-03-2026,44396,NORMAS GENERALES,"Resolución exenta número 137, de 2026.- Llama a inscripción para asignación de cupos de viviendas destinadas a familias vulnerables beneficiarias de subsidios habitacionales, a los proyectos seleccionados, Plaza Mayor Lantaño y Barrio Francia, del Programa de Integración Social y Territorial, regulado por decreto Nº 19, de 2016, y sus modificaciones",CVE-2778071,https://www.diariooficial.interior.gob.cl/publicaciones/2026/03/10/44396/01/2778071.pdf,https://www.diariooficial.interior.gob.cl/edicionelectronica/index.php?date=10-03-2026&edition=44396&v=1
10-03-2026,44396,NORMAS GENERALES,"Extracto de resolución exenta número 1.569, de 2026.- Aprueba Planes Anuales de Vigilancia de Enfermedades Endémicas y Exóticas de los Animales Terrestres 2026",CVE-2778089,https://www.diariooficial.interior.gob.cl/publicaciones/2026/03/10/44396/01/2778089.pdf,https://www.diariooficial.interior.gob.cl/edicionelectronica/index.php?date=10-03-2026&edition=44396&v=1
10-03-2026,44396,NORMAS GENERALES,"Resolución exenta número 297, de 2026.- Aprueba Proyecto de Ciclovía Parque Las Violetas, comuna de Cerro Navia",CVE-2779708,https://www.diariooficial.interior.gob.cl/publicaciones/2026/03/10/44396/01/2779708.pdf,https://www.diariooficial.interior.gob.cl/edicionelectronica/index.php?date=10-03-2026&edition=44396&v=1
10-03-2026,44396,NORMAS GENERALES,"Resolución exenta número 663, de 2026.- Prohíbe circulación de vehículos de carga en Ruta 68 en términos que indica",CVE-2781133,https://www.diariooficial.interior.gob.cl/publicaciones/2026/03/10/44396/01/2781133.pdf,https://www.diariooficial.interior.gob.cl/edicionelectronica/index.php?date=10-03-2026&edition=44396&v=1
10-03-2026,44396,NORMAS GENERALES,"Resolución exenta número 609, de 2026.- Prohíbe circulación de vehículos de carga, por Ruta 68, en términos que indica",CVE-2781134,https://www.diariooficial.interior.gob.cl/publicaciones/2026/03/10/44396/01/2781134.pdf,https://www.diariooficial.interior.gob.cl/edicionelectronica/index.php?date=10-03-2026&edition=44396&v=1
10-03-2026,44396,NORMAS GENERALES,"Resolución exenta número 1.064, de 2026.- Da inicio al procedimiento de elaboración del decreto que establece metas de recolección y valorización y otras obligaciones asociadas de textiles, y convoca a representantes para integrar el Comité Operativo Ampliado",CVE-2779727,https://www.diariooficial.interior.gob.cl/publicaciones/2026/03/10/44396/01/2779727.pdf,https://www.diariooficial.interior.gob.cl/edicionelectronica/index.php?date=10-03-2026&edition=44396&v=1
10-03-2026,44396,NORMAS GENERALES,"Resolución exenta número 1.154, de 2026.- Reconoce, por solicitud municipal, Humedal Urbano Rocuant-Andalién Talcahuano, en la comuna de Talcahuano",CVE-2780655,https://www.diariooficial.interior.gob.cl/publicaciones/2026/03/10/44396/01/2780655.pdf,https://www.diariooficial.interior.gob.cl/edicionelectronica/index.php?date=10-03-2026&edition=44396&v=1
10-03-2026,44396,NORMAS GENERALES,"Extracto de resolución exenta número 1.185, de 2026.- Aprueba lista de tipologías de actividades de mitigación priorizadas y contraindicadas para efectos de la autorización de resultados de mitigación de transferencia internacional en el marco del artículo 6 del Acuerdo de París",CVE-2780862,https://www.diariooficial.interior.gob.cl/publicaciones/2026/03/10/44396/01/2780862.pdf,https://www.diariooficial.interior.gob.cl/edicionelectronica/index.php?date=10-03-2026&edition=44396&v=1
10-03-2026,44396,NORMAS GENERALES,"Extracto de Estudio de Impacto Ambiental del proyecto Modificación Planta de Valorización de Materiales Residuales Orgánicos, Rilesur Ltda.",CVE-2780143,https://www.diariooficial.interior.gob.cl/publicaciones/2026/03/10/44396/01/2780143.pdf,https://www.diariooficial.interior.gob.cl/edicionelectronica/index.php?date=10-03-2026&edition=44396&v=1
10-03-2026,44396,NORMAS GENERALES,Certificado Clasificación de riesgo de los estados soberanos,CVE-2780136,https://www.diariooficial.interior.gob.cl/publicaciones/2026/03/10/44396/01/2780136.pdf,https://www.diariooficial.interior.gob.cl/edicionelectronica/index.php?date=10-03-2026&edition=44396&v=1
10-03-2026,44396,NORMAS GENERALES,Certificado Tipos de cambio y paridades de monedas extranjeras para efectos que señala,CVE-2781483,https://www.diariooficial.interior.gob.cl/publicaciones/2026/03/10/44396/01/2781483.pdf,https://www.diariooficial.interior.gob.cl/edicionelectronica/index.php?date=10-03-2026&edition=44396&v=1
10-03-2026,44396,NORMAS GENERALES,"Decreto alcaldicio exento número 156, de 2026.- Aprueba Ordenanza de Beca Municipal Educación Superior Ilustre Municipalidad de Tortel",CVE-2779722,https://www.diariooficial.interior.gob.cl/publicaciones/2026/03/10/44396/01/2779722.pdf,https://www.diariooficial.interior.gob.cl/edicionelectronica/index.php?date=10-03-2026&edition=44396&v=1
10-03-2026,44396-B,NORMAS GENERALES,"Resolución exenta número 928, de 2026.- Imparte instrucciones generales para la aplicación simplificada de la matriz de factores de riesgo en seguridad privada en los casos que indica",CVE-2781576,https://www.diariooficial.interior.gob.cl/publicaciones/2026/03/10/44396-B/01/2781576.pdf,https://www.diariooficial.interior.gob.cl/edicionelectronica/index.php?date=10-03-2026&edition=44396-B&v=2
11-03-2026,44397,NORMAS GENERALES,"Decreto exento número 98, de 2026.- Determina el componente variable para el cálculo del impuesto específico establecido en la ley N° 18.502",CVE-2782254,https://www.diariooficial.interior.gob.cl/publicaciones/2026/03/11/44397/01/2782254.pdf,https://www.diariooficial.interior.gob.cl/edicionelectronica/index.php?date=11-03-2026&edition=44397
11-03-2026,44397,NORMAS GENERALES,"Resolución exenta número 204, de 2026.- Fija procedimiento para resolver solicitudes de acuerdos anticipados de precios de transferencia, cuando se trate de importaciones de mercancías, según el N° 7 del artículo 41 E, de la Ley sobre Impuesto de la Renta",CVE-2781885,https://www.diariooficial.interior.gob.cl/publicaciones/2026/03/11/44397/01/2781885.pdf,https://www.diariooficial.interior.gob.cl/edicionelectronica/index.php?date=11-03-2026&edition=44397
11-03-2026,44397,NORMAS GENERALES,"Decreto número 2, de 2026.- Nombra a don Andrés Álvarez Piñones como Ministro Titular del Tribunal de Propiedad Industrial",CVE-2778077,https://www.diariooficial.interior.gob.cl/publicaciones/2026/03/11/44397/01/2778077.pdf,https://www.diariooficial.interior.gob.cl/edicionelectronica/index.php?date=11-03-2026&edition=44397
11-03-2026,44397,NORMAS GENERALES,"Resolución exenta número 1.031, de 2026.- Declara a los establecimientos educacionales subvencionados que indica como de desempeño de excelencia para los años 2026 y 2027",CVE-2778983,https://www.diariooficial.interior.gob.cl/publicaciones/2026/03/11/44397/01/2778983.pdf,https://www.diariooficial.interior.gob.cl/edicionelectronica/index.php?date=11-03-2026&edition=44397
11-03-2026,44397,NORMAS GENERALES,"Resolución exenta número 1.052, de 2026.- Acepta renuncia voluntaria que indica y designa nueva integrante del Consejo de Calificación Cinematográfica como representante de la Subsecretaría de Educación",CVE-2778927,https://www.diariooficial.interior.gob.cl/publicaciones/2026/03/11/44397/01/2778927.pdf,https://www.diariooficial.interior.gob.cl/edicionelectronica/index.php?date=11-03-2026&edition=44397
11-03-2026,44397,NORMAS GENERALES,"Decreto número 135, de 2025.- Nombra a don Dante Miguel Castillo Guajardo como integrante del Consejo Superior de la Universidad de Antofagasta, en representación del Presidente de la República",CVE-2777084,https://www.diariooficial.interior.gob.cl/publicaciones/2026/03/11/44397/01/2777084.pdf,https://www.diariooficial.interior.gob.cl/edicionelectronica/index.php?date=11-03-2026&edition=44397
11-03-2026,44397,NORMAS GENERALES,"Decreto número 191, de 2025.- Nombra a doña Flavia Pierina Ferretti Fernández como integrante del Consejo Superior de la Universidad de Valparaíso, en representación del Presidente de la República",CVE-2777079,https://www.diariooficial.interior.gob.cl/publicaciones/2026/03/11/44397/01/2777079.pdf,https://www.diariooficial.interior.gob.cl/edicionelectronica/index.php?date=11-03-2026&edition=44397
11-03-2026,44397,NORMAS GENERALES,"Decreto número 218, de 2025.- Acepta renuncia de doña Carolina Olivia Gaínza Cortés y nombra a doña Romina Carolina Ramos Rodríguez como integrante del Consejo Superior de la Universidad de Antofagasta, en representación del Presidente de la República",CVE-2777093,https://www.diariooficial.interior.gob.cl/publicaciones/2026/03/11/44397/01/2777093.pdf,https://www.diariooficial.interior.gob.cl/edicionelectronica/index.php?date=11-03-2026&edition=44397
11-03-2026,44397,NORMAS GENERALES,"Decreto número 2, de 2026.- Nombra a doña Mirna Liliana Brauning Wistuba como integrante del Consejo Superior de la Universidad Arturo Prat, en representación del Presidente de la República",CVE-2777067,https://www.diariooficial.interior.gob.cl/publicaciones/2026/03/11/44397/01/2777067.pdf,https://www.diariooficial.interior.gob.cl/edicionelectronica/index.php?date=11-03-2026&edition=44397
11-03-2026,44397,NORMAS GENERALES,"Decreto número 4, de 2026.- Designa a don Cristian Iván Bellei Carvacho como integrante del Consejo Universitario de la Universidad de Chile, en representación del Presidente de la República",CVE-2777078,https://www.diariooficial.interior.gob.cl/publicaciones/2026/03/11/44397/01/2777078.pdf,https://www.diariooficial.interior.gob.cl/edicionelectronica/index.php?date=11-03-2026&edition=44397
11-03-2026,44397,NORMAS GENERALES,"Extracto de resolución exenta número 181, de 2026.- Aprueba circular que imparte instrucciones sobre el uso de dispositivos móviles electrónicos de comunicación personal en los establecimientos educacionales",CVE-2779917,https://www.diariooficial.interior.gob.cl/publicaciones/2026/03/11/44397/01/2779917.pdf,https://www.diariooficial.interior.gob.cl/edicionelectronica/index.php?date=11-03-2026&edition=44397
11-03-2026,44397,NORMAS GENERALES,"Resolución exenta número CP 4.402, de 2026.- Declara zona de riesgo sanitario a la comuna de Curarrehue",CVE-2779000,https://www.diariooficial.interior.gob.cl/publicaciones/2026/03/11/44397/01/2779000.pdf,https://www.diariooficial.interior.gob.cl/edicionelectronica/index.php?date=11-03-2026&edition=44397
11-03-2026,44397,NORMAS GENERALES,"Resolución exenta número 1.568, de 2026.- Declara a la Región de O'Higgins provisionalmente libre de brucelosis bovina",CVE-2778048,https://www.diariooficial.interior.gob.cl/publicaciones/2026/03/11/44397/01/2778048.pdf,https://www.diariooficial.interior.gob.cl/edicionelectronica/index.php?date=11-03-2026&edition=44397
11-03-2026,44397,NORMAS GENERALES,"Resolución exenta número 101, de 2026.- Se declara término a la vigilancia intensiva ante la detección de un único ejemplar de Mosca del Mediterráneo (Ceratitis capitata Wied), en la comuna de Vallenar, provincia de Huasco",CVE-2778925,https://www.diariooficial.interior.gob.cl/publicaciones/2026/03/11/44397/01/2778925.pdf,https://www.diariooficial.interior.gob.cl/edicionelectronica/index.php?date=11-03-2026&edition=44397
11-03-2026,44397,NORMAS GENERALES,"Decreto exento número 75, de 2026.- Determina precios de referencia para combustibles derivados del petróleo",CVE-2782278,https://www.diariooficial.interior.gob.cl/publicaciones/2026/03/11/44397/01/2782278.pdf,https://www.diariooficial.interior.gob.cl/edicionelectronica/index.php?date=11-03-2026&edition=44397
11-03-2026,44397,NORMAS GENERALES,"Decreto exento número 76, de 2026.- Fija precios de paridad para combustibles derivados del petróleo",CVE-2782279,https://www.diariooficial.interior.gob.cl/publicaciones/2026/03/11/44397/01/2782279.pdf,https://www.diariooficial.interior.gob.cl/edicionelectronica/index.php?date=11-03-2026&edition=44397
11-03-2026,44397,NORMAS GENERALES,"Decreto exento número 77, de 2026.- Fija precios de referencia y paridad para kerosene doméstico",CVE-2782280,https://www.diariooficial.interior.gob.cl/publicaciones/2026/03/11/44397/01/2782280.pdf,https://www.diariooficial.interior.gob.cl/edicionelectronica/index.php?date=11-03-2026&edition=44397
11-03-2026,44397,NORMAS GENERALES,"Resolución exenta número 1.011, de 2026.- Homologa el Santuario de la Naturaleza Quebrada de la Plata, en la comuna de Maipú, a la categoría de Monumento Natural del Sistema Nacional de Áreas Protegidas",CVE-2780131,https://www.diariooficial.interior.gob.cl/publicaciones/2026/03/11/44397/01/2780131.pdf,https://www.diariooficial.interior.gob.cl/edicionelectronica/index.php?date=11-03-2026&edition=44397
11-03-2026,44397,NORMAS GENERALES,"Resolución exenta número 1.012, de 2026.- Homologa el Santuario de la Naturaleza El Ajial, en la comuna de Paine, a la Categoría de Reserva Nacional del Sistema Nacional de Áreas Protegidas",CVE-2780130,https://www.diariooficial.interior.gob.cl/publicaciones/2026/03/11/44397/01/2780130.pdf,https://www.diariooficial.interior.gob.cl/edicionelectronica/index.php?date=11-03-2026&edition=44397
11-03-2026,44397,NORMAS GENERALES,"Resolución exenta número 1.013, de 2026.- Homologa el Santuario de la Naturaleza San Juan de Piche, en la comuna de Alhué, a la categoría de Reserva Nacional del Sistema Nacional de Áreas Protegidas",CVE-2780129,https://www.diariooficial.interior.gob.cl/publicaciones/2026/03/11/44397/01/2780129.pdf,https://www.diariooficial.interior.gob.cl/edicionelectronica/index.php?date=11-03-2026&edition=44397
11-03-2026,44397,NORMAS GENERALES,"Resolución exenta número 1.014, de 2026.- Homologa el Santuario de la Naturaleza Las Torcazas de Pirque, en la comuna de Pirque, a la categoría de Reserva Nacional del Sistema Nacional de Áreas Protegidas",CVE-2780128,https://www.diariooficial.interior.gob.cl/publicaciones/2026/03/11/44397/01/2780128.pdf,https://www.diariooficial.interior.gob.cl/edicionelectronica/index.php?date=11-03-2026&edition=44397
11-03-2026,44397,NORMAS GENERALES,"Resolución exenta número 1.118, de 2026.- Homologa el Santuario de la Naturaleza San Francisco de Lagunillas y Quillayal, en la comuna de San José de Maipo, a la categoría de Reserva Nacional del Sistema Nacional de Áreas Protegidas",CVE-2780127,https://www.diariooficial.interior.gob.cl/publicaciones/2026/03/11/44397/01/2780127.pdf,https://www.diariooficial.interior.gob.cl/edicionelectronica/index.php?date=11-03-2026&edition=44397
11-03-2026,44397,NORMAS GENERALES,"Extracto de resolución exenta número 8.922, de 2025.- Aprueba Anteproyecto de las Normas Secundarias de Calidad Ambiental para la Protección de las Aguas Continentales Superficiales de la Cuenca del Río Rapel, y lo somete a consulta pública",CVE-2779742,https://www.diariooficial.interior.gob.cl/publicaciones/2026/03/11/44397/01/2779742.pdf,https://www.diariooficial.interior.gob.cl/edicionelectronica/index.php?date=11-03-2026&edition=44397
11-03-2026,44397,NORMAS GENERALES,"Extracto de resolución exenta número 397, de 2026.- Establece Lineamientos Técnicos de Integridad Ambiental y Social para las Actividades de Mitigación bajo el Artículo 6.2 del Acuerdo de París",CVE-2780838,https://www.diariooficial.interior.gob.cl/publicaciones/2026/03/11/44397/01/2780838.pdf,https://www.diariooficial.interior.gob.cl/edicionelectronica/index.php?date=11-03-2026&edition=44397
11-03-2026,44397,NORMAS GENERALES,"Extracto de resolución exenta número 498, de 2026.- Aprueba lineamientos técnicos generales para el proceso de autorización de entidades participantes y entidades operacionales",CVE-2780837,https://www.diariooficial.interior.gob.cl/publicaciones/2026/03/11/44397/01/2780837.pdf,https://www.diariooficial.interior.gob.cl/edicionelectronica/index.php?date=11-03-2026&edition=44397
11-03-2026,44397,NORMAS GENERALES,"Extracto de resolución exenta número 499, de 2026.- Aprueba guía técnica y lista de verificación de criterios para la validación de metodologías de reducción o absorción de emisiones",CVE-2780836,https://www.diariooficial.interior.gob.cl/publicaciones/2026/03/11/44397/01/2780836.pdf,https://www.diariooficial.interior.gob.cl/edicionelectronica/index.php?date=11-03-2026&edition=44397
11-03-2026,44397,NORMAS GENERALES,"Extracto de resolución exenta número 538, de 2026.- Aprueba Regulación Interna del Funcionamiento del Comité Nacional para la Implementación del Artículo 6 del Acuerdo de París",CVE-2780839,https://www.diariooficial.interior.gob.cl/publicaciones/2026/03/11/44397/01/2780839.pdf,https://www.diariooficial.interior.gob.cl/edicionelectronica/index.php?date=11-03-2026&edition=44397
11-03-2026,44397,NORMAS GENERALES,"Extracto de resolución exenta número 2026990018, de 2026.- Notifica Resolución de Calificación Ambiental del Estudio de Impacto Ambiental del proyecto Parque Eólico Fénix",CVE-2780112,https://www.diariooficial.interior.gob.cl/publicaciones/2026/03/11/44397/01/2780112.pdf,https://www.diariooficial.interior.gob.cl/edicionelectronica/index.php?date=11-03-2026&edition=44397
11-03-2026,44397,NORMAS GENERALES,"Resolución exenta número 261, de 2026.- Formaliza designación de don Pablo Alejandro Perelman Ide como integrante del Consejo del Arte y la Industria Audiovisual",CVE-2778931,https://www.diariooficial.interior.gob.cl/publicaciones/2026/03/11/44397/01/2778931.pdf,https://www.diariooficial.interior.gob.cl/edicionelectronica/index.php?date=11-03-2026&edition=44397
11-03-2026,44397,NORMAS GENERALES,"Resolución exenta número 851, de 2026.- Fija vía de acceso a la playa Las Sirenas, comuna de Vichuquén, provincia de Curicó, Región del Maule",CVE-2777239,https://www.diariooficial.interior.gob.cl/publicaciones/2026/03/11/44397/01/2777239.pdf,https://www.diariooficial.interior.gob.cl/edicionelectronica/index.php?date=11-03-2026&edition=44397
11-03-2026,44397,NORMAS GENERALES,Certificado Tipos de cambio y paridades de monedas extranjeras para efectos que señala,CVE-2782297,https://www.diariooficial.interior.gob.cl/publicaciones/2026/03/11/44397/01/2782297.pdf,https://www.diariooficial.interior.gob.cl/edicionelectronica/index.php?date=11-03-2026&edition=44397
