Año,Mes,ID,Fecha,Estado,Citacion,Cuenta,Acta
2026,Marzo,4,25 mar. 2026,Celebrada,https://www.camara.cl/legislacion/comisiones/citacion_detalle.aspx?prmId=4890&prmIdSesion=81422,https://www.camara.cl/verDoc.aspx?prmID=264004&prmTipo=DOCUMENTO_COMISIONSESIONCUENTA,No
2026,Marzo,3,24 mar. 2026,Celebrada,https://www.camara.cl/legislacion/comisiones/citacion_detalle.aspx?prmId=4890&prmIdSesion=81396,No,No
2026,Marzo,2,24 mar. 2026,Celebrada,https://www.camara.cl/legislacion/comisiones/citacion_detalle.aspx?prmId=4890&prmIdSesion=81416,https://www.camara.cl/verDoc.aspx?prmID=263851&prmTipo=DOCUMENTO_COMISIONSESIONCUENTA,https://www.camara.cl/verDoc.aspx?prmID=264040&prmTipo=DOCUMENTO_COMISIONSESIONACTA
2026,Marzo,1,17 mar. 2026,Celebrada,https://www.camara.cl/legislacion/comisiones/citacion_detalle.aspx?prmId=4890&prmIdSesion=81369,https://www.camara.cl/verDoc.aspx?prmID=263227&prmTipo=DOCUMENTO_COMISIONSESIONCUENTA,https://www.camara.cl/verDoc.aspx?prmID=263462&prmTipo=DOCUMENTO_COMISIONSESIONACTA
2026,Marzo,392,03 mar. 2026,Celebrada,https://www.camara.cl/legislacion/comisiones/citacion_detalle.aspx?prmId=4890&prmIdSesion=81352,https://www.camara.cl/verDoc.aspx?prmID=251902&prmTipo=DOCUMENTO_COMISIONSESIONCUENTA,https://www.camara.cl/verDoc.aspx?prmID=13070&prmTipo=DOCUMENTO_COMISIONSESIONACTA
2026,Enero,391,28 ene. 2026,Celebrada,https://www.camara.cl/legislacion/comisiones/citacion_detalle.aspx?prmId=4890&prmIdSesion=81276,https://www.camara.cl/verDoc.aspx?prmID=258641&prmTipo=DOCUMENTO_COMISIONSESIONCUENTA,https://www.camara.cl/verDoc.aspx?prmID=19647&prmTipo=DOCUMENTO_COMISIONSESIONACTA
2026,Enero,390,27 ene. 2026,Celebrada,https://www.camara.cl/legislacion/comisiones/citacion_detalle.aspx?prmId=4890&prmIdSesion=81245,https://www.camara.cl/verDoc.aspx?prmID=251009&prmTipo=DOCUMENTO_COMISIONSESIONCUENTA,https://www.camara.cl/verDoc.aspx?prmID=12181&prmTipo=DOCUMENTO_COMISIONSESIONACTA
2026,Enero,389,27 ene. 2026,Celebrada,https://www.camara.cl/legislacion/comisiones/citacion_detalle.aspx?prmId=4890&prmIdSesion=81271,https://www.camara.cl/verDoc.aspx?prmID=246658&prmTipo=DOCUMENTO_COMISIONSESIONCUENTA,https://www.camara.cl/verDoc.aspx?prmID=404&prmTipo=DOCUMENTO_COMISIONSESIONACTA
2026,Enero,388,26 ene. 2026,Celebrada,https://www.camara.cl/legislacion/comisiones/citacion_detalle.aspx?prmId=4890&prmIdSesion=81240,https://www.camara.cl/verDoc.aspx?prmID=251008&prmTipo=DOCUMENTO_COMISIONSESIONCUENTA,https://www.camara.cl/verDoc.aspx?prmID=12180&prmTipo=DOCUMENTO_COMISIONSESIONACTA
2026,Enero,387,21 ene. 2026,Celebrada,https://www.camara.cl/legislacion/comisiones/citacion_detalle.aspx?prmId=4890&prmIdSesion=81216,https://www.camara.cl/verDoc.aspx?prmID=259998&prmTipo=DOCUMENTO_COMISIONSESIONCUENTA,https://www.camara.cl/verDoc.aspx?prmID=20942&prmTipo=DOCUMENTO_COMISIONSESIONACTA
2026,Enero,386,20 ene. 2026,Celebrada,https://www.camara.cl/legislacion/comisiones/citacion_detalle.aspx?prmId=4890&prmIdSesion=81211,https://www.camara.cl/verDoc.aspx?prmID=257020&prmTipo=DOCUMENTO_COMISIONSESIONCUENTA,https://www.camara.cl/verDoc.aspx?prmID=18077&prmTipo=DOCUMENTO_COMISIONSESIONACTA
2026,Enero,385,20 ene. 2026,Celebrada,https://www.camara.cl/legislacion/comisiones/citacion_detalle.aspx?prmId=4890&prmIdSesion=81210,https://www.camara.cl/verDoc.aspx?prmID=257019&prmTipo=DOCUMENTO_COMISIONSESIONCUENTA,https://www.camara.cl/verDoc.aspx?prmID=18076&prmTipo=DOCUMENTO_COMISIONSESIONACTA
2026,Enero,384,19 ene. 2026,Celebrada,https://www.camara.cl/legislacion/comisiones/citacion_detalle.aspx?prmId=4890&prmIdSesion=81200,https://www.camara.cl/verDoc.aspx?prmID=256264&prmTipo=DOCUMENTO_COMISIONSESIONCUENTA,https://www.camara.cl/verDoc.aspx?prmID=17344&prmTipo=DOCUMENTO_COMISIONSESIONACTA
2026,Enero,384,14 ene. 2026,Suspendida,https://www.camara.cl/legislacion/comisiones/citacion_detalle.aspx?prmId=4890&prmIdSesion=81178,No,No
2026,Enero,383,13 ene. 2026,Celebrada,https://www.camara.cl/legislacion/comisiones/citacion_detalle.aspx?prmId=4890&prmIdSesion=81167,https://www.camara.cl/verDoc.aspx?prmID=256199&prmTipo=DOCUMENTO_COMISIONSESIONCUENTA,No
2026,Enero,382,12 ene. 2026,Celebrada,https://www.camara.cl/legislacion/comisiones/citacion_detalle.aspx?prmId=4890&prmIdSesion=81149,https://www.camara.cl/verDoc.aspx?prmID=254644&prmTipo=DOCUMENTO_COMISIONSESIONCUENTA,https://www.camara.cl/verDoc.aspx?prmID=15746&prmTipo=DOCUMENTO_COMISIONSESIONACTA
2026,Enero,381,07 ene. 2026,Celebrada,https://www.camara.cl/legislacion/comisiones/citacion_detalle.aspx?prmId=4890&prmIdSesion=81137,https://www.camara.cl/verDoc.aspx?prmID=246451&prmTipo=DOCUMENTO_COMISIONSESIONCUENTA,https://www.camara.cl/verDoc.aspx?prmID=200&prmTipo=DOCUMENTO_COMISIONSESIONACTA
2026,Enero,380,07 ene. 2026,Celebrada,https://www.camara.cl/legislacion/comisiones/citacion_detalle.aspx?prmId=4890&prmIdSesion=81134,https://www.camara.cl/verDoc.aspx?prmID=246450&prmTipo=DOCUMENTO_COMISIONSESIONCUENTA,https://www.camara.cl/verDoc.aspx?prmID=199&prmTipo=DOCUMENTO_COMISIONSESIONACTA
2026,Enero,379,07 ene. 2026,Celebrada,https://www.camara.cl/legislacion/comisiones/citacion_detalle.aspx?prmId=4890&prmIdSesion=81133,https://www.camara.cl/verDoc.aspx?prmID=249820&prmTipo=DOCUMENTO_COMISIONSESIONCUENTA,https://www.camara.cl/verDoc.aspx?prmID=10999&prmTipo=DOCUMENTO_COMISIONSESIONACTA
2026,Enero,378,07 ene. 2026,Celebrada,https://www.camara.cl/legislacion/comisiones/citacion_detalle.aspx?prmId=4890&prmIdSesion=81132,https://www.camara.cl/verDoc.aspx?prmID=249818&prmTipo=DOCUMENTO_COMISIONSESIONCUENTA,https://www.camara.cl/verDoc.aspx?prmID=10997&prmTipo=DOCUMENTO_COMISIONSESIONACTA
2026,Enero,377,06 ene. 2026,Celebrada,https://www.camara.cl/legislacion/comisiones/citacion_detalle.aspx?prmId=4890&prmIdSesion=81126,https://www.camara.cl/verDoc.aspx?prmID=255105&prmTipo=DOCUMENTO_COMISIONSESIONCUENTA,No
2026,Enero,377,06 ene. 2026,Suspendida,https://www.camara.cl/legislacion/comisiones/citacion_detalle.aspx?prmId=4890&prmIdSesion=81125,No,No
2025,Diciembre,376,17 dic. 2025,Celebrada,https://www.camara.cl/legislacion/comisiones/citacion_detalle.aspx?prmId=4890&prmIdSesion=81090,https://www.camara.cl/verDoc.aspx?prmID=251387&prmTipo=DOCUMENTO_COMISIONSESIONCUENTA,https://www.camara.cl/verDoc.aspx?prmID=12553&prmTipo=DOCUMENTO_COMISIONSESIONACTA
2025,Diciembre,375,16 dic. 2025,Celebrada,https://www.camara.cl/legislacion/comisiones/citacion_detalle.aspx?prmId=4890&prmIdSesion=81088,https://www.camara.cl/verDoc.aspx?prmID=252203&prmTipo=DOCUMENTO_COMISIONSESIONCUENTA,https://www.camara.cl/verDoc.aspx?prmID=13364&prmTipo=DOCUMENTO_COMISIONSESIONACTA
2025,Diciembre,374,10 dic. 2025,Celebrada,https://www.camara.cl/legislacion/comisiones/citacion_detalle.aspx?prmId=4890&prmIdSesion=81057,https://www.camara.cl/verDoc.aspx?prmID=254599&prmTipo=DOCUMENTO_COMISIONSESIONCUENTA,https://www.camara.cl/verDoc.aspx?prmID=15704&prmTipo=DOCUMENTO_COMISIONSESIONACTA
2025,Diciembre,374,10 dic. 2025,Suspendida,https://www.camara.cl/legislacion/comisiones/citacion_detalle.aspx?prmId=4890&prmIdSesion=81054,No,No
2025,Diciembre,373,09 dic. 2025,Celebrada,https://www.camara.cl/legislacion/comisiones/citacion_detalle.aspx?prmId=4890&prmIdSesion=81039,https://www.camara.cl/verDoc.aspx?prmID=251005&prmTipo=DOCUMENTO_COMISIONSESIONCUENTA,https://www.camara.cl/verDoc.aspx?prmID=12177&prmTipo=DOCUMENTO_COMISIONSESIONACTA
2025,Diciembre,372,03 dic. 2025,Celebrada,https://www.camara.cl/legislacion/comisiones/citacion_detalle.aspx?prmId=4890&prmIdSesion=81024,https://www.camara.cl/verDoc.aspx?prmID=251492&prmTipo=DOCUMENTO_COMISIONSESIONCUENTA,https://www.camara.cl/verDoc.aspx?prmID=12653&prmTipo=DOCUMENTO_COMISIONSESIONACTA
2025,Diciembre,371,03 dic. 2025,Celebrada,https://www.camara.cl/legislacion/comisiones/citacion_detalle.aspx?prmId=4890&prmIdSesion=81023,https://www.camara.cl/verDoc.aspx?prmID=251488&prmTipo=DOCUMENTO_COMISIONSESIONCUENTA,https://www.camara.cl/verDoc.aspx?prmID=12650&prmTipo=DOCUMENTO_COMISIONSESIONACTA
2025,Diciembre,370,02 dic. 2025,Celebrada,https://www.camara.cl/legislacion/comisiones/citacion_detalle.aspx?prmId=4890&prmIdSesion=81012,https://www.camara.cl/verDoc.aspx?prmID=257743&prmTipo=DOCUMENTO_COMISIONSESIONCUENTA,https://www.camara.cl/verDoc.aspx?prmID=18781&prmTipo=DOCUMENTO_COMISIONSESIONACTA
2025,Diciembre,370,02 dic. 2025,Suspendida,https://www.camara.cl/legislacion/comisiones/citacion_detalle.aspx?prmId=4890&prmIdSesion=81011,No,No
2025,Diciembre,369,01 dic. 2025,Celebrada,https://www.camara.cl/legislacion/comisiones/citacion_detalle.aspx?prmId=4890&prmIdSesion=81010,https://www.camara.cl/verDoc.aspx?prmID=257742&prmTipo=DOCUMENTO_COMISIONSESIONCUENTA,https://www.camara.cl/verDoc.aspx?prmID=18780&prmTipo=DOCUMENTO_COMISIONSESIONACTA
2025,Noviembre,368,25 nov. 2025,Celebrada,https://www.camara.cl/legislacion/comisiones/citacion_detalle.aspx?prmId=4890&prmIdSesion=80987,https://www.camara.cl/verDoc.aspx?prmID=251098&prmTipo=DOCUMENTO_COMISIONSESIONCUENTA,https://www.camara.cl/verDoc.aspx?prmID=12268&prmTipo=DOCUMENTO_COMISIONSESIONACTA
2025,Noviembre,367,25 nov. 2025,Celebrada,https://www.camara.cl/legislacion/comisiones/citacion_detalle.aspx?prmId=4890&prmIdSesion=80986,https://www.camara.cl/verDoc.aspx?prmID=251097&prmTipo=DOCUMENTO_COMISIONSESIONCUENTA,https://www.camara.cl/verDoc.aspx?prmID=12267&prmTipo=DOCUMENTO_COMISIONSESIONACTA
2025,Noviembre,367,24 nov. 2025,Suspendida,https://www.camara.cl/legislacion/comisiones/citacion_detalle.aspx?prmId=4890&prmIdSesion=80979,No,No
2025,Noviembre,366,04 nov. 2025,Celebrada,https://www.camara.cl/legislacion/comisiones/citacion_detalle.aspx?prmId=4890&prmIdSesion=80907,https://www.camara.cl/verDoc.aspx?prmID=259155&prmTipo=DOCUMENTO_COMISIONSESIONCUENTA,https://www.camara.cl/verDoc.aspx?prmID=20136&prmTipo=DOCUMENTO_COMISIONSESIONACTA
2025,Noviembre,365,04 nov. 2025,Celebrada,https://www.camara.cl/legislacion/comisiones/citacion_detalle.aspx?prmId=4890&prmIdSesion=80906,https://www.camara.cl/verDoc.aspx?prmID=259154&prmTipo=DOCUMENTO_COMISIONSESIONCUENTA,https://www.camara.cl/verDoc.aspx?prmID=20135&prmTipo=DOCUMENTO_COMISIONSESIONACTA
2025,Octubre,364,29 oct. 2025,Celebrada,https://www.camara.cl/legislacion/comisiones/citacion_detalle.aspx?prmId=4890&prmIdSesion=80890,https://www.camara.cl/verDoc.aspx?prmID=256594&prmTipo=DOCUMENTO_COMISIONSESIONCUENTA,https://www.camara.cl/verDoc.aspx?prmID=17664&prmTipo=DOCUMENTO_COMISIONSESIONACTA
2025,Octubre,363,28 oct. 2025,Celebrada,https://www.camara.cl/legislacion/comisiones/citacion_detalle.aspx?prmId=4890&prmIdSesion=80887,https://www.camara.cl/verDoc.aspx?prmID=258733&prmTipo=DOCUMENTO_COMISIONSESIONCUENTA,https://www.camara.cl/verDoc.aspx?prmID=19736&prmTipo=DOCUMENTO_COMISIONSESIONACTA
2025,Octubre,362,27 oct. 2025,Celebrada,https://www.camara.cl/legislacion/comisiones/citacion_detalle.aspx?prmId=4890&prmIdSesion=80877,https://www.camara.cl/verDoc.aspx?prmID=254640&prmTipo=DOCUMENTO_COMISIONSESIONCUENTA,https://www.camara.cl/verDoc.aspx?prmID=15742&prmTipo=DOCUMENTO_COMISIONSESIONACTA
2025,Octubre,361,15 oct. 2025,Celebrada,https://www.camara.cl/legislacion/comisiones/citacion_detalle.aspx?prmId=4890&prmIdSesion=80851,https://www.camara.cl/verDoc.aspx?prmID=246351&prmTipo=DOCUMENTO_COMISIONSESIONCUENTA,https://www.camara.cl/verDoc.aspx?prmID=105&prmTipo=DOCUMENTO_COMISIONSESIONACTA
2025,Octubre,361,14 oct. 2025,Suspendida,https://www.camara.cl/legislacion/comisiones/citacion_detalle.aspx?prmId=4890&prmIdSesion=80820,No,No
2025,Octubre,360,14 oct. 2025,Celebrada,https://www.camara.cl/legislacion/comisiones/citacion_detalle.aspx?prmId=4890&prmIdSesion=80819,https://www.camara.cl/verDoc.aspx?prmID=257486&prmTipo=DOCUMENTO_COMISIONSESIONCUENTA,https://www.camara.cl/verDoc.aspx?prmID=18534&prmTipo=DOCUMENTO_COMISIONSESIONACTA
2025,Octubre,360,08 oct. 2025,Suspendida,https://www.camara.cl/legislacion/comisiones/citacion_detalle.aspx?prmId=4890&prmIdSesion=80811,No,No
2025,Octubre,359,07 oct. 2025,Celebrada,https://www.camara.cl/legislacion/comisiones/citacion_detalle.aspx?prmId=4890&prmIdSesion=80792,https://www.camara.cl/verDoc.aspx?prmID=251166&prmTipo=DOCUMENTO_COMISIONSESIONCUENTA,https://www.camara.cl/verDoc.aspx?prmID=12335&prmTipo=DOCUMENTO_COMISIONSESIONACTA
2025,Octubre,358,06 oct. 2025,Celebrada,https://www.camara.cl/legislacion/comisiones/citacion_detalle.aspx?prmId=4890&prmIdSesion=80785,https://www.camara.cl/verDoc.aspx?prmID=251001&prmTipo=DOCUMENTO_COMISIONSESIONCUENTA,https://www.camara.cl/verDoc.aspx?prmID=12172&prmTipo=DOCUMENTO_COMISIONSESIONACTA
2025,Octubre,358,01 oct. 2025,Suspendida,https://www.camara.cl/legislacion/comisiones/citacion_detalle.aspx?prmId=4890&prmIdSesion=80774,No,No
2025,Septiembre,357,30 sep. 2025,Celebrada,https://www.camara.cl/legislacion/comisiones/citacion_detalle.aspx?prmId=4890&prmIdSesion=80752,https://www.camara.cl/verDoc.aspx?prmID=246976&prmTipo=DOCUMENTO_COMISIONSESIONCUENTA,https://www.camara.cl/verDoc.aspx?prmID=715&prmTipo=DOCUMENTO_COMISIONSESIONACTA
2025,Septiembre,356,30 sep. 2025,Celebrada,https://www.camara.cl/legislacion/comisiones/citacion_detalle.aspx?prmId=4890&prmIdSesion=80751,https://www.camara.cl/verDoc.aspx?prmID=246975&prmTipo=DOCUMENTO_COMISIONSESIONCUENTA,https://www.camara.cl/verDoc.aspx?prmID=714&prmTipo=DOCUMENTO_COMISIONSESIONACTA
2025,Septiembre,356,29 sep. 2025,Suspendida,https://www.camara.cl/legislacion/comisiones/citacion_detalle.aspx?prmId=4890&prmIdSesion=80750,No,No
2025,Septiembre,355,17 sep. 2025,Celebrada,https://www.camara.cl/legislacion/comisiones/citacion_detalle.aspx?prmId=4890&prmIdSesion=80725,https://www.camara.cl/verDoc.aspx?prmID=251155&prmTipo=DOCUMENTO_COMISIONSESIONCUENTA,https://www.camara.cl/verDoc.aspx?prmID=12324&prmTipo=DOCUMENTO_COMISIONSESIONACTA
2025,Septiembre,354,16 sep. 2025,Celebrada,https://www.camara.cl/legislacion/comisiones/citacion_detalle.aspx?prmId=4890&prmIdSesion=80711,https://www.camara.cl/verDoc.aspx?prmID=258305&prmTipo=DOCUMENTO_COMISIONSESIONCUENTA,https://www.camara.cl/verDoc.aspx?prmID=19317&prmTipo=DOCUMENTO_COMISIONSESIONACTA
2025,Septiembre,353,16 sep. 2025,Celebrada,https://www.camara.cl/legislacion/comisiones/citacion_detalle.aspx?prmId=4890&prmIdSesion=80710,https://www.camara.cl/verDoc.aspx?prmID=258304&prmTipo=DOCUMENTO_COMISIONSESIONCUENTA,https://www.camara.cl/verDoc.aspx?prmID=19316&prmTipo=DOCUMENTO_COMISIONSESIONACTA
2025,Septiembre,352,15 sep. 2025,Celebrada,https://www.camara.cl/legislacion/comisiones/citacion_detalle.aspx?prmId=4890&prmIdSesion=80709,https://www.camara.cl/verDoc.aspx?prmID=258303&prmTipo=DOCUMENTO_COMISIONSESIONCUENTA,https://www.camara.cl/verDoc.aspx?prmID=19315&prmTipo=DOCUMENTO_COMISIONSESIONACTA
2025,Septiembre,351,10 sep. 2025,Celebrada,https://www.camara.cl/legislacion/comisiones/citacion_detalle.aspx?prmId=4890&prmIdSesion=80675,https://www.camara.cl/verDoc.aspx?prmID=258724&prmTipo=DOCUMENTO_COMISIONSESIONCUENTA,https://www.camara.cl/verDoc.aspx?prmID=19727&prmTipo=DOCUMENTO_COMISIONSESIONACTA
2025,Septiembre,350,09 sep. 2025,Celebrada,https://www.camara.cl/legislacion/comisiones/citacion_detalle.aspx?prmId=4890&prmIdSesion=80670,https://www.camara.cl/verDoc.aspx?prmID=258723&prmTipo=DOCUMENTO_COMISIONSESIONCUENTA,https://www.camara.cl/verDoc.aspx?prmID=19726&prmTipo=DOCUMENTO_COMISIONSESIONACTA
2025,Septiembre,349,03 sep. 2025,Celebrada,https://www.camara.cl/legislacion/comisiones/citacion_detalle.aspx?prmId=4890&prmIdSesion=80656,https://www.camara.cl/verDoc.aspx?prmID=251433&prmTipo=DOCUMENTO_COMISIONSESIONCUENTA,https://www.camara.cl/verDoc.aspx?prmID=12596&prmTipo=DOCUMENTO_COMISIONSESIONACTA
2025,Septiembre,348,02 sep. 2025,Celebrada,https://www.camara.cl/legislacion/comisiones/citacion_detalle.aspx?prmId=4890&prmIdSesion=80629,https://www.camara.cl/verDoc.aspx?prmID=254294&prmTipo=DOCUMENTO_COMISIONSESIONCUENTA,https://www.camara.cl/verDoc.aspx?prmID=15411&prmTipo=DOCUMENTO_COMISIONSESIONACTA
2025,Agosto,347,20 ago. 2025,Celebrada,https://www.camara.cl/legislacion/comisiones/citacion_detalle.aspx?prmId=4890&prmIdSesion=80590,https://www.camara.cl/verDoc.aspx?prmID=258287&prmTipo=DOCUMENTO_COMISIONSESIONCUENTA,https://www.camara.cl/verDoc.aspx?prmID=19298&prmTipo=DOCUMENTO_COMISIONSESIONACTA
2025,Agosto,346,19 ago. 2025,Celebrada,https://www.camara.cl/legislacion/comisiones/citacion_detalle.aspx?prmId=4890&prmIdSesion=80573,https://www.camara.cl/verDoc.aspx?prmID=252254&prmTipo=DOCUMENTO_COMISIONSESIONCUENTA,https://www.camara.cl/verDoc.aspx?prmID=13411&prmTipo=DOCUMENTO_COMISIONSESIONACTA
2025,Agosto,345,13 ago. 2025,Celebrada,https://www.camara.cl/legislacion/comisiones/citacion_detalle.aspx?prmId=4890&prmIdSesion=80549,https://www.camara.cl/verDoc.aspx?prmID=251121&prmTipo=DOCUMENTO_COMISIONSESIONCUENTA,https://www.camara.cl/verDoc.aspx?prmID=12291&prmTipo=DOCUMENTO_COMISIONSESIONACTA
2025,Agosto,344,13 ago. 2025,Celebrada,https://www.camara.cl/legislacion/comisiones/citacion_detalle.aspx?prmId=4890&prmIdSesion=80552,https://www.camara.cl/verDoc.aspx?prmID=258282&prmTipo=DOCUMENTO_COMISIONSESIONCUENTA,https://www.camara.cl/verDoc.aspx?prmID=19293&prmTipo=DOCUMENTO_COMISIONSESIONACTA
2025,Agosto,343,12 ago. 2025,Celebrada,https://www.camara.cl/legislacion/comisiones/citacion_detalle.aspx?prmId=4890&prmIdSesion=80548,https://www.camara.cl/verDoc.aspx?prmID=251120&prmTipo=DOCUMENTO_COMISIONSESIONCUENTA,https://www.camara.cl/verDoc.aspx?prmID=12290&prmTipo=DOCUMENTO_COMISIONSESIONACTA
2025,Agosto,342,11 ago. 2025,Celebrada,https://www.camara.cl/legislacion/comisiones/citacion_detalle.aspx?prmId=4890&prmIdSesion=80524,https://www.camara.cl/verDoc.aspx?prmID=252253&prmTipo=DOCUMENTO_COMISIONSESIONCUENTA,https://www.camara.cl/verDoc.aspx?prmID=13410&prmTipo=DOCUMENTO_COMISIONSESIONACTA
2025,Agosto,341,06 ago. 2025,Celebrada,https://www.camara.cl/legislacion/comisiones/citacion_detalle.aspx?prmId=4890&prmIdSesion=80500,https://www.camara.cl/verDoc.aspx?prmID=251116&prmTipo=DOCUMENTO_COMISIONSESIONCUENTA,https://www.camara.cl/verDoc.aspx?prmID=12286&prmTipo=DOCUMENTO_COMISIONSESIONACTA
2025,Agosto,340,06 ago. 2025,Celebrada,https://www.camara.cl/legislacion/comisiones/citacion_detalle.aspx?prmId=4890&prmIdSesion=80512,https://www.camara.cl/verDoc.aspx?prmID=256260&prmTipo=DOCUMENTO_COMISIONSESIONCUENTA,https://www.camara.cl/verDoc.aspx?prmID=17341&prmTipo=DOCUMENTO_COMISIONSESIONACTA
2025,Agosto,339,05 ago. 2025,Celebrada,https://www.camara.cl/legislacion/comisiones/citacion_detalle.aspx?prmId=4890&prmIdSesion=80494,https://www.camara.cl/verDoc.aspx?prmID=259456&prmTipo=DOCUMENTO_COMISIONSESIONCUENTA,https://www.camara.cl/verDoc.aspx?prmID=20419&prmTipo=DOCUMENTO_COMISIONSESIONACTA
2025,Agosto,338,04 ago. 2025,Celebrada,https://www.camara.cl/legislacion/comisiones/citacion_detalle.aspx?prmId=4890&prmIdSesion=80468,https://www.camara.cl/verDoc.aspx?prmID=251089&prmTipo=DOCUMENTO_COMISIONSESIONCUENTA,https://www.camara.cl/verDoc.aspx?prmID=12259&prmTipo=DOCUMENTO_COMISIONSESIONACTA
2025,Julio,337,23 jul. 2025,Celebrada,https://www.camara.cl/legislacion/comisiones/citacion_detalle.aspx?prmId=4890&prmIdSesion=80453,https://www.camara.cl/verDoc.aspx?prmID=256259&prmTipo=DOCUMENTO_COMISIONSESIONCUENTA,https://www.camara.cl/verDoc.aspx?prmID=17340&prmTipo=DOCUMENTO_COMISIONSESIONACTA
2025,Julio,336,22 jul. 2025,Celebrada,https://www.camara.cl/legislacion/comisiones/citacion_detalle.aspx?prmId=4890&prmIdSesion=80412,https://www.camara.cl/verDoc.aspx?prmID=258636&prmTipo=DOCUMENTO_COMISIONSESIONCUENTA,https://www.camara.cl/verDoc.aspx?prmID=19642&prmTipo=DOCUMENTO_COMISIONSESIONACTA
2025,Julio,335,21 jul. 2025,Celebrada,https://www.camara.cl/legislacion/comisiones/citacion_detalle.aspx?prmId=4890&prmIdSesion=80411,https://www.camara.cl/verDoc.aspx?prmID=258635&prmTipo=DOCUMENTO_COMISIONSESIONCUENTA,https://www.camara.cl/verDoc.aspx?prmID=19641&prmTipo=DOCUMENTO_COMISIONSESIONACTA
2025,Julio,334,15 jul. 2025,Celebrada,https://www.camara.cl/legislacion/comisiones/citacion_detalle.aspx?prmId=4890&prmIdSesion=80359,https://www.camara.cl/verDoc.aspx?prmID=258240&prmTipo=DOCUMENTO_COMISIONSESIONCUENTA,https://www.camara.cl/verDoc.aspx?prmID=19251&prmTipo=DOCUMENTO_COMISIONSESIONACTA
2025,Julio,333,15 jul. 2025,Celebrada,https://www.camara.cl/legislacion/comisiones/citacion_detalle.aspx?prmId=4890&prmIdSesion=80358,https://www.camara.cl/verDoc.aspx?prmID=258239&prmTipo=DOCUMENTO_COMISIONSESIONCUENTA,https://www.camara.cl/verDoc.aspx?prmID=19250&prmTipo=DOCUMENTO_COMISIONSESIONACTA
2025,Julio,332,09 jul. 2025,Celebrada,https://www.camara.cl/legislacion/comisiones/citacion_detalle.aspx?prmId=4890&prmIdSesion=80347,https://www.camara.cl/verDoc.aspx?prmID=246757&prmTipo=DOCUMENTO_COMISIONSESIONCUENTA,https://www.camara.cl/verDoc.aspx?prmID=501&prmTipo=DOCUMENTO_COMISIONSESIONACTA
2025,Julio,331,08 jul. 2025,Celebrada,https://www.camara.cl/legislacion/comisiones/citacion_detalle.aspx?prmId=4890&prmIdSesion=80340,https://www.camara.cl/verDoc.aspx?prmID=262281&prmTipo=DOCUMENTO_COMISIONSESIONCUENTA,https://www.camara.cl/verDoc.aspx?prmID=23152&prmTipo=DOCUMENTO_COMISIONSESIONACTA
2025,Julio,330,07 jul. 2025,Celebrada,https://www.camara.cl/legislacion/comisiones/citacion_detalle.aspx?prmId=4890&prmIdSesion=80307,https://www.camara.cl/verDoc.aspx?prmID=261542&prmTipo=DOCUMENTO_COMISIONSESIONCUENTA,https://www.camara.cl/verDoc.aspx?prmID=22433&prmTipo=DOCUMENTO_COMISIONSESIONACTA
2025,Julio,329,02 jul. 2025,Celebrada,https://www.camara.cl/legislacion/comisiones/citacion_detalle.aspx?prmId=4890&prmIdSesion=80300,https://www.camara.cl/verDoc.aspx?prmID=259832&prmTipo=DOCUMENTO_COMISIONSESIONCUENTA,https://www.camara.cl/verDoc.aspx?prmID=20781&prmTipo=DOCUMENTO_COMISIONSESIONACTA
2025,Julio,328,01 jul. 2025,Celebrada,https://www.camara.cl/legislacion/comisiones/citacion_detalle.aspx?prmId=4890&prmIdSesion=80292,https://www.camara.cl/verDoc.aspx?prmID=254290&prmTipo=DOCUMENTO_COMISIONSESIONCUENTA,https://www.camara.cl/verDoc.aspx?prmID=15407&prmTipo=DOCUMENTO_COMISIONSESIONACTA
2025,Julio,327,01 jul. 2025,Celebrada,https://www.camara.cl/legislacion/comisiones/citacion_detalle.aspx?prmId=4890&prmIdSesion=80280,https://www.camara.cl/verDoc.aspx?prmID=255100&prmTipo=DOCUMENTO_COMISIONSESIONCUENTA,https://www.camara.cl/verDoc.aspx?prmID=16196&prmTipo=DOCUMENTO_COMISIONSESIONACTA
2025,Junio,326,18 jun. 2025,Celebrada,https://www.camara.cl/legislacion/comisiones/citacion_detalle.aspx?prmId=4890&prmIdSesion=80238,https://www.camara.cl/verDoc.aspx?prmID=259033&prmTipo=DOCUMENTO_COMISIONSESIONCUENTA,https://www.camara.cl/verDoc.aspx?prmID=20023&prmTipo=DOCUMENTO_COMISIONSESIONACTA
2025,Junio,325,18 jun. 2025,Celebrada,https://www.camara.cl/legislacion/comisiones/citacion_detalle.aspx?prmId=4890&prmIdSesion=80237,https://www.camara.cl/verDoc.aspx?prmID=259032&prmTipo=DOCUMENTO_COMISIONSESIONCUENTA,https://www.camara.cl/verDoc.aspx?prmID=20022&prmTipo=DOCUMENTO_COMISIONSESIONACTA
2025,Junio,324,17 jun. 2025,Celebrada,https://www.camara.cl/legislacion/comisiones/citacion_detalle.aspx?prmId=4890&prmIdSesion=80236,https://www.camara.cl/verDoc.aspx?prmID=259031&prmTipo=DOCUMENTO_COMISIONSESIONCUENTA,https://www.camara.cl/verDoc.aspx?prmID=20021&prmTipo=DOCUMENTO_COMISIONSESIONACTA
2025,Junio,323,17 jun. 2025,Celebrada,https://www.camara.cl/legislacion/comisiones/citacion_detalle.aspx?prmId=4890&prmIdSesion=80235,https://www.camara.cl/verDoc.aspx?prmID=259030&prmTipo=DOCUMENTO_COMISIONSESIONCUENTA,https://www.camara.cl/verDoc.aspx?prmID=20020&prmTipo=DOCUMENTO_COMISIONSESIONACTA
2025,Junio,322,11 jun. 2025,Celebrada,https://www.camara.cl/legislacion/comisiones/citacion_detalle.aspx?prmId=4890&prmIdSesion=80184,https://www.camara.cl/verDoc.aspx?prmID=250576&prmTipo=DOCUMENTO_COMISIONSESIONCUENTA,https://www.camara.cl/verDoc.aspx?prmID=11752&prmTipo=DOCUMENTO_COMISIONSESIONACTA
2025,Junio,321,11 jun. 2025,Celebrada,https://www.camara.cl/legislacion/comisiones/citacion_detalle.aspx?prmId=4890&prmIdSesion=80183,https://www.camara.cl/verDoc.aspx?prmID=250575&prmTipo=DOCUMENTO_COMISIONSESIONCUENTA,https://www.camara.cl/verDoc.aspx?prmID=11751&prmTipo=DOCUMENTO_COMISIONSESIONACTA
2025,Junio,320,10 jun. 2025,Celebrada,https://www.camara.cl/legislacion/comisiones/citacion_detalle.aspx?prmId=4890&prmIdSesion=80182,https://www.camara.cl/verDoc.aspx?prmID=250574&prmTipo=DOCUMENTO_COMISIONSESIONCUENTA,https://www.camara.cl/verDoc.aspx?prmID=11750&prmTipo=DOCUMENTO_COMISIONSESIONACTA
2025,Junio,319,10 jun. 2025,Celebrada,https://www.camara.cl/legislacion/comisiones/citacion_detalle.aspx?prmId=4890&prmIdSesion=80181,https://www.camara.cl/verDoc.aspx?prmID=250573&prmTipo=DOCUMENTO_COMISIONSESIONCUENTA,https://www.camara.cl/verDoc.aspx?prmID=11749&prmTipo=DOCUMENTO_COMISIONSESIONACTA
2025,Junio,318,09 jun. 2025,Celebrada,https://www.camara.cl/legislacion/comisiones/citacion_detalle.aspx?prmId=4890&prmIdSesion=80180,https://www.camara.cl/verDoc.aspx?prmID=250572&prmTipo=DOCUMENTO_COMISIONSESIONCUENTA,https://www.camara.cl/verDoc.aspx?prmID=11748&prmTipo=DOCUMENTO_COMISIONSESIONACTA
2025,Junio,317,04 jun. 2025,Celebrada,https://www.camara.cl/legislacion/comisiones/citacion_detalle.aspx?prmId=4890&prmIdSesion=80152,https://www.camara.cl/verDoc.aspx?prmID=246647&prmTipo=DOCUMENTO_COMISIONSESIONCUENTA,https://www.camara.cl/verDoc.aspx?prmID=394&prmTipo=DOCUMENTO_COMISIONSESIONACTA
2025,Junio,316,04 jun. 2025,Celebrada,https://www.camara.cl/legislacion/comisiones/citacion_detalle.aspx?prmId=4890&prmIdSesion=80151,https://www.camara.cl/verDoc.aspx?prmID=246646&prmTipo=DOCUMENTO_COMISIONSESIONCUENTA,https://www.camara.cl/verDoc.aspx?prmID=393&prmTipo=DOCUMENTO_COMISIONSESIONACTA
2025,Junio,315,03 jun. 2025,Celebrada,https://www.camara.cl/legislacion/comisiones/citacion_detalle.aspx?prmId=4890&prmIdSesion=80108,https://www.camara.cl/verDoc.aspx?prmID=259826&prmTipo=DOCUMENTO_COMISIONSESIONCUENTA,https://www.camara.cl/verDoc.aspx?prmID=20776&prmTipo=DOCUMENTO_COMISIONSESIONACTA
2025,Junio,314,02 jun. 2025,Celebrada,https://www.camara.cl/legislacion/comisiones/citacion_detalle.aspx?prmId=4890&prmIdSesion=80106,https://www.camara.cl/verDoc.aspx?prmID=259824&prmTipo=DOCUMENTO_COMISIONSESIONCUENTA,https://www.camara.cl/verDoc.aspx?prmID=20774&prmTipo=DOCUMENTO_COMISIONSESIONACTA
2025,Mayo,313,19 may. 2025,Celebrada,https://www.camara.cl/legislacion/comisiones/citacion_detalle.aspx?prmId=4890&prmIdSesion=80090,https://www.camara.cl/verDoc.aspx?prmID=255132&prmTipo=DOCUMENTO_COMISIONSESIONCUENTA,https://www.camara.cl/verDoc.aspx?prmID=16226&prmTipo=DOCUMENTO_COMISIONSESIONACTA
2025,Mayo,312,14 may. 2025,Celebrada,https://www.camara.cl/legislacion/comisiones/citacion_detalle.aspx?prmId=4890&prmIdSesion=80068,https://www.camara.cl/verDoc.aspx?prmID=256254&prmTipo=DOCUMENTO_COMISIONSESIONCUENTA,https://www.camara.cl/verDoc.aspx?prmID=17335&prmTipo=DOCUMENTO_COMISIONSESIONACTA
2025,Mayo,312,14 may. 2025,Suspendida,https://www.camara.cl/legislacion/comisiones/citacion_detalle.aspx?prmId=4890&prmIdSesion=80074,No,No
2025,Mayo,311,13 may. 2025,Celebrada,https://www.camara.cl/legislacion/comisiones/citacion_detalle.aspx?prmId=4890&prmIdSesion=80052,https://www.camara.cl/verDoc.aspx?prmID=246626&prmTipo=DOCUMENTO_COMISIONSESIONCUENTA,https://www.camara.cl/verDoc.aspx?prmID=372&prmTipo=DOCUMENTO_COMISIONSESIONACTA
2025,Mayo,310,13 may. 2025,Celebrada,https://www.camara.cl/legislacion/comisiones/citacion_detalle.aspx?prmId=4890&prmIdSesion=80048,https://www.camara.cl/verDoc.aspx?prmID=246624&prmTipo=DOCUMENTO_COMISIONSESIONCUENTA,https://www.camara.cl/verDoc.aspx?prmID=370&prmTipo=DOCUMENTO_COMISIONSESIONACTA
2025,Mayo,309,12 may. 2025,Celebrada,https://www.camara.cl/legislacion/comisiones/citacion_detalle.aspx?prmId=4890&prmIdSesion=80047,https://www.camara.cl/verDoc.aspx?prmID=246623&prmTipo=DOCUMENTO_COMISIONSESIONCUENTA,https://www.camara.cl/verDoc.aspx?prmID=369&prmTipo=DOCUMENTO_COMISIONSESIONACTA
2025,Mayo,308,07 may. 2025,Celebrada,https://www.camara.cl/legislacion/comisiones/citacion_detalle.aspx?prmId=4890&prmIdSesion=80007,https://www.camara.cl/verDoc.aspx?prmID=255902&prmTipo=DOCUMENTO_COMISIONSESIONCUENTA,https://www.camara.cl/verDoc.aspx?prmID=16995&prmTipo=DOCUMENTO_COMISIONSESIONACTA
2025,Mayo,307,07 may. 2025,Celebrada,https://www.camara.cl/legislacion/comisiones/citacion_detalle.aspx?prmId=4890&prmIdSesion=80018,https://www.camara.cl/verDoc.aspx?prmID=254735&prmTipo=DOCUMENTO_COMISIONSESIONCUENTA,https://www.camara.cl/verDoc.aspx?prmID=15834&prmTipo=DOCUMENTO_COMISIONSESIONACTA
2025,Mayo,306,06 may. 2025,Celebrada,https://www.camara.cl/legislacion/comisiones/citacion_detalle.aspx?prmId=4890&prmIdSesion=80006,https://www.camara.cl/verDoc.aspx?prmID=255901&prmTipo=DOCUMENTO_COMISIONSESIONCUENTA,https://www.camara.cl/verDoc.aspx?prmID=16994&prmTipo=DOCUMENTO_COMISIONSESIONACTA
2025,Mayo,305,06 may. 2025,Celebrada,https://www.camara.cl/legislacion/comisiones/citacion_detalle.aspx?prmId=4890&prmIdSesion=80017,https://www.camara.cl/verDoc.aspx?prmID=254734&prmTipo=DOCUMENTO_COMISIONSESIONCUENTA,https://www.camara.cl/verDoc.aspx?prmID=15833&prmTipo=DOCUMENTO_COMISIONSESIONACTA
2025,Mayo,305,06 may. 2025,Suspendida,https://www.camara.cl/legislacion/comisiones/citacion_detalle.aspx?prmId=4890&prmIdSesion=79993,No,No
2025,Mayo,304,05 may. 2025,Celebrada,https://www.camara.cl/legislacion/comisiones/citacion_detalle.aspx?prmId=4890&prmIdSesion=79992,https://www.camara.cl/verDoc.aspx?prmID=256253&prmTipo=DOCUMENTO_COMISIONSESIONCUENTA,https://www.camara.cl/verDoc.aspx?prmID=17334&prmTipo=DOCUMENTO_COMISIONSESIONACTA
2025,Abril,303,23 abr. 2025,Celebrada,https://www.camara.cl/legislacion/comisiones/citacion_detalle.aspx?prmId=4890&prmIdSesion=79961,https://www.camara.cl/verDoc.aspx?prmID=253067&prmTipo=DOCUMENTO_COMISIONSESIONCUENTA,https://www.camara.cl/verDoc.aspx?prmID=14204&prmTipo=DOCUMENTO_COMISIONSESIONACTA
2025,Abril,302,22 abr. 2025,Celebrada,https://www.camara.cl/legislacion/comisiones/citacion_detalle.aspx?prmId=4890&prmIdSesion=79954,https://www.camara.cl/verDoc.aspx?prmID=260296&prmTipo=DOCUMENTO_COMISIONSESIONCUENTA,https://www.camara.cl/verDoc.aspx?prmID=21231&prmTipo=DOCUMENTO_COMISIONSESIONACTA
2025,Abril,301,16 abr. 2025,Celebrada,https://www.camara.cl/legislacion/comisiones/citacion_detalle.aspx?prmId=4890&prmIdSesion=79906,https://www.camara.cl/verDoc.aspx?prmID=249808&prmTipo=DOCUMENTO_COMISIONSESIONCUENTA,https://www.camara.cl/verDoc.aspx?prmID=10987&prmTipo=DOCUMENTO_COMISIONSESIONACTA
2025,Abril,300,15 abr. 2025,Celebrada,https://www.camara.cl/legislacion/comisiones/citacion_detalle.aspx?prmId=4890&prmIdSesion=79883,https://www.camara.cl/verDoc.aspx?prmID=246605&prmTipo=DOCUMENTO_COMISIONSESIONCUENTA,https://www.camara.cl/verDoc.aspx?prmID=351&prmTipo=DOCUMENTO_COMISIONSESIONACTA
2025,Abril,300,14 abr. 2025,Suspendida,https://www.camara.cl/legislacion/comisiones/citacion_detalle.aspx?prmId=4890&prmIdSesion=79881,No,No
2025,Abril,299,09 abr. 2025,Celebrada,https://www.camara.cl/legislacion/comisiones/citacion_detalle.aspx?prmId=4890&prmIdSesion=79827,https://www.camara.cl/verDoc.aspx?prmID=258713&prmTipo=DOCUMENTO_COMISIONSESIONCUENTA,https://www.camara.cl/verDoc.aspx?prmID=19716&prmTipo=DOCUMENTO_COMISIONSESIONACTA
2025,Abril,298,08 abr. 2025,Celebrada,https://www.camara.cl/legislacion/comisiones/citacion_detalle.aspx?prmId=4890&prmIdSesion=79826,https://www.camara.cl/verDoc.aspx?prmID=258712&prmTipo=DOCUMENTO_COMISIONSESIONCUENTA,https://www.camara.cl/verDoc.aspx?prmID=19715&prmTipo=DOCUMENTO_COMISIONSESIONACTA
2025,Abril,297,07 abr. 2025,Celebrada,https://www.camara.cl/legislacion/comisiones/citacion_detalle.aspx?prmId=4890&prmIdSesion=79803,https://www.camara.cl/verDoc.aspx?prmID=261883&prmTipo=DOCUMENTO_COMISIONSESIONCUENTA,https://www.camara.cl/verDoc.aspx?prmID=22765&prmTipo=DOCUMENTO_COMISIONSESIONACTA
2025,Marzo,296,25 mar. 2025,Celebrada,https://www.camara.cl/legislacion/comisiones/citacion_detalle.aspx?prmId=4890&prmIdSesion=79769,https://www.camara.cl/verDoc.aspx?prmID=259881&prmTipo=DOCUMENTO_COMISIONSESIONCUENTA,https://www.camara.cl/verDoc.aspx?prmID=20829&prmTipo=DOCUMENTO_COMISIONSESIONACTA
2025,Marzo,295,24 mar. 2025,Celebrada,https://www.camara.cl/legislacion/comisiones/citacion_detalle.aspx?prmId=4890&prmIdSesion=79768,https://www.camara.cl/verDoc.aspx?prmID=259880&prmTipo=DOCUMENTO_COMISIONSESIONCUENTA,https://www.camara.cl/verDoc.aspx?prmID=20828&prmTipo=DOCUMENTO_COMISIONSESIONACTA
2025,Marzo,294,19 mar. 2025,Celebrada,https://www.camara.cl/legislacion/comisiones/citacion_detalle.aspx?prmId=4890&prmIdSesion=79724,https://www.camara.cl/verDoc.aspx?prmID=251892&prmTipo=DOCUMENTO_COMISIONSESIONCUENTA,https://www.camara.cl/verDoc.aspx?prmID=13060&prmTipo=DOCUMENTO_COMISIONSESIONACTA
2025,Marzo,293,19 mar. 2025,Celebrada,https://www.camara.cl/legislacion/comisiones/citacion_detalle.aspx?prmId=4890&prmIdSesion=79750,https://www.camara.cl/verDoc.aspx?prmID=257005&prmTipo=DOCUMENTO_COMISIONSESIONCUENTA,https://www.camara.cl/verDoc.aspx?prmID=18063&prmTipo=DOCUMENTO_COMISIONSESIONACTA
2025,Marzo,292,18 mar. 2025,Celebrada,https://www.camara.cl/legislacion/comisiones/citacion_detalle.aspx?prmId=4890&prmIdSesion=79721,https://www.camara.cl/verDoc.aspx?prmID=251891&prmTipo=DOCUMENTO_COMISIONSESIONCUENTA,https://www.camara.cl/verDoc.aspx?prmID=13059&prmTipo=DOCUMENTO_COMISIONSESIONACTA
2025,Marzo,291,17 mar. 2025,Celebrada,https://www.camara.cl/legislacion/comisiones/citacion_detalle.aspx?prmId=4890&prmIdSesion=79711,https://www.camara.cl/verDoc.aspx?prmID=257885&prmTipo=DOCUMENTO_COMISIONSESIONCUENTA,https://www.camara.cl/verDoc.aspx?prmID=18917&prmTipo=DOCUMENTO_COMISIONSESIONACTA
2025,Marzo,290,12 mar. 2025,Celebrada,https://www.camara.cl/legislacion/comisiones/citacion_detalle.aspx?prmId=4890&prmIdSesion=79697,https://www.camara.cl/verDoc.aspx?prmID=258975&prmTipo=DOCUMENTO_COMISIONSESIONCUENTA,https://www.camara.cl/verDoc.aspx?prmID=19967&prmTipo=DOCUMENTO_COMISIONSESIONACTA
2025,Marzo,289,11 mar. 2025,Celebrada,https://www.camara.cl/legislacion/comisiones/citacion_detalle.aspx?prmId=4890&prmIdSesion=79691,https://www.camara.cl/verDoc.aspx?prmID=257076&prmTipo=DOCUMENTO_COMISIONSESIONCUENTA,https://www.camara.cl/verDoc.aspx?prmID=18133&prmTipo=DOCUMENTO_COMISIONSESIONACTA
2025,Marzo,288,11 mar. 2025,Celebrada,https://www.camara.cl/legislacion/comisiones/citacion_detalle.aspx?prmId=4890&prmIdSesion=79674,https://www.camara.cl/verDoc.aspx?prmID=246538&prmTipo=DOCUMENTO_COMISIONSESIONCUENTA,https://www.camara.cl/verDoc.aspx?prmID=284&prmTipo=DOCUMENTO_COMISIONSESIONACTA
2025,Marzo,287,10 mar. 2025,Celebrada,https://www.camara.cl/legislacion/comisiones/citacion_detalle.aspx?prmId=4890&prmIdSesion=79673,https://www.camara.cl/verDoc.aspx?prmID=246537&prmTipo=DOCUMENTO_COMISIONSESIONCUENTA,https://www.camara.cl/verDoc.aspx?prmID=283&prmTipo=DOCUMENTO_COMISIONSESIONACTA
2025,Marzo,286,05 mar. 2025,Celebrada,https://www.camara.cl/legislacion/comisiones/citacion_detalle.aspx?prmId=4890&prmIdSesion=79638,https://www.camara.cl/verDoc.aspx?prmID=255094&prmTipo=DOCUMENTO_COMISIONSESIONCUENTA,https://www.camara.cl/verDoc.aspx?prmID=16190&prmTipo=DOCUMENTO_COMISIONSESIONACTA
2025,Marzo,285,04 mar. 2025,Celebrada,https://www.camara.cl/legislacion/comisiones/citacion_detalle.aspx?prmId=4890&prmIdSesion=79637,https://www.camara.cl/verDoc.aspx?prmID=255093&prmTipo=DOCUMENTO_COMISIONSESIONCUENTA,https://www.camara.cl/verDoc.aspx?prmID=16189&prmTipo=DOCUMENTO_COMISIONSESIONACTA
2025,Enero,284,22 ene. 2025,Celebrada,https://www.camara.cl/legislacion/comisiones/citacion_detalle.aspx?prmId=4890&prmIdSesion=79572,https://www.camara.cl/verDoc.aspx?prmID=252635&prmTipo=DOCUMENTO_COMISIONSESIONCUENTA,https://www.camara.cl/verDoc.aspx?prmID=13783&prmTipo=DOCUMENTO_COMISIONSESIONACTA
2025,Enero,283,21 ene. 2025,Celebrada,https://www.camara.cl/legislacion/comisiones/citacion_detalle.aspx?prmId=4890&prmIdSesion=79547,https://www.camara.cl/verDoc.aspx?prmID=262356&prmTipo=DOCUMENTO_COMISIONSESIONCUENTA,https://www.camara.cl/verDoc.aspx?prmID=23223&prmTipo=DOCUMENTO_COMISIONSESIONACTA
2025,Enero,282,21 ene. 2025,Celebrada,https://www.camara.cl/legislacion/comisiones/citacion_detalle.aspx?prmId=4890&prmIdSesion=79546,https://www.camara.cl/verDoc.aspx?prmID=262355&prmTipo=DOCUMENTO_COMISIONSESIONCUENTA,https://www.camara.cl/verDoc.aspx?prmID=23222&prmTipo=DOCUMENTO_COMISIONSESIONACTA
2025,Enero,281,20 ene. 2025,Celebrada,https://www.camara.cl/legislacion/comisiones/citacion_detalle.aspx?prmId=4890&prmIdSesion=79528,https://www.camara.cl/verDoc.aspx?prmID=253942&prmTipo=DOCUMENTO_COMISIONSESIONCUENTA,https://www.camara.cl/verDoc.aspx?prmID=15068&prmTipo=DOCUMENTO_COMISIONSESIONACTA
2025,Enero,280,15 ene. 2025,Celebrada,https://www.camara.cl/legislacion/comisiones/citacion_detalle.aspx?prmId=4890&prmIdSesion=79514,https://www.camara.cl/verDoc.aspx?prmID=253939&prmTipo=DOCUMENTO_COMISIONSESIONCUENTA,https://www.camara.cl/verDoc.aspx?prmID=15065&prmTipo=DOCUMENTO_COMISIONSESIONACTA
2025,Enero,279,14 ene. 2025,Celebrada,https://www.camara.cl/legislacion/comisiones/citacion_detalle.aspx?prmId=4890&prmIdSesion=79476,https://www.camara.cl/verDoc.aspx?prmID=246533&prmTipo=DOCUMENTO_COMISIONSESIONCUENTA,https://www.camara.cl/verDoc.aspx?prmID=279&prmTipo=DOCUMENTO_COMISIONSESIONACTA
2025,Enero,278,13 ene. 2025,Celebrada,https://www.camara.cl/legislacion/comisiones/citacion_detalle.aspx?prmId=4890&prmIdSesion=79469,https://www.camara.cl/verDoc.aspx?prmID=247183&prmTipo=DOCUMENTO_COMISIONSESIONCUENTA,https://www.camara.cl/verDoc.aspx?prmID=916&prmTipo=DOCUMENTO_COMISIONSESIONACTA
2025,Enero,277,08 ene. 2025,Celebrada,https://www.camara.cl/legislacion/comisiones/citacion_detalle.aspx?prmId=4890&prmIdSesion=79456,https://www.camara.cl/verDoc.aspx?prmID=259560&prmTipo=DOCUMENTO_COMISIONSESIONCUENTA,https://www.camara.cl/verDoc.aspx?prmID=20519&prmTipo=DOCUMENTO_COMISIONSESIONACTA
2025,Enero,276,07 ene. 2025,Celebrada,https://www.camara.cl/legislacion/comisiones/citacion_detalle.aspx?prmId=4890&prmIdSesion=79388,https://www.camara.cl/verDoc.aspx?prmID=246716&prmTipo=DOCUMENTO_COMISIONSESIONCUENTA,https://www.camara.cl/verDoc.aspx?prmID=460&prmTipo=DOCUMENTO_COMISIONSESIONACTA
2025,Enero,275,07 ene. 2025,Celebrada,https://www.camara.cl/legislacion/comisiones/citacion_detalle.aspx?prmId=4890&prmIdSesion=79387,https://www.camara.cl/verDoc.aspx?prmID=246715&prmTipo=DOCUMENTO_COMISIONSESIONCUENTA,https://www.camara.cl/verDoc.aspx?prmID=459&prmTipo=DOCUMENTO_COMISIONSESIONACTA
2025,Enero,274,06 ene. 2025,Celebrada,https://www.camara.cl/legislacion/comisiones/citacion_detalle.aspx?prmId=4890&prmIdSesion=79386,https://www.camara.cl/verDoc.aspx?prmID=246714&prmTipo=DOCUMENTO_COMISIONSESIONCUENTA,https://www.camara.cl/verDoc.aspx?prmID=458&prmTipo=DOCUMENTO_COMISIONSESIONACTA
2024,Diciembre,274,18 dic. 2024,Suspendida,https://www.camara.cl/legislacion/comisiones/citacion_detalle.aspx?prmId=4890&prmIdSesion=79374,No,No
2024,Diciembre,273,17 dic. 2024,Celebrada,https://www.camara.cl/legislacion/comisiones/citacion_detalle.aspx?prmId=4890&prmIdSesion=79371,https://www.camara.cl/verDoc.aspx?prmID=260642&prmTipo=DOCUMENTO_COMISIONSESIONCUENTA,https://www.camara.cl/verDoc.aspx?prmID=21568&prmTipo=DOCUMENTO_COMISIONSESIONACTA
2024,Diciembre,272,16 dic. 2024,Celebrada,https://www.camara.cl/legislacion/comisiones/citacion_detalle.aspx?prmId=4890&prmIdSesion=79347,https://www.camara.cl/verDoc.aspx?prmID=251372&prmTipo=DOCUMENTO_COMISIONSESIONCUENTA,https://www.camara.cl/verDoc.aspx?prmID=12540&prmTipo=DOCUMENTO_COMISIONSESIONACTA
2024,Diciembre,271,10 dic. 2024,Celebrada,https://www.camara.cl/legislacion/comisiones/citacion_detalle.aspx?prmId=4890&prmIdSesion=79325,https://www.camara.cl/verDoc.aspx?prmID=253931&prmTipo=DOCUMENTO_COMISIONSESIONCUENTA,https://www.camara.cl/verDoc.aspx?prmID=15058&prmTipo=DOCUMENTO_COMISIONSESIONACTA
2024,Diciembre,270,10 dic. 2024,Celebrada,https://www.camara.cl/legislacion/comisiones/citacion_detalle.aspx?prmId=4890&prmIdSesion=79324,https://www.camara.cl/verDoc.aspx?prmID=253930&prmTipo=DOCUMENTO_COMISIONSESIONCUENTA,https://www.camara.cl/verDoc.aspx?prmID=15057&prmTipo=DOCUMENTO_COMISIONSESIONACTA
2024,Diciembre,269,09 dic. 2024,Celebrada,https://www.camara.cl/legislacion/comisiones/citacion_detalle.aspx?prmId=4890&prmIdSesion=79297,https://www.camara.cl/verDoc.aspx?prmID=260292&prmTipo=DOCUMENTO_COMISIONSESIONCUENTA,https://www.camara.cl/verDoc.aspx?prmID=21227&prmTipo=DOCUMENTO_COMISIONSESIONACTA
2024,Diciembre,268,09 dic. 2024,Celebrada,https://www.camara.cl/legislacion/comisiones/citacion_detalle.aspx?prmId=4890&prmIdSesion=79296,https://www.camara.cl/verDoc.aspx?prmID=260291&prmTipo=DOCUMENTO_COMISIONSESIONCUENTA,https://www.camara.cl/verDoc.aspx?prmID=21226&prmTipo=DOCUMENTO_COMISIONSESIONACTA
2024,Diciembre,267,04 dic. 2024,Celebrada,https://www.camara.cl/legislacion/comisiones/citacion_detalle.aspx?prmId=4890&prmIdSesion=79272,https://www.camara.cl/verDoc.aspx?prmID=253060&prmTipo=DOCUMENTO_COMISIONSESIONCUENTA,https://www.camara.cl/verDoc.aspx?prmID=14199&prmTipo=DOCUMENTO_COMISIONSESIONACTA
2024,Diciembre,266,03 dic. 2024,Celebrada,https://www.camara.cl/legislacion/comisiones/citacion_detalle.aspx?prmId=4890&prmIdSesion=79253,https://www.camara.cl/verDoc.aspx?prmID=246341&prmTipo=DOCUMENTO_COMISIONSESIONCUENTA,https://www.camara.cl/verDoc.aspx?prmID=95&prmTipo=DOCUMENTO_COMISIONSESIONACTA
2024,Noviembre,265,27 nov. 2024,Celebrada,https://www.camara.cl/legislacion/comisiones/citacion_detalle.aspx?prmId=4890&prmIdSesion=79230,https://www.camara.cl/verDoc.aspx?prmID=257002&prmTipo=DOCUMENTO_COMISIONSESIONCUENTA,https://www.camara.cl/verDoc.aspx?prmID=18060&prmTipo=DOCUMENTO_COMISIONSESIONACTA
2024,Noviembre,264,26 nov. 2024,Celebrada,https://www.camara.cl/legislacion/comisiones/citacion_detalle.aspx?prmId=4890&prmIdSesion=79188,https://www.camara.cl/verDoc.aspx?prmID=253540&prmTipo=DOCUMENTO_COMISIONSESIONCUENTA,https://www.camara.cl/verDoc.aspx?prmID=14677&prmTipo=DOCUMENTO_COMISIONSESIONACTA
2024,Noviembre,263,20 nov. 2024,Celebrada,https://www.camara.cl/legislacion/comisiones/citacion_detalle.aspx?prmId=4890&prmIdSesion=79179,https://www.camara.cl/verDoc.aspx?prmID=261465&prmTipo=DOCUMENTO_COMISIONSESIONCUENTA,https://www.camara.cl/verDoc.aspx?prmID=22362&prmTipo=DOCUMENTO_COMISIONSESIONACTA
2024,Noviembre,262,20 nov. 2024,Celebrada,https://www.camara.cl/legislacion/comisiones/citacion_detalle.aspx?prmId=4890&prmIdSesion=79178,https://www.camara.cl/verDoc.aspx?prmID=261464&prmTipo=DOCUMENTO_COMISIONSESIONCUENTA,https://www.camara.cl/verDoc.aspx?prmID=22361&prmTipo=DOCUMENTO_COMISIONSESIONACTA
2024,Noviembre,261,19 nov. 2024,Celebrada,https://www.camara.cl/legislacion/comisiones/citacion_detalle.aspx?prmId=4890&prmIdSesion=79165,https://www.camara.cl/verDoc.aspx?prmID=252632&prmTipo=DOCUMENTO_COMISIONSESIONCUENTA,https://www.camara.cl/verDoc.aspx?prmID=13780&prmTipo=DOCUMENTO_COMISIONSESIONACTA
2024,Octubre,260,30 oct. 2024,Celebrada,https://www.camara.cl/legislacion/comisiones/citacion_detalle.aspx?prmId=4890&prmIdSesion=79096,https://www.camara.cl/verDoc.aspx?prmID=255846&prmTipo=DOCUMENTO_COMISIONSESIONCUENTA,https://www.camara.cl/verDoc.aspx?prmID=16941&prmTipo=DOCUMENTO_COMISIONSESIONACTA
2024,Octubre,259,29 oct. 2024,Celebrada,https://www.camara.cl/legislacion/comisiones/citacion_detalle.aspx?prmId=4890&prmIdSesion=79087,https://www.camara.cl/verDoc.aspx?prmID=246525&prmTipo=DOCUMENTO_COMISIONSESIONCUENTA,https://www.camara.cl/verDoc.aspx?prmID=271&prmTipo=DOCUMENTO_COMISIONSESIONACTA
2024,Octubre,258,29 oct. 2024,Celebrada,https://www.camara.cl/legislacion/comisiones/citacion_detalle.aspx?prmId=4890&prmIdSesion=79093,https://www.camara.cl/verDoc.aspx?prmID=259020&prmTipo=DOCUMENTO_COMISIONSESIONCUENTA,https://www.camara.cl/verDoc.aspx?prmID=20010&prmTipo=DOCUMENTO_COMISIONSESIONACTA
2024,Octubre,257,16 oct. 2024,Celebrada,https://www.camara.cl/legislacion/comisiones/citacion_detalle.aspx?prmId=4890&prmIdSesion=79047,https://www.camara.cl/verDoc.aspx?prmID=250269&prmTipo=DOCUMENTO_COMISIONSESIONCUENTA,https://www.camara.cl/verDoc.aspx?prmID=11449&prmTipo=DOCUMENTO_COMISIONSESIONACTA
2024,Octubre,256,15 oct. 2024,Celebrada,https://www.camara.cl/legislacion/comisiones/citacion_detalle.aspx?prmId=4890&prmIdSesion=79024,https://www.camara.cl/verDoc.aspx?prmID=250448&prmTipo=DOCUMENTO_COMISIONSESIONCUENTA,https://www.camara.cl/verDoc.aspx?prmID=11621&prmTipo=DOCUMENTO_COMISIONSESIONACTA
2024,Octubre,256,09 oct. 2024,Suspendida,https://www.camara.cl/legislacion/comisiones/citacion_detalle.aspx?prmId=4890&prmIdSesion=78977,No,No
2024,Octubre,255,08 oct. 2024,Celebrada,https://www.camara.cl/legislacion/comisiones/citacion_detalle.aspx?prmId=4890&prmIdSesion=78976,https://www.camara.cl/verDoc.aspx?prmID=253927&prmTipo=DOCUMENTO_COMISIONSESIONCUENTA,https://www.camara.cl/verDoc.aspx?prmID=15054&prmTipo=DOCUMENTO_COMISIONSESIONACTA
2024,Octubre,254,02 oct. 2024,Celebrada,https://www.camara.cl/legislacion/comisiones/citacion_detalle.aspx?prmId=4890&prmIdSesion=78950,https://www.camara.cl/verDoc.aspx?prmID=257815&prmTipo=DOCUMENTO_COMISIONSESIONCUENTA,https://www.camara.cl/verDoc.aspx?prmID=18850&prmTipo=DOCUMENTO_COMISIONSESIONACTA
2024,Octubre,253,01 oct. 2024,Celebrada,https://www.camara.cl/legislacion/comisiones/citacion_detalle.aspx?prmId=4890&prmIdSesion=78949,https://www.camara.cl/verDoc.aspx?prmID=257814&prmTipo=DOCUMENTO_COMISIONSESIONCUENTA,https://www.camara.cl/verDoc.aspx?prmID=18849&prmTipo=DOCUMENTO_COMISIONSESIONACTA
2024,Septiembre,252,30 sep. 2024,Celebrada,https://www.camara.cl/legislacion/comisiones/citacion_detalle.aspx?prmId=4890&prmIdSesion=78903,https://www.camara.cl/verDoc.aspx?prmID=253926&prmTipo=DOCUMENTO_COMISIONSESIONCUENTA,https://www.camara.cl/verDoc.aspx?prmID=15053&prmTipo=DOCUMENTO_COMISIONSESIONACTA
2024,Septiembre,251,25 sep. 2024,Celebrada,https://www.camara.cl/legislacion/comisiones/citacion_detalle.aspx?prmId=4890&prmIdSesion=78896,https://www.camara.cl/verDoc.aspx?prmID=257724&prmTipo=DOCUMENTO_COMISIONSESIONCUENTA,https://www.camara.cl/verDoc.aspx?prmID=18762&prmTipo=DOCUMENTO_COMISIONSESIONACTA
2024,Septiembre,250,24 sep. 2024,Celebrada,https://www.camara.cl/legislacion/comisiones/citacion_detalle.aspx?prmId=4890&prmIdSesion=78854,https://www.camara.cl/verDoc.aspx?prmID=247068&prmTipo=DOCUMENTO_COMISIONSESIONCUENTA,https://www.camara.cl/verDoc.aspx?prmID=804&prmTipo=DOCUMENTO_COMISIONSESIONACTA
2024,Septiembre,249,23 sep. 2024,Celebrada,https://www.camara.cl/legislacion/comisiones/citacion_detalle.aspx?prmId=4890&prmIdSesion=78853,https://www.camara.cl/verDoc.aspx?prmID=247067&prmTipo=DOCUMENTO_COMISIONSESIONCUENTA,https://www.camara.cl/verDoc.aspx?prmID=803&prmTipo=DOCUMENTO_COMISIONSESIONACTA
2024,Septiembre,248,10 sep. 2024,Celebrada,https://www.camara.cl/legislacion/comisiones/citacion_detalle.aspx?prmId=4890&prmIdSesion=78798,https://www.camara.cl/verDoc.aspx?prmID=255084&prmTipo=DOCUMENTO_COMISIONSESIONCUENTA,https://www.camara.cl/verDoc.aspx?prmID=16180&prmTipo=DOCUMENTO_COMISIONSESIONACTA
2024,Septiembre,247,09 sep. 2024,Celebrada,https://www.camara.cl/legislacion/comisiones/citacion_detalle.aspx?prmId=4890&prmIdSesion=78809,https://www.camara.cl/verDoc.aspx?prmID=250180&prmTipo=DOCUMENTO_COMISIONSESIONCUENTA,https://www.camara.cl/verDoc.aspx?prmID=11365&prmTipo=DOCUMENTO_COMISIONSESIONACTA
2024,Septiembre,246,04 sep. 2024,Celebrada,https://www.camara.cl/legislacion/comisiones/citacion_detalle.aspx?prmId=4890&prmIdSesion=78777,https://www.camara.cl/verDoc.aspx?prmID=255595&prmTipo=DOCUMENTO_COMISIONSESIONCUENTA,https://www.camara.cl/verDoc.aspx?prmID=16691&prmTipo=DOCUMENTO_COMISIONSESIONACTA
2024,Septiembre,245,03 sep. 2024,Celebrada,https://www.camara.cl/legislacion/comisiones/citacion_detalle.aspx?prmId=4890&prmIdSesion=78750,https://www.camara.cl/verDoc.aspx?prmID=260637&prmTipo=DOCUMENTO_COMISIONSESIONCUENTA,https://www.camara.cl/verDoc.aspx?prmID=21564&prmTipo=DOCUMENTO_COMISIONSESIONACTA
2024,Septiembre,244,02 sep. 2024,Celebrada,https://www.camara.cl/legislacion/comisiones/citacion_detalle.aspx?prmId=4890&prmIdSesion=78709,https://www.camara.cl/verDoc.aspx?prmID=253527&prmTipo=DOCUMENTO_COMISIONSESIONCUENTA,https://www.camara.cl/verDoc.aspx?prmID=14664&prmTipo=DOCUMENTO_COMISIONSESIONACTA
2024,Agosto,243,28 ago. 2024,Celebrada,https://www.camara.cl/legislacion/comisiones/citacion_detalle.aspx?prmId=4890&prmIdSesion=78637,https://www.camara.cl/verDoc.aspx?prmID=251417&prmTipo=DOCUMENTO_COMISIONSESIONCUENTA,https://www.camara.cl/verDoc.aspx?prmID=12580&prmTipo=DOCUMENTO_COMISIONSESIONACTA
2024,Agosto,242,27 ago. 2024,Celebrada,https://www.camara.cl/legislacion/comisiones/citacion_detalle.aspx?prmId=4890&prmIdSesion=78636,https://www.camara.cl/verDoc.aspx?prmID=251416&prmTipo=DOCUMENTO_COMISIONSESIONCUENTA,https://www.camara.cl/verDoc.aspx?prmID=12579&prmTipo=DOCUMENTO_COMISIONSESIONACTA
2024,Agosto,242,26 ago. 2024,Suspendida,https://www.camara.cl/legislacion/comisiones/citacion_detalle.aspx?prmId=4890&prmIdSesion=78635,No,No
2024,Agosto,241,14 ago. 2024,Celebrada,https://www.camara.cl/legislacion/comisiones/citacion_detalle.aspx?prmId=4890&prmIdSesion=78619,https://www.camara.cl/verDoc.aspx?prmID=260701&prmTipo=DOCUMENTO_COMISIONSESIONCUENTA,https://www.camara.cl/verDoc.aspx?prmID=21623&prmTipo=DOCUMENTO_COMISIONSESIONACTA
2024,Agosto,240,13 ago. 2024,Celebrada,https://www.camara.cl/legislacion/comisiones/citacion_detalle.aspx?prmId=4890&prmIdSesion=78612,https://www.camara.cl/verDoc.aspx?prmID=251878&prmTipo=DOCUMENTO_COMISIONSESIONCUENTA,https://www.camara.cl/verDoc.aspx?prmID=13045&prmTipo=DOCUMENTO_COMISIONSESIONACTA
2024,Agosto,239,12 ago. 2024,Celebrada,https://www.camara.cl/legislacion/comisiones/citacion_detalle.aspx?prmId=4890&prmIdSesion=78564,https://www.camara.cl/verDoc.aspx?prmID=251826&prmTipo=DOCUMENTO_COMISIONSESIONCUENTA,https://www.camara.cl/verDoc.aspx?prmID=12991&prmTipo=DOCUMENTO_COMISIONSESIONACTA
2024,Agosto,238,07 ago. 2024,Celebrada,https://www.camara.cl/legislacion/comisiones/citacion_detalle.aspx?prmId=4890&prmIdSesion=78553,https://www.camara.cl/verDoc.aspx?prmID=258578&prmTipo=DOCUMENTO_COMISIONSESIONCUENTA,https://www.camara.cl/verDoc.aspx?prmID=19583&prmTipo=DOCUMENTO_COMISIONSESIONACTA
2024,Agosto,237,06 ago. 2024,Celebrada,https://www.camara.cl/legislacion/comisiones/citacion_detalle.aspx?prmId=4890&prmIdSesion=78550,https://www.camara.cl/verDoc.aspx?prmID=262349&prmTipo=DOCUMENTO_COMISIONSESIONCUENTA,https://www.camara.cl/verDoc.aspx?prmID=23216&prmTipo=DOCUMENTO_COMISIONSESIONACTA
2024,Agosto,236,05 ago. 2024,Celebrada,https://www.camara.cl/legislacion/comisiones/citacion_detalle.aspx?prmId=4890&prmIdSesion=78515,https://www.camara.cl/verDoc.aspx?prmID=253923&prmTipo=DOCUMENTO_COMISIONSESIONCUENTA,https://www.camara.cl/verDoc.aspx?prmID=15050&prmTipo=DOCUMENTO_COMISIONSESIONACTA
2024,Julio,235,31 jul. 2024,Celebrada,https://www.camara.cl/legislacion/comisiones/citacion_detalle.aspx?prmId=4890&prmIdSesion=78497,https://www.camara.cl/verDoc.aspx?prmID=259985&prmTipo=DOCUMENTO_COMISIONSESIONCUENTA,https://www.camara.cl/verDoc.aspx?prmID=20929&prmTipo=DOCUMENTO_COMISIONSESIONACTA
2024,Julio,234,30 jul. 2024,Celebrada,https://www.camara.cl/legislacion/comisiones/citacion_detalle.aspx?prmId=4890&prmIdSesion=78462,https://www.camara.cl/verDoc.aspx?prmID=255081&prmTipo=DOCUMENTO_COMISIONSESIONCUENTA,https://www.camara.cl/verDoc.aspx?prmID=16177&prmTipo=DOCUMENTO_COMISIONSESIONACTA
2024,Julio,233,29 jul. 2024,Celebrada,https://www.camara.cl/legislacion/comisiones/citacion_detalle.aspx?prmId=4890&prmIdSesion=78451,https://www.camara.cl/verDoc.aspx?prmID=253922&prmTipo=DOCUMENTO_COMISIONSESIONCUENTA,https://www.camara.cl/verDoc.aspx?prmID=15049&prmTipo=DOCUMENTO_COMISIONSESIONACTA
2024,Julio,232,24 jul. 2024,Celebrada,https://www.camara.cl/legislacion/comisiones/citacion_detalle.aspx?prmId=4890&prmIdSesion=78439,https://www.camara.cl/verDoc.aspx?prmID=252180&prmTipo=DOCUMENTO_COMISIONSESIONCUENTA,https://www.camara.cl/verDoc.aspx?prmID=13341&prmTipo=DOCUMENTO_COMISIONSESIONACTA
2024,Julio,231,24 jul. 2024,Celebrada,https://www.camara.cl/legislacion/comisiones/citacion_detalle.aspx?prmId=4890&prmIdSesion=78438,https://www.camara.cl/verDoc.aspx?prmID=252179&prmTipo=DOCUMENTO_COMISIONSESIONCUENTA,https://www.camara.cl/verDoc.aspx?prmID=13340&prmTipo=DOCUMENTO_COMISIONSESIONACTA
2024,Julio,230,23 jul. 2024,Celebrada,https://www.camara.cl/legislacion/comisiones/citacion_detalle.aspx?prmId=4890&prmIdSesion=78363,https://www.camara.cl/verDoc.aspx?prmID=260197&prmTipo=DOCUMENTO_COMISIONSESIONCUENTA,https://www.camara.cl/verDoc.aspx?prmID=21133&prmTipo=DOCUMENTO_COMISIONSESIONACTA
2024,Julio,229,22 jul. 2024,Celebrada,https://www.camara.cl/legislacion/comisiones/citacion_detalle.aspx?prmId=4890&prmIdSesion=78360,https://www.camara.cl/verDoc.aspx?prmID=260196&prmTipo=DOCUMENTO_COMISIONSESIONCUENTA,https://www.camara.cl/verDoc.aspx?prmID=21132&prmTipo=DOCUMENTO_COMISIONSESIONACTA
2024,Julio,228,10 jul. 2024,Celebrada,https://www.camara.cl/legislacion/comisiones/citacion_detalle.aspx?prmId=4890&prmIdSesion=78305,https://www.camara.cl/verDoc.aspx?prmID=253088&prmTipo=DOCUMENTO_COMISIONSESIONCUENTA,https://www.camara.cl/verDoc.aspx?prmID=14224&prmTipo=DOCUMENTO_COMISIONSESIONACTA
2024,Julio,227,09 jul. 2024,Celebrada,https://www.camara.cl/legislacion/comisiones/citacion_detalle.aspx?prmId=4890&prmIdSesion=78304,https://www.camara.cl/verDoc.aspx?prmID=253087&prmTipo=DOCUMENTO_COMISIONSESIONCUENTA,https://www.camara.cl/verDoc.aspx?prmID=14223&prmTipo=DOCUMENTO_COMISIONSESIONACTA
2024,Julio,226,03 jul. 2024,Celebrada,https://www.camara.cl/legislacion/comisiones/citacion_detalle.aspx?prmId=4890&prmIdSesion=78266,https://www.camara.cl/verDoc.aspx?prmID=259981&prmTipo=DOCUMENTO_COMISIONSESIONCUENTA,https://www.camara.cl/verDoc.aspx?prmID=20925&prmTipo=DOCUMENTO_COMISIONSESIONACTA
2024,Julio,225,02 jul. 2024,Celebrada,https://www.camara.cl/legislacion/comisiones/citacion_detalle.aspx?prmId=4890&prmIdSesion=78174,https://www.camara.cl/verDoc.aspx?prmID=261218&prmTipo=DOCUMENTO_COMISIONSESIONCUENTA,https://www.camara.cl/verDoc.aspx?prmID=22120&prmTipo=DOCUMENTO_COMISIONSESIONACTA
2024,Julio,224,01 jul. 2024,Celebrada,https://www.camara.cl/legislacion/comisiones/citacion_detalle.aspx?prmId=4890&prmIdSesion=78172,https://www.camara.cl/verDoc.aspx?prmID=252725&prmTipo=DOCUMENTO_COMISIONSESIONCUENTA,https://www.camara.cl/verDoc.aspx?prmID=13868&prmTipo=DOCUMENTO_COMISIONSESIONACTA
2024,Junio,223,19 jun. 2024,Celebrada,https://www.camara.cl/legislacion/comisiones/citacion_detalle.aspx?prmId=4890&prmIdSesion=78149,https://www.camara.cl/verDoc.aspx?prmID=260001&prmTipo=DOCUMENTO_COMISIONSESIONCUENTA,https://www.camara.cl/verDoc.aspx?prmID=20945&prmTipo=DOCUMENTO_COMISIONSESIONACTA
2024,Junio,222,18 jun. 2024,Celebrada,https://www.camara.cl/legislacion/comisiones/citacion_detalle.aspx?prmId=4890&prmIdSesion=78148,https://www.camara.cl/verDoc.aspx?prmID=260000&prmTipo=DOCUMENTO_COMISIONSESIONCUENTA,https://www.camara.cl/verDoc.aspx?prmID=20944&prmTipo=DOCUMENTO_COMISIONSESIONACTA
2024,Junio,221,17 jun. 2024,Celebrada,https://www.camara.cl/legislacion/comisiones/citacion_detalle.aspx?prmId=4890&prmIdSesion=78147,https://www.camara.cl/verDoc.aspx?prmID=259999&prmTipo=DOCUMENTO_COMISIONSESIONCUENTA,https://www.camara.cl/verDoc.aspx?prmID=20943&prmTipo=DOCUMENTO_COMISIONSESIONACTA
2024,Junio,220,12 jun. 2024,Celebrada,https://www.camara.cl/legislacion/comisiones/citacion_detalle.aspx?prmId=4890&prmIdSesion=78072,https://www.camara.cl/verDoc.aspx?prmID=262039&prmTipo=DOCUMENTO_COMISIONSESIONCUENTA,https://www.camara.cl/verDoc.aspx?prmID=22916&prmTipo=DOCUMENTO_COMISIONSESIONACTA
2024,Junio,219,11 jun. 2024,Celebrada,https://www.camara.cl/legislacion/comisiones/citacion_detalle.aspx?prmId=4890&prmIdSesion=78068,https://www.camara.cl/verDoc.aspx?prmID=262038&prmTipo=DOCUMENTO_COMISIONSESIONCUENTA,https://www.camara.cl/verDoc.aspx?prmID=22915&prmTipo=DOCUMENTO_COMISIONSESIONACTA
2024,Junio,218,10 jun. 2024,Celebrada,https://www.camara.cl/legislacion/comisiones/citacion_detalle.aspx?prmId=4890&prmIdSesion=78066,https://www.camara.cl/verDoc.aspx?prmID=262037&prmTipo=DOCUMENTO_COMISIONSESIONCUENTA,https://www.camara.cl/verDoc.aspx?prmID=22914&prmTipo=DOCUMENTO_COMISIONSESIONACTA
2024,Junio,217,05 jun. 2024,Celebrada,https://www.camara.cl/legislacion/comisiones/citacion_detalle.aspx?prmId=4890&prmIdSesion=78036,https://www.camara.cl/verDoc.aspx?prmID=256919&prmTipo=DOCUMENTO_COMISIONSESIONCUENTA,https://www.camara.cl/verDoc.aspx?prmID=17981&prmTipo=DOCUMENTO_COMISIONSESIONACTA
2024,Junio,216,05 jun. 2024,Celebrada,https://www.camara.cl/legislacion/comisiones/citacion_detalle.aspx?prmId=4890&prmIdSesion=78035,https://www.camara.cl/verDoc.aspx?prmID=256918&prmTipo=DOCUMENTO_COMISIONSESIONCUENTA,https://www.camara.cl/verDoc.aspx?prmID=17980&prmTipo=DOCUMENTO_COMISIONSESIONACTA
2024,Junio,215,04 jun. 2024,Celebrada,https://www.camara.cl/legislacion/comisiones/citacion_detalle.aspx?prmId=4890&prmIdSesion=78040,https://www.camara.cl/verDoc.aspx?prmID=251823&prmTipo=DOCUMENTO_COMISIONSESIONCUENTA,https://www.camara.cl/verDoc.aspx?prmID=12989&prmTipo=DOCUMENTO_COMISIONSESIONACTA
2024,Junio,214,03 jun. 2024,Celebrada,https://www.camara.cl/legislacion/comisiones/citacion_detalle.aspx?prmId=4890&prmIdSesion=78009,https://www.camara.cl/verDoc.aspx?prmID=258510&prmTipo=DOCUMENTO_COMISIONSESIONCUENTA,https://www.camara.cl/verDoc.aspx?prmID=19519&prmTipo=DOCUMENTO_COMISIONSESIONACTA
2024,Mayo,213,31 may. 2024,Celebrada,https://www.camara.cl/legislacion/comisiones/citacion_detalle.aspx?prmId=4890&prmIdSesion=77926,https://www.camara.cl/verDoc.aspx?prmID=253600&prmTipo=DOCUMENTO_COMISIONSESIONCUENTA,https://www.camara.cl/verDoc.aspx?prmID=14731&prmTipo=DOCUMENTO_COMISIONSESIONACTA
2024,Mayo,212,30 may. 2024,Celebrada,https://www.camara.cl/legislacion/comisiones/citacion_detalle.aspx?prmId=4890&prmIdSesion=77888,https://www.camara.cl/verDoc.aspx?prmID=257867&prmTipo=DOCUMENTO_COMISIONSESIONCUENTA,https://www.camara.cl/verDoc.aspx?prmID=18900&prmTipo=DOCUMENTO_COMISIONSESIONACTA
2024,Mayo,211,29 may. 2024,Celebrada,https://www.camara.cl/legislacion/comisiones/citacion_detalle.aspx?prmId=4890&prmIdSesion=77887,https://www.camara.cl/verDoc.aspx?prmID=257866&prmTipo=DOCUMENTO_COMISIONSESIONCUENTA,https://www.camara.cl/verDoc.aspx?prmID=18899&prmTipo=DOCUMENTO_COMISIONSESIONACTA
2024,Mayo,210,15 may. 2024,Celebrada,https://www.camara.cl/legislacion/comisiones/citacion_detalle.aspx?prmId=4890&prmIdSesion=77846,https://www.camara.cl/verDoc.aspx?prmID=259976&prmTipo=DOCUMENTO_COMISIONSESIONCUENTA,https://www.camara.cl/verDoc.aspx?prmID=20920&prmTipo=DOCUMENTO_COMISIONSESIONACTA
2024,Mayo,209,14 may. 2024,Celebrada,https://www.camara.cl/legislacion/comisiones/citacion_detalle.aspx?prmId=4890&prmIdSesion=77844,https://www.camara.cl/verDoc.aspx?prmID=259974&prmTipo=DOCUMENTO_COMISIONSESIONCUENTA,https://www.camara.cl/verDoc.aspx?prmID=20918&prmTipo=DOCUMENTO_COMISIONSESIONACTA
2024,Mayo,208,08 may. 2024,Celebrada,https://www.camara.cl/legislacion/comisiones/citacion_detalle.aspx?prmId=4890&prmIdSesion=77825,https://www.camara.cl/verDoc.aspx?prmID=258800&prmTipo=DOCUMENTO_COMISIONSESIONCUENTA,https://www.camara.cl/verDoc.aspx?prmID=19795&prmTipo=DOCUMENTO_COMISIONSESIONACTA
2024,Mayo,207,07 may. 2024,Celebrada,https://www.camara.cl/legislacion/comisiones/citacion_detalle.aspx?prmId=4890&prmIdSesion=77820,https://www.camara.cl/verDoc.aspx?prmID=256416&prmTipo=DOCUMENTO_COMISIONSESIONCUENTA,https://www.camara.cl/verDoc.aspx?prmID=17492&prmTipo=DOCUMENTO_COMISIONSESIONACTA
2024,Mayo,206,03 may. 2024,Celebrada,https://www.camara.cl/legislacion/comisiones/citacion_detalle.aspx?prmId=4890&prmIdSesion=77769,https://www.camara.cl/verDoc.aspx?prmID=246434&prmTipo=DOCUMENTO_COMISIONSESIONCUENTA,https://www.camara.cl/verDoc.aspx?prmID=185&prmTipo=DOCUMENTO_COMISIONSESIONACTA
2024,Mayo,205,03 may. 2024,Celebrada,https://www.camara.cl/legislacion/comisiones/citacion_detalle.aspx?prmId=4890&prmIdSesion=77768,https://www.camara.cl/verDoc.aspx?prmID=246433&prmTipo=DOCUMENTO_COMISIONSESIONCUENTA,https://www.camara.cl/verDoc.aspx?prmID=184&prmTipo=DOCUMENTO_COMISIONSESIONACTA
2024,Mayo,204,03 may. 2024,Celebrada,https://www.camara.cl/legislacion/comisiones/citacion_detalle.aspx?prmId=4890&prmIdSesion=77779,https://www.camara.cl/verDoc.aspx?prmID=255253&prmTipo=DOCUMENTO_COMISIONSESIONCUENTA,https://www.camara.cl/verDoc.aspx?prmID=16353&prmTipo=DOCUMENTO_COMISIONSESIONACTA
2024,Abril,204,24 abr. 2024,Suspendida,https://www.camara.cl/legislacion/comisiones/citacion_detalle.aspx?prmId=4890&prmIdSesion=77638,No,No
2024,Abril,203,24 abr. 2024,Celebrada,https://www.camara.cl/legislacion/comisiones/citacion_detalle.aspx?prmId=4890&prmIdSesion=77705,https://www.camara.cl/verDoc.aspx?prmID=247057&prmTipo=DOCUMENTO_COMISIONSESIONCUENTA,https://www.camara.cl/verDoc.aspx?prmID=795&prmTipo=DOCUMENTO_COMISIONSESIONACTA
2024,Abril,202,22 abr. 2024,Celebrada,https://www.camara.cl/legislacion/comisiones/citacion_detalle.aspx?prmId=4890&prmIdSesion=77637,https://www.camara.cl/verDoc.aspx?prmID=254310&prmTipo=DOCUMENTO_COMISIONSESIONCUENTA,https://www.camara.cl/verDoc.aspx?prmID=15426&prmTipo=DOCUMENTO_COMISIONSESIONACTA
2024,Abril,201,17 abr. 2024,Celebrada,https://www.camara.cl/legislacion/comisiones/citacion_detalle.aspx?prmId=4890&prmIdSesion=77626,https://www.camara.cl/verDoc.aspx?prmID=261212&prmTipo=DOCUMENTO_COMISIONSESIONCUENTA,https://www.camara.cl/verDoc.aspx?prmID=22114&prmTipo=DOCUMENTO_COMISIONSESIONACTA
2024,Abril,200,17 abr. 2024,Celebrada,https://www.camara.cl/legislacion/comisiones/citacion_detalle.aspx?prmId=4890&prmIdSesion=77625,https://www.camara.cl/verDoc.aspx?prmID=261211&prmTipo=DOCUMENTO_COMISIONSESIONCUENTA,https://www.camara.cl/verDoc.aspx?prmID=22113&prmTipo=DOCUMENTO_COMISIONSESIONACTA
2024,Abril,199,16 abr. 2024,Celebrada,https://www.camara.cl/legislacion/comisiones/citacion_detalle.aspx?prmId=4890&prmIdSesion=77616,https://www.camara.cl/verDoc.aspx?prmID=259204&prmTipo=DOCUMENTO_COMISIONSESIONCUENTA,https://www.camara.cl/verDoc.aspx?prmID=20186&prmTipo=DOCUMENTO_COMISIONSESIONACTA
2024,Abril,198,16 abr. 2024,Celebrada,https://www.camara.cl/legislacion/comisiones/citacion_detalle.aspx?prmId=4890&prmIdSesion=77614,https://www.camara.cl/verDoc.aspx?prmID=259203&prmTipo=DOCUMENTO_COMISIONSESIONCUENTA,https://www.camara.cl/verDoc.aspx?prmID=20185&prmTipo=DOCUMENTO_COMISIONSESIONACTA
2024,Abril,197,15 abr. 2024,Celebrada,https://www.camara.cl/legislacion/comisiones/citacion_detalle.aspx?prmId=4890&prmIdSesion=77584,https://www.camara.cl/verDoc.aspx?prmID=253124&prmTipo=DOCUMENTO_COMISIONSESIONCUENTA,https://www.camara.cl/verDoc.aspx?prmID=14260&prmTipo=DOCUMENTO_COMISIONSESIONACTA
2024,Abril,196,10 abr. 2024,Celebrada,https://www.camara.cl/legislacion/comisiones/citacion_detalle.aspx?prmId=4890&prmIdSesion=77580,https://www.camara.cl/verDoc.aspx?prmID=253125&prmTipo=DOCUMENTO_COMISIONSESIONCUENTA,https://www.camara.cl/verDoc.aspx?prmID=14261&prmTipo=DOCUMENTO_COMISIONSESIONACTA
2024,Abril,195,09 abr. 2024,Celebrada,https://www.camara.cl/legislacion/comisiones/citacion_detalle.aspx?prmId=4890&prmIdSesion=77563,https://www.camara.cl/verDoc.aspx?prmID=260118&prmTipo=DOCUMENTO_COMISIONSESIONCUENTA,https://www.camara.cl/verDoc.aspx?prmID=21060&prmTipo=DOCUMENTO_COMISIONSESIONACTA
2024,Abril,194,09 abr. 2024,Celebrada,https://www.camara.cl/legislacion/comisiones/citacion_detalle.aspx?prmId=4890&prmIdSesion=77561,https://www.camara.cl/verDoc.aspx?prmID=260117&prmTipo=DOCUMENTO_COMISIONSESIONCUENTA,https://www.camara.cl/verDoc.aspx?prmID=21059&prmTipo=DOCUMENTO_COMISIONSESIONACTA
2024,Abril,193,08 abr. 2024,Celebrada,https://www.camara.cl/legislacion/comisiones/citacion_detalle.aspx?prmId=4890&prmIdSesion=77514,https://www.camara.cl/verDoc.aspx?prmID=256237&prmTipo=DOCUMENTO_COMISIONSESIONCUENTA,https://www.camara.cl/verDoc.aspx?prmID=17318&prmTipo=DOCUMENTO_COMISIONSESIONACTA
2024,Abril,192,03 abr. 2024,Celebrada,https://www.camara.cl/legislacion/comisiones/citacion_detalle.aspx?prmId=4890&prmIdSesion=77486,https://www.camara.cl/verDoc.aspx?prmID=262170&prmTipo=DOCUMENTO_COMISIONSESIONCUENTA,https://www.camara.cl/verDoc.aspx?prmID=23047&prmTipo=DOCUMENTO_COMISIONSESIONACTA
2024,Abril,191,03 abr. 2024,Celebrada,https://www.camara.cl/legislacion/comisiones/citacion_detalle.aspx?prmId=4890&prmIdSesion=77485,https://www.camara.cl/verDoc.aspx?prmID=259583&prmTipo=DOCUMENTO_COMISIONSESIONCUENTA,https://www.camara.cl/verDoc.aspx?prmID=20542&prmTipo=DOCUMENTO_COMISIONSESIONACTA
2024,Abril,190,02 abr. 2024,Celebrada,https://www.camara.cl/legislacion/comisiones/citacion_detalle.aspx?prmId=4890&prmIdSesion=77464,https://www.camara.cl/verDoc.aspx?prmID=254259&prmTipo=DOCUMENTO_COMISIONSESIONCUENTA,https://www.camara.cl/verDoc.aspx?prmID=15379&prmTipo=DOCUMENTO_COMISIONSESIONACTA
2024,Abril,189,02 abr. 2024,Celebrada,https://www.camara.cl/legislacion/comisiones/citacion_detalle.aspx?prmId=4890&prmIdSesion=77463,https://www.camara.cl/verDoc.aspx?prmID=254258&prmTipo=DOCUMENTO_COMISIONSESIONCUENTA,https://www.camara.cl/verDoc.aspx?prmID=15378&prmTipo=DOCUMENTO_COMISIONSESIONACTA
2024,Abril,188,01 abr. 2024,Celebrada,https://www.camara.cl/legislacion/comisiones/citacion_detalle.aspx?prmId=4890&prmIdSesion=77462,https://www.camara.cl/verDoc.aspx?prmID=254257&prmTipo=DOCUMENTO_COMISIONSESIONCUENTA,https://www.camara.cl/verDoc.aspx?prmID=15377&prmTipo=DOCUMENTO_COMISIONSESIONACTA
2024,Marzo,187,20 mar. 2024,Celebrada,https://www.camara.cl/legislacion/comisiones/citacion_detalle.aspx?prmId=4890&prmIdSesion=77387,https://www.camara.cl/verDoc.aspx?prmID=259443&prmTipo=DOCUMENTO_COMISIONSESIONCUENTA,https://www.camara.cl/verDoc.aspx?prmID=20406&prmTipo=DOCUMENTO_COMISIONSESIONACTA
2024,Marzo,186,19 mar. 2024,Celebrada,https://www.camara.cl/legislacion/comisiones/citacion_detalle.aspx?prmId=4890&prmIdSesion=77380,https://www.camara.cl/verDoc.aspx?prmID=260700&prmTipo=DOCUMENTO_COMISIONSESIONCUENTA,https://www.camara.cl/verDoc.aspx?prmID=21622&prmTipo=DOCUMENTO_COMISIONSESIONACTA
2024,Marzo,185,18 mar. 2024,Celebrada,https://www.camara.cl/legislacion/comisiones/citacion_detalle.aspx?prmId=4890&prmIdSesion=77334,https://www.camara.cl/verDoc.aspx?prmID=255250&prmTipo=DOCUMENTO_COMISIONSESIONCUENTA,https://www.camara.cl/verDoc.aspx?prmID=16350&prmTipo=DOCUMENTO_COMISIONSESIONACTA
2024,Marzo,184,13 mar. 2024,Celebrada,https://www.camara.cl/legislacion/comisiones/citacion_detalle.aspx?prmId=4890&prmIdSesion=77280,https://www.camara.cl/verDoc.aspx?prmID=261455&prmTipo=DOCUMENTO_COMISIONSESIONCUENTA,https://www.camara.cl/verDoc.aspx?prmID=22352&prmTipo=DOCUMENTO_COMISIONSESIONACTA
2024,Marzo,183,13 mar. 2024,Celebrada,https://www.camara.cl/legislacion/comisiones/citacion_detalle.aspx?prmId=4890&prmIdSesion=77300,https://www.camara.cl/verDoc.aspx?prmID=256046&prmTipo=DOCUMENTO_COMISIONSESIONCUENTA,https://www.camara.cl/verDoc.aspx?prmID=17135&prmTipo=DOCUMENTO_COMISIONSESIONACTA
2024,Marzo,182,12 mar. 2024,Celebrada,https://www.camara.cl/legislacion/comisiones/citacion_detalle.aspx?prmId=4890&prmIdSesion=77299,https://www.camara.cl/verDoc.aspx?prmID=256045&prmTipo=DOCUMENTO_COMISIONSESIONCUENTA,https://www.camara.cl/verDoc.aspx?prmID=17134&prmTipo=DOCUMENTO_COMISIONSESIONACTA
2024,Marzo,181,12 mar. 2024,Celebrada,https://www.camara.cl/legislacion/comisiones/citacion_detalle.aspx?prmId=4890&prmIdSesion=77243,https://www.camara.cl/verDoc.aspx?prmID=250763&prmTipo=DOCUMENTO_COMISIONSESIONCUENTA,https://www.camara.cl/verDoc.aspx?prmID=11935&prmTipo=DOCUMENTO_COMISIONSESIONACTA
2024,Marzo,180,11 mar. 2024,Celebrada,https://www.camara.cl/legislacion/comisiones/citacion_detalle.aspx?prmId=4890&prmIdSesion=77233,https://www.camara.cl/verDoc.aspx?prmID=260588&prmTipo=DOCUMENTO_COMISIONSESIONCUENTA,https://www.camara.cl/verDoc.aspx?prmID=21516&prmTipo=DOCUMENTO_COMISIONSESIONACTA
2024,Marzo,179,06 mar. 2024,Celebrada,https://www.camara.cl/legislacion/comisiones/citacion_detalle.aspx?prmId=4890&prmIdSesion=77221,https://www.camara.cl/verDoc.aspx?prmID=261029&prmTipo=DOCUMENTO_COMISIONSESIONCUENTA,https://www.camara.cl/verDoc.aspx?prmID=21933&prmTipo=DOCUMENTO_COMISIONSESIONACTA
2024,Marzo,178,06 mar. 2024,Celebrada,https://www.camara.cl/legislacion/comisiones/citacion_detalle.aspx?prmId=4890&prmIdSesion=77220,https://www.camara.cl/verDoc.aspx?prmID=261028&prmTipo=DOCUMENTO_COMISIONSESIONCUENTA,https://www.camara.cl/verDoc.aspx?prmID=21932&prmTipo=DOCUMENTO_COMISIONSESIONACTA
2024,Marzo,177,05 mar. 2024,Celebrada,https://www.camara.cl/legislacion/comisiones/citacion_detalle.aspx?prmId=4890&prmIdSesion=77204,https://www.camara.cl/verDoc.aspx?prmID=260283&prmTipo=DOCUMENTO_COMISIONSESIONCUENTA,https://www.camara.cl/verDoc.aspx?prmID=21218&prmTipo=DOCUMENTO_COMISIONSESIONACTA
2024,Marzo,176,05 mar. 2024,Celebrada,https://www.camara.cl/legislacion/comisiones/citacion_detalle.aspx?prmId=4890&prmIdSesion=77205,https://www.camara.cl/verDoc.aspx?prmID=260284&prmTipo=DOCUMENTO_COMISIONSESIONCUENTA,https://www.camara.cl/verDoc.aspx?prmID=21219&prmTipo=DOCUMENTO_COMISIONSESIONACTA
2024,Marzo,175,04 mar. 2024,Celebrada,https://www.camara.cl/legislacion/comisiones/citacion_detalle.aspx?prmId=4890&prmIdSesion=77179,https://www.camara.cl/verDoc.aspx?prmID=258391&prmTipo=DOCUMENTO_COMISIONSESIONCUENTA,https://www.camara.cl/verDoc.aspx?prmID=19400&prmTipo=DOCUMENTO_COMISIONSESIONACTA
2024,Enero,174,29 ene. 2024,Celebrada,https://www.camara.cl/legislacion/comisiones/citacion_detalle.aspx?prmId=4890&prmIdSesion=77092,https://www.camara.cl/verDoc.aspx?prmID=252713&prmTipo=DOCUMENTO_COMISIONSESIONCUENTA,https://www.camara.cl/verDoc.aspx?prmID=13858&prmTipo=DOCUMENTO_COMISIONSESIONACTA
2024,Enero,174,24 ene. 2024,Suspendida,https://www.camara.cl/legislacion/comisiones/citacion_detalle.aspx?prmId=4890&prmIdSesion=77079,No,No
2024,Enero,173,22 ene. 2024,Celebrada,https://www.camara.cl/legislacion/comisiones/citacion_detalle.aspx?prmId=4890&prmIdSesion=77043,https://www.camara.cl/verDoc.aspx?prmID=260849&prmTipo=DOCUMENTO_COMISIONSESIONCUENTA,https://www.camara.cl/verDoc.aspx?prmID=21761&prmTipo=DOCUMENTO_COMISIONSESIONACTA
2024,Enero,172,19 ene. 2024,Celebrada,https://www.camara.cl/legislacion/comisiones/citacion_detalle.aspx?prmId=4890&prmIdSesion=76992,https://www.camara.cl/verDoc.aspx?prmID=255247&prmTipo=DOCUMENTO_COMISIONSESIONCUENTA,https://www.camara.cl/verDoc.aspx?prmID=16347&prmTipo=DOCUMENTO_COMISIONSESIONACTA
2024,Enero,171,19 ene. 2024,Celebrada,https://www.camara.cl/legislacion/comisiones/citacion_detalle.aspx?prmId=4890&prmIdSesion=76991,https://www.camara.cl/verDoc.aspx?prmID=255246&prmTipo=DOCUMENTO_COMISIONSESIONCUENTA,https://www.camara.cl/verDoc.aspx?prmID=16346&prmTipo=DOCUMENTO_COMISIONSESIONACTA
2024,Enero,170,17 ene. 2024,Celebrada,https://www.camara.cl/legislacion/comisiones/citacion_detalle.aspx?prmId=4890&prmIdSesion=77008,https://www.camara.cl/verDoc.aspx?prmID=255205&prmTipo=DOCUMENTO_COMISIONSESIONCUENTA,https://www.camara.cl/verDoc.aspx?prmID=16302&prmTipo=DOCUMENTO_COMISIONSESIONACTA
2024,Enero,169,17 ene. 2024,Celebrada,https://www.camara.cl/legislacion/comisiones/citacion_detalle.aspx?prmId=4890&prmIdSesion=77002,https://www.camara.cl/verDoc.aspx?prmID=255204&prmTipo=DOCUMENTO_COMISIONSESIONCUENTA,https://www.camara.cl/verDoc.aspx?prmID=16301&prmTipo=DOCUMENTO_COMISIONSESIONACTA
2024,Enero,168,16 ene. 2024,Celebrada,https://www.camara.cl/legislacion/comisiones/citacion_detalle.aspx?prmId=4890&prmIdSesion=76999,https://www.camara.cl/verDoc.aspx?prmID=255202&prmTipo=DOCUMENTO_COMISIONSESIONCUENTA,https://www.camara.cl/verDoc.aspx?prmID=16299&prmTipo=DOCUMENTO_COMISIONSESIONACTA
2024,Enero,167,16 ene. 2024,Celebrada,https://www.camara.cl/legislacion/comisiones/citacion_detalle.aspx?prmId=4890&prmIdSesion=77001,https://www.camara.cl/verDoc.aspx?prmID=255203&prmTipo=DOCUMENTO_COMISIONSESIONCUENTA,https://www.camara.cl/verDoc.aspx?prmID=16300&prmTipo=DOCUMENTO_COMISIONSESIONACTA
2024,Enero,166,15 ene. 2024,Celebrada,https://www.camara.cl/legislacion/comisiones/citacion_detalle.aspx?prmId=4890&prmIdSesion=76908,https://www.camara.cl/verDoc.aspx?prmID=255072&prmTipo=DOCUMENTO_COMISIONSESIONCUENTA,https://www.camara.cl/verDoc.aspx?prmID=16168&prmTipo=DOCUMENTO_COMISIONSESIONACTA
2024,Enero,165,10 ene. 2024,Celebrada,https://www.camara.cl/legislacion/comisiones/citacion_detalle.aspx?prmId=4890&prmIdSesion=76927,https://www.camara.cl/verDoc.aspx?prmID=261415&prmTipo=DOCUMENTO_COMISIONSESIONCUENTA,https://www.camara.cl/verDoc.aspx?prmID=22312&prmTipo=DOCUMENTO_COMISIONSESIONACTA
2024,Enero,164,09 ene. 2024,Celebrada,https://www.camara.cl/legislacion/comisiones/citacion_detalle.aspx?prmId=4890&prmIdSesion=76885,https://www.camara.cl/verDoc.aspx?prmID=255839&prmTipo=DOCUMENTO_COMISIONSESIONCUENTA,https://www.camara.cl/verDoc.aspx?prmID=16934&prmTipo=DOCUMENTO_COMISIONSESIONACTA
2024,Enero,163,09 ene. 2024,Celebrada,https://www.camara.cl/legislacion/comisiones/citacion_detalle.aspx?prmId=4890&prmIdSesion=76851,https://www.camara.cl/verDoc.aspx?prmID=254614&prmTipo=DOCUMENTO_COMISIONSESIONCUENTA,https://www.camara.cl/verDoc.aspx?prmID=15717&prmTipo=DOCUMENTO_COMISIONSESIONACTA
2024,Enero,162,08 ene. 2024,Celebrada,https://www.camara.cl/legislacion/comisiones/citacion_detalle.aspx?prmId=4890&prmIdSesion=76850,https://www.camara.cl/verDoc.aspx?prmID=254613&prmTipo=DOCUMENTO_COMISIONSESIONCUENTA,https://www.camara.cl/verDoc.aspx?prmID=15716&prmTipo=DOCUMENTO_COMISIONSESIONACTA
2024,Enero,161,03 ene. 2024,Celebrada,https://www.camara.cl/legislacion/comisiones/citacion_detalle.aspx?prmId=4890&prmIdSesion=76808,https://www.camara.cl/verDoc.aspx?prmID=255581&prmTipo=DOCUMENTO_COMISIONSESIONCUENTA,https://www.camara.cl/verDoc.aspx?prmID=16677&prmTipo=DOCUMENTO_COMISIONSESIONACTA
2023,Diciembre,160,20 dic. 2023,Celebrada,https://www.camara.cl/legislacion/comisiones/citacion_detalle.aspx?prmId=4890&prmIdSesion=76741,https://www.camara.cl/verDoc.aspx?prmID=246843&prmTipo=DOCUMENTO_COMISIONSESIONCUENTA,https://www.camara.cl/verDoc.aspx?prmID=588&prmTipo=DOCUMENTO_COMISIONSESIONACTA
2023,Diciembre,159,19 dic. 2023,Celebrada,https://www.camara.cl/legislacion/comisiones/citacion_detalle.aspx?prmId=4890&prmIdSesion=76739,https://www.camara.cl/verDoc.aspx?prmID=256231&prmTipo=DOCUMENTO_COMISIONSESIONCUENTA,https://www.camara.cl/verDoc.aspx?prmID=17312&prmTipo=DOCUMENTO_COMISIONSESIONACTA
2023,Diciembre,158,18 dic. 2023,Celebrada,https://www.camara.cl/legislacion/comisiones/citacion_detalle.aspx?prmId=4890&prmIdSesion=76697,https://www.camara.cl/verDoc.aspx?prmID=247154&prmTipo=DOCUMENTO_COMISIONSESIONCUENTA,https://www.camara.cl/verDoc.aspx?prmID=887&prmTipo=DOCUMENTO_COMISIONSESIONACTA
2023,Diciembre,157,14 dic. 2023,Celebrada,https://www.camara.cl/legislacion/comisiones/citacion_detalle.aspx?prmId=4890&prmIdSesion=76691,https://www.camara.cl/verDoc.aspx?prmID=247153&prmTipo=DOCUMENTO_COMISIONSESIONCUENTA,https://www.camara.cl/verDoc.aspx?prmID=886&prmTipo=DOCUMENTO_COMISIONSESIONACTA
2023,Diciembre,156,14 dic. 2023,Celebrada,https://www.camara.cl/legislacion/comisiones/citacion_detalle.aspx?prmId=4890&prmIdSesion=76680,https://www.camara.cl/verDoc.aspx?prmID=246580&prmTipo=DOCUMENTO_COMISIONSESIONCUENTA,https://www.camara.cl/verDoc.aspx?prmID=326&prmTipo=DOCUMENTO_COMISIONSESIONACTA
2023,Diciembre,155,13 dic. 2023,Celebrada,https://www.camara.cl/legislacion/comisiones/citacion_detalle.aspx?prmId=4890&prmIdSesion=76667,https://www.camara.cl/verDoc.aspx?prmID=260069&prmTipo=DOCUMENTO_COMISIONSESIONCUENTA,https://www.camara.cl/verDoc.aspx?prmID=21013&prmTipo=DOCUMENTO_COMISIONSESIONACTA
2023,Diciembre,154,13 dic. 2023,Celebrada,https://www.camara.cl/legislacion/comisiones/citacion_detalle.aspx?prmId=4890&prmIdSesion=76666,https://www.camara.cl/verDoc.aspx?prmID=260068&prmTipo=DOCUMENTO_COMISIONSESIONCUENTA,https://www.camara.cl/verDoc.aspx?prmID=21012&prmTipo=DOCUMENTO_COMISIONSESIONACTA
2023,Diciembre,153,12 dic. 2023,Celebrada,https://www.camara.cl/legislacion/comisiones/citacion_detalle.aspx?prmId=4890&prmIdSesion=76660,https://www.camara.cl/verDoc.aspx?prmID=256914&prmTipo=DOCUMENTO_COMISIONSESIONCUENTA,https://www.camara.cl/verDoc.aspx?prmID=17976&prmTipo=DOCUMENTO_COMISIONSESIONACTA
2023,Diciembre,152,12 dic. 2023,Celebrada,https://www.camara.cl/legislacion/comisiones/citacion_detalle.aspx?prmId=4890&prmIdSesion=76641,https://www.camara.cl/verDoc.aspx?prmID=259547&prmTipo=DOCUMENTO_COMISIONSESIONCUENTA,https://www.camara.cl/verDoc.aspx?prmID=20507&prmTipo=DOCUMENTO_COMISIONSESIONACTA
2023,Diciembre,151,11 dic. 2023,Celebrada,https://www.camara.cl/legislacion/comisiones/citacion_detalle.aspx?prmId=4890&prmIdSesion=76527,https://www.camara.cl/verDoc.aspx?prmID=257222&prmTipo=DOCUMENTO_COMISIONSESIONCUENTA,https://www.camara.cl/verDoc.aspx?prmID=18273&prmTipo=DOCUMENTO_COMISIONSESIONACTA
2023,Noviembre,150,29 nov. 2023,Celebrada,https://www.camara.cl/legislacion/comisiones/citacion_detalle.aspx?prmId=4890&prmIdSesion=76496,https://www.camara.cl/verDoc.aspx?prmID=253917&prmTipo=DOCUMENTO_COMISIONSESIONCUENTA,https://www.camara.cl/verDoc.aspx?prmID=15044&prmTipo=DOCUMENTO_COMISIONSESIONACTA
2023,Noviembre,149,28 nov. 2023,Celebrada,https://www.camara.cl/legislacion/comisiones/citacion_detalle.aspx?prmId=4890&prmIdSesion=76456,https://www.camara.cl/verDoc.aspx?prmID=258385&prmTipo=DOCUMENTO_COMISIONSESIONCUENTA,https://www.camara.cl/verDoc.aspx?prmID=19394&prmTipo=DOCUMENTO_COMISIONSESIONACTA
2023,Noviembre,148,22 nov. 2023,Celebrada,https://www.camara.cl/legislacion/comisiones/citacion_detalle.aspx?prmId=4890&prmIdSesion=76399,https://www.camara.cl/verDoc.aspx?prmID=257459&prmTipo=DOCUMENTO_COMISIONSESIONCUENTA,https://www.camara.cl/verDoc.aspx?prmID=18508&prmTipo=DOCUMENTO_COMISIONSESIONACTA
2023,Noviembre,147,21 nov. 2023,Celebrada,https://www.camara.cl/legislacion/comisiones/citacion_detalle.aspx?prmId=4890&prmIdSesion=76350,https://www.camara.cl/verDoc.aspx?prmID=258617&prmTipo=DOCUMENTO_COMISIONSESIONCUENTA,https://www.camara.cl/verDoc.aspx?prmID=19625&prmTipo=DOCUMENTO_COMISIONSESIONACTA
2023,Noviembre,147,07 nov. 2023,Suspendida,https://www.camara.cl/legislacion/comisiones/citacion_detalle.aspx?prmId=4890&prmIdSesion=76217,No,No
2023,Noviembre,146,07 nov. 2023,Celebrada,https://www.camara.cl/legislacion/comisiones/citacion_detalle.aspx?prmId=4890&prmIdSesion=76243,https://www.camara.cl/verDoc.aspx?prmID=262334&prmTipo=DOCUMENTO_COMISIONSESIONCUENTA,https://www.camara.cl/verDoc.aspx?prmID=23203&prmTipo=DOCUMENTO_COMISIONSESIONACTA
2023,Octubre,146,25 oct. 2023,Suspendida,https://www.camara.cl/legislacion/comisiones/citacion_detalle.aspx?prmId=4890&prmIdSesion=76159,No,No
2023,Octubre,145,24 oct. 2023,Celebrada,https://www.camara.cl/legislacion/comisiones/citacion_detalle.aspx?prmId=4890&prmIdSesion=76107,https://www.camara.cl/verDoc.aspx?prmID=257212&prmTipo=DOCUMENTO_COMISIONSESIONCUENTA,https://www.camara.cl/verDoc.aspx?prmID=18263&prmTipo=DOCUMENTO_COMISIONSESIONACTA
2023,Octubre,144,23 oct. 2023,Celebrada,https://www.camara.cl/legislacion/comisiones/citacion_detalle.aspx?prmId=4890&prmIdSesion=76101,https://www.camara.cl/verDoc.aspx?prmID=257211&prmTipo=DOCUMENTO_COMISIONSESIONCUENTA,https://www.camara.cl/verDoc.aspx?prmID=18262&prmTipo=DOCUMENTO_COMISIONSESIONACTA
2023,Octubre,143,18 oct. 2023,Celebrada,https://www.camara.cl/legislacion/comisiones/citacion_detalle.aspx?prmId=4890&prmIdSesion=76081,https://www.camara.cl/verDoc.aspx?prmID=249902&prmTipo=DOCUMENTO_COMISIONSESIONCUENTA,https://www.camara.cl/verDoc.aspx?prmID=11083&prmTipo=DOCUMENTO_COMISIONSESIONACTA
2023,Octubre,142,17 oct. 2023,Celebrada,https://www.camara.cl/legislacion/comisiones/citacion_detalle.aspx?prmId=4890&prmIdSesion=76020,https://www.camara.cl/verDoc.aspx?prmID=256145&prmTipo=DOCUMENTO_COMISIONSESIONCUENTA,https://www.camara.cl/verDoc.aspx?prmID=17230&prmTipo=DOCUMENTO_COMISIONSESIONACTA
2023,Octubre,141,11 oct. 2023,Celebrada,https://www.camara.cl/legislacion/comisiones/citacion_detalle.aspx?prmId=4890&prmIdSesion=75976,https://www.camara.cl/verDoc.aspx?prmID=259702&prmTipo=DOCUMENTO_COMISIONSESIONCUENTA,https://www.camara.cl/verDoc.aspx?prmID=20658&prmTipo=DOCUMENTO_COMISIONSESIONACTA
2023,Octubre,140,10 oct. 2023,Celebrada,https://www.camara.cl/legislacion/comisiones/citacion_detalle.aspx?prmId=4890&prmIdSesion=75905,https://www.camara.cl/verDoc.aspx?prmID=256913&prmTipo=DOCUMENTO_COMISIONSESIONCUENTA,https://www.camara.cl/verDoc.aspx?prmID=17975&prmTipo=DOCUMENTO_COMISIONSESIONACTA
2023,Octubre,139,04 oct. 2023,Celebrada,https://www.camara.cl/legislacion/comisiones/citacion_detalle.aspx?prmId=4890&prmIdSesion=75891,https://www.camara.cl/verDoc.aspx?prmID=260812&prmTipo=DOCUMENTO_COMISIONSESIONCUENTA,https://www.camara.cl/verDoc.aspx?prmID=21728&prmTipo=DOCUMENTO_COMISIONSESIONACTA
2023,Septiembre,139,26 sep. 2023,Suspendida,https://www.camara.cl/legislacion/comisiones/citacion_detalle.aspx?prmId=4890&prmIdSesion=75776,No,No
2023,Septiembre,138,13 sep. 2023,Celebrada,https://www.camara.cl/legislacion/comisiones/citacion_detalle.aspx?prmId=4890&prmIdSesion=75711,https://www.camara.cl/verDoc.aspx?prmID=260189&prmTipo=DOCUMENTO_COMISIONSESIONCUENTA,https://www.camara.cl/verDoc.aspx?prmID=21128&prmTipo=DOCUMENTO_COMISIONSESIONACTA
2023,Septiembre,137,12 sep. 2023,Celebrada,https://www.camara.cl/legislacion/comisiones/citacion_detalle.aspx?prmId=4890&prmIdSesion=75710,https://www.camara.cl/verDoc.aspx?prmID=260188&prmTipo=DOCUMENTO_COMISIONSESIONCUENTA,https://www.camara.cl/verDoc.aspx?prmID=21127&prmTipo=DOCUMENTO_COMISIONSESIONACTA
2023,Septiembre,136,06 sep. 2023,Celebrada,https://www.camara.cl/legislacion/comisiones/citacion_detalle.aspx?prmId=4890&prmIdSesion=75625,https://www.camara.cl/verDoc.aspx?prmID=260801&prmTipo=DOCUMENTO_COMISIONSESIONCUENTA,https://www.camara.cl/verDoc.aspx?prmID=21719&prmTipo=DOCUMENTO_COMISIONSESIONACTA
2023,Septiembre,135,06 sep. 2023,Celebrada,https://www.camara.cl/legislacion/comisiones/citacion_detalle.aspx?prmId=4890&prmIdSesion=75700,https://www.camara.cl/verDoc.aspx?prmID=260939&prmTipo=DOCUMENTO_COMISIONSESIONCUENTA,https://www.camara.cl/verDoc.aspx?prmID=21846&prmTipo=DOCUMENTO_COMISIONSESIONACTA
2023,Septiembre,134,05 sep. 2023,Celebrada,https://www.camara.cl/legislacion/comisiones/citacion_detalle.aspx?prmId=4890&prmIdSesion=75624,https://www.camara.cl/verDoc.aspx?prmID=260800&prmTipo=DOCUMENTO_COMISIONSESIONCUENTA,https://www.camara.cl/verDoc.aspx?prmID=21718&prmTipo=DOCUMENTO_COMISIONSESIONACTA
2023,Agosto,133,30 ago. 2023,Celebrada,https://www.camara.cl/legislacion/comisiones/citacion_detalle.aspx?prmId=4890&prmIdSesion=75621,https://www.camara.cl/verDoc.aspx?prmID=260799&prmTipo=DOCUMENTO_COMISIONSESIONCUENTA,https://www.camara.cl/verDoc.aspx?prmID=21717&prmTipo=DOCUMENTO_COMISIONSESIONACTA
2023,Agosto,132,29 ago. 2023,Celebrada,https://www.camara.cl/legislacion/comisiones/citacion_detalle.aspx?prmId=4890&prmIdSesion=75567,https://www.camara.cl/verDoc.aspx?prmID=258198&prmTipo=DOCUMENTO_COMISIONSESIONCUENTA,https://www.camara.cl/verDoc.aspx?prmID=19212&prmTipo=DOCUMENTO_COMISIONSESIONACTA
2023,Agosto,131,28 ago. 2023,Celebrada,https://www.camara.cl/legislacion/comisiones/citacion_detalle.aspx?prmId=4890&prmIdSesion=75566,https://www.camara.cl/verDoc.aspx?prmID=258197&prmTipo=DOCUMENTO_COMISIONSESIONCUENTA,https://www.camara.cl/verDoc.aspx?prmID=19211&prmTipo=DOCUMENTO_COMISIONSESIONACTA
2023,Agosto,130,23 ago. 2023,Celebrada,https://www.camara.cl/legislacion/comisiones/citacion_detalle.aspx?prmId=4890&prmIdSesion=75510,https://www.camara.cl/verDoc.aspx?prmID=256786&prmTipo=DOCUMENTO_COMISIONSESIONCUENTA,https://www.camara.cl/verDoc.aspx?prmID=17846&prmTipo=DOCUMENTO_COMISIONSESIONACTA
2023,Agosto,129,22 ago. 2023,Celebrada,https://www.camara.cl/legislacion/comisiones/citacion_detalle.aspx?prmId=4890&prmIdSesion=75499,https://www.camara.cl/verDoc.aspx?prmID=257560&prmTipo=DOCUMENTO_COMISIONSESIONCUENTA,https://www.camara.cl/verDoc.aspx?prmID=18605&prmTipo=DOCUMENTO_COMISIONSESIONACTA
2023,Agosto,128,09 ago. 2023,Celebrada,https://www.camara.cl/legislacion/comisiones/citacion_detalle.aspx?prmId=4890&prmIdSesion=75468,https://www.camara.cl/verDoc.aspx?prmID=256375&prmTipo=DOCUMENTO_COMISIONSESIONCUENTA,https://www.camara.cl/verDoc.aspx?prmID=17452&prmTipo=DOCUMENTO_COMISIONSESIONACTA
2023,Agosto,127,09 ago. 2023,Celebrada,https://www.camara.cl/legislacion/comisiones/citacion_detalle.aspx?prmId=4890&prmIdSesion=75467,https://www.camara.cl/verDoc.aspx?prmID=256374&prmTipo=DOCUMENTO_COMISIONSESIONCUENTA,https://www.camara.cl/verDoc.aspx?prmID=17451&prmTipo=DOCUMENTO_COMISIONSESIONACTA
2023,Agosto,126,08 ago. 2023,Celebrada,https://www.camara.cl/legislacion/comisiones/citacion_detalle.aspx?prmId=4890&prmIdSesion=75431,https://www.camara.cl/verDoc.aspx?prmID=251567&prmTipo=DOCUMENTO_COMISIONSESIONCUENTA,https://www.camara.cl/verDoc.aspx?prmID=12726&prmTipo=DOCUMENTO_COMISIONSESIONACTA
2023,Agosto,125,07 ago. 2023,Celebrada,https://www.camara.cl/legislacion/comisiones/citacion_detalle.aspx?prmId=4890&prmIdSesion=75463,https://www.camara.cl/verDoc.aspx?prmID=262474&prmTipo=DOCUMENTO_COMISIONSESIONCUENTA,https://www.camara.cl/verDoc.aspx?prmID=23345&prmTipo=DOCUMENTO_COMISIONSESIONACTA
2023,Agosto,124,02 ago. 2023,Celebrada,https://www.camara.cl/legislacion/comisiones/citacion_detalle.aspx?prmId=4890&prmIdSesion=75400,https://www.camara.cl/verDoc.aspx?prmID=262473&prmTipo=DOCUMENTO_COMISIONSESIONCUENTA,https://www.camara.cl/verDoc.aspx?prmID=23344&prmTipo=DOCUMENTO_COMISIONSESIONACTA
2023,Agosto,123,01 ago. 2023,Celebrada,https://www.camara.cl/legislacion/comisiones/citacion_detalle.aspx?prmId=4890&prmIdSesion=75396,https://www.camara.cl/verDoc.aspx?prmID=262076&prmTipo=DOCUMENTO_COMISIONSESIONCUENTA,https://www.camara.cl/verDoc.aspx?prmID=22954&prmTipo=DOCUMENTO_COMISIONSESIONACTA
2023,Julio,122,26 jul. 2023,Celebrada,https://www.camara.cl/legislacion/comisiones/citacion_detalle.aspx?prmId=4890&prmIdSesion=75336,https://www.camara.cl/verDoc.aspx?prmID=246841&prmTipo=DOCUMENTO_COMISIONSESIONCUENTA,https://www.camara.cl/verDoc.aspx?prmID=586&prmTipo=DOCUMENTO_COMISIONSESIONACTA
2023,Julio,121,25 jul. 2023,Celebrada,https://www.camara.cl/legislacion/comisiones/citacion_detalle.aspx?prmId=4890&prmIdSesion=75276,https://www.camara.cl/verDoc.aspx?prmID=260909&prmTipo=DOCUMENTO_COMISIONSESIONCUENTA,https://www.camara.cl/verDoc.aspx?prmID=21816&prmTipo=DOCUMENTO_COMISIONSESIONACTA
2023,Julio,120,11 jul. 2023,Celebrada,https://www.camara.cl/legislacion/comisiones/citacion_detalle.aspx?prmId=4890&prmIdSesion=75165,https://www.camara.cl/verDoc.aspx?prmID=251566&prmTipo=DOCUMENTO_COMISIONSESIONCUENTA,https://www.camara.cl/verDoc.aspx?prmID=12725&prmTipo=DOCUMENTO_COMISIONSESIONACTA
2023,Julio,119,10 jul. 2023,Celebrada,https://www.camara.cl/legislacion/comisiones/citacion_detalle.aspx?prmId=4890&prmIdSesion=75164,https://www.camara.cl/verDoc.aspx?prmID=251565&prmTipo=DOCUMENTO_COMISIONSESIONCUENTA,https://www.camara.cl/verDoc.aspx?prmID=12724&prmTipo=DOCUMENTO_COMISIONSESIONACTA
2023,Julio,118,04 jul. 2023,Celebrada,https://www.camara.cl/legislacion/comisiones/citacion_detalle.aspx?prmId=4890&prmIdSesion=75138,https://www.camara.cl/verDoc.aspx?prmID=261101&prmTipo=DOCUMENTO_COMISIONSESIONCUENTA,https://www.camara.cl/verDoc.aspx?prmID=22000&prmTipo=DOCUMENTO_COMISIONSESIONACTA
2023,Julio,117,03 jul. 2023,Celebrada,https://www.camara.cl/legislacion/comisiones/citacion_detalle.aspx?prmId=4890&prmIdSesion=75137,https://www.camara.cl/verDoc.aspx?prmID=261100&prmTipo=DOCUMENTO_COMISIONSESIONCUENTA,https://www.camara.cl/verDoc.aspx?prmID=21999&prmTipo=DOCUMENTO_COMISIONSESIONACTA
2023,Junio,116,20 jun. 2023,Celebrada,https://www.camara.cl/legislacion/comisiones/citacion_detalle.aspx?prmId=4890&prmIdSesion=75048,https://www.camara.cl/verDoc.aspx?prmID=257968&prmTipo=DOCUMENTO_COMISIONSESIONCUENTA,https://www.camara.cl/verDoc.aspx?prmID=18996&prmTipo=DOCUMENTO_COMISIONSESIONACTA
2023,Junio,115,19 jun. 2023,Celebrada,https://www.camara.cl/legislacion/comisiones/citacion_detalle.aspx?prmId=4890&prmIdSesion=75049,https://www.camara.cl/verDoc.aspx?prmID=257969&prmTipo=DOCUMENTO_COMISIONSESIONCUENTA,https://www.camara.cl/verDoc.aspx?prmID=18997&prmTipo=DOCUMENTO_COMISIONSESIONACTA
2023,Junio,114,19 jun. 2023,Celebrada,https://www.camara.cl/legislacion/comisiones/citacion_detalle.aspx?prmId=4890&prmIdSesion=75047,https://www.camara.cl/verDoc.aspx?prmID=257967&prmTipo=DOCUMENTO_COMISIONSESIONCUENTA,https://www.camara.cl/verDoc.aspx?prmID=18995&prmTipo=DOCUMENTO_COMISIONSESIONACTA
2023,Junio,113,14 jun. 2023,Celebrada,https://www.camara.cl/legislacion/comisiones/citacion_detalle.aspx?prmId=4890&prmIdSesion=74995,https://www.camara.cl/verDoc.aspx?prmID=250756&prmTipo=DOCUMENTO_COMISIONSESIONCUENTA,https://www.camara.cl/verDoc.aspx?prmID=11928&prmTipo=DOCUMENTO_COMISIONSESIONACTA
2023,Junio,112,13 jun. 2023,Celebrada,https://www.camara.cl/legislacion/comisiones/citacion_detalle.aspx?prmId=4890&prmIdSesion=74994,https://www.camara.cl/verDoc.aspx?prmID=250755&prmTipo=DOCUMENTO_COMISIONSESIONCUENTA,https://www.camara.cl/verDoc.aspx?prmID=11927&prmTipo=DOCUMENTO_COMISIONSESIONACTA
2023,Junio,111,07 jun. 2023,Celebrada,https://www.camara.cl/legislacion/comisiones/citacion_detalle.aspx?prmId=4890&prmIdSesion=74948,https://www.camara.cl/verDoc.aspx?prmID=262157&prmTipo=DOCUMENTO_COMISIONSESIONCUENTA,https://www.camara.cl/verDoc.aspx?prmID=23034&prmTipo=DOCUMENTO_COMISIONSESIONACTA
2023,Junio,110,07 jun. 2023,Celebrada,https://www.camara.cl/legislacion/comisiones/citacion_detalle.aspx?prmId=4890&prmIdSesion=74919,https://www.camara.cl/verDoc.aspx?prmID=256632&prmTipo=DOCUMENTO_COMISIONSESIONCUENTA,https://www.camara.cl/verDoc.aspx?prmID=17699&prmTipo=DOCUMENTO_COMISIONSESIONACTA
2023,Junio,109,06 jun. 2023,Celebrada,https://www.camara.cl/legislacion/comisiones/citacion_detalle.aspx?prmId=4890&prmIdSesion=74918,https://www.camara.cl/verDoc.aspx?prmID=256631&prmTipo=DOCUMENTO_COMISIONSESIONCUENTA,https://www.camara.cl/verDoc.aspx?prmID=17698&prmTipo=DOCUMENTO_COMISIONSESIONACTA
2023,Mayo,108,31 may. 2023,Celebrada,https://www.camara.cl/legislacion/comisiones/citacion_detalle.aspx?prmId=4890&prmIdSesion=74829,https://www.camara.cl/verDoc.aspx?prmID=258375&prmTipo=DOCUMENTO_COMISIONSESIONCUENTA,https://www.camara.cl/verDoc.aspx?prmID=19383&prmTipo=DOCUMENTO_COMISIONSESIONACTA
2023,Mayo,107,30 may. 2023,Celebrada,https://www.camara.cl/legislacion/comisiones/citacion_detalle.aspx?prmId=4890&prmIdSesion=74828,https://www.camara.cl/verDoc.aspx?prmID=258374&prmTipo=DOCUMENTO_COMISIONSESIONCUENTA,https://www.camara.cl/verDoc.aspx?prmID=19382&prmTipo=DOCUMENTO_COMISIONSESIONACTA
2023,Mayo,106,17 may. 2023,Celebrada,https://www.camara.cl/legislacion/comisiones/citacion_detalle.aspx?prmId=4890&prmIdSesion=74776,https://www.camara.cl/verDoc.aspx?prmID=251616&prmTipo=DOCUMENTO_COMISIONSESIONCUENTA,https://www.camara.cl/verDoc.aspx?prmID=12775&prmTipo=DOCUMENTO_COMISIONSESIONACTA
2023,Mayo,106,10 may. 2023,Suspendida,https://www.camara.cl/legislacion/comisiones/citacion_detalle.aspx?prmId=4890&prmIdSesion=74717,No,No
2023,Mayo,105,09 may. 2023,Celebrada,https://www.camara.cl/legislacion/comisiones/citacion_detalle.aspx?prmId=4890&prmIdSesion=74656,https://www.camara.cl/verDoc.aspx?prmID=261200&prmTipo=DOCUMENTO_COMISIONSESIONCUENTA,https://www.camara.cl/verDoc.aspx?prmID=22102&prmTipo=DOCUMENTO_COMISIONSESIONACTA
2023,Mayo,106,08 may. 2023,Suspendida,https://www.camara.cl/legislacion/comisiones/citacion_detalle.aspx?prmId=4890&prmIdSesion=74658,No,No
2023,Abril,105,26 abr. 2023,Suspendida,https://www.camara.cl/legislacion/comisiones/citacion_detalle.aspx?prmId=4890&prmIdSesion=74599,No,No
2023,Abril,104,25 abr. 2023,Celebrada,https://www.camara.cl/legislacion/comisiones/citacion_detalle.aspx?prmId=4890&prmIdSesion=74520,https://www.camara.cl/verDoc.aspx?prmID=262531&prmTipo=DOCUMENTO_COMISIONSESIONCUENTA,https://www.camara.cl/verDoc.aspx?prmID=23403&prmTipo=DOCUMENTO_COMISIONSESIONACTA
2023,Abril,103,19 abr. 2023,Celebrada,https://www.camara.cl/legislacion/comisiones/citacion_detalle.aspx?prmId=4890&prmIdSesion=74483,https://www.camara.cl/verDoc.aspx?prmID=251232&prmTipo=DOCUMENTO_COMISIONSESIONCUENTA,https://www.camara.cl/verDoc.aspx?prmID=12396&prmTipo=DOCUMENTO_COMISIONSESIONACTA
2023,Abril,102,19 abr. 2023,Suspendida,https://www.camara.cl/legislacion/comisiones/citacion_detalle.aspx?prmId=4890&prmIdSesion=74482,No,No
2023,Abril,102,18 abr. 2023,Celebrada,https://www.camara.cl/legislacion/comisiones/citacion_detalle.aspx?prmId=4890&prmIdSesion=74516,https://www.camara.cl/verDoc.aspx?prmID=257303&prmTipo=DOCUMENTO_COMISIONSESIONCUENTA,https://www.camara.cl/verDoc.aspx?prmID=18350&prmTipo=DOCUMENTO_COMISIONSESIONACTA
2023,Abril,101,18 abr. 2023,Celebrada,https://www.camara.cl/legislacion/comisiones/citacion_detalle.aspx?prmId=4890&prmIdSesion=74481,https://www.camara.cl/verDoc.aspx?prmID=251231&prmTipo=DOCUMENTO_COMISIONSESIONCUENTA,https://www.camara.cl/verDoc.aspx?prmID=12395&prmTipo=DOCUMENTO_COMISIONSESIONACTA
2023,Abril,100,12 abr. 2023,Celebrada,https://www.camara.cl/legislacion/comisiones/citacion_detalle.aspx?prmId=4890&prmIdSesion=74322,https://www.camara.cl/verDoc.aspx?prmID=259114&prmTipo=DOCUMENTO_COMISIONSESIONCUENTA,https://www.camara.cl/verDoc.aspx?prmID=20096&prmTipo=DOCUMENTO_COMISIONSESIONACTA
2023,Abril,99,12 abr. 2023,Celebrada,https://www.camara.cl/legislacion/comisiones/citacion_detalle.aspx?prmId=4890&prmIdSesion=74397,https://www.camara.cl/verDoc.aspx?prmID=250754&prmTipo=DOCUMENTO_COMISIONSESIONCUENTA,https://www.camara.cl/verDoc.aspx?prmID=11926&prmTipo=DOCUMENTO_COMISIONSESIONACTA
2023,Abril,98,11 abr. 2023,Celebrada,https://www.camara.cl/legislacion/comisiones/citacion_detalle.aspx?prmId=4890&prmIdSesion=74321,https://www.camara.cl/verDoc.aspx?prmID=259113&prmTipo=DOCUMENTO_COMISIONSESIONCUENTA,https://www.camara.cl/verDoc.aspx?prmID=20095&prmTipo=DOCUMENTO_COMISIONSESIONACTA
2023,Abril,98,05 abr. 2023,Suspendida,https://www.camara.cl/legislacion/comisiones/citacion_detalle.aspx?prmId=4890&prmIdSesion=74224,No,No
2023,Abril,97,04 abr. 2023,Celebrada,https://www.camara.cl/legislacion/comisiones/citacion_detalle.aspx?prmId=4890&prmIdSesion=74223,https://www.camara.cl/verDoc.aspx?prmID=251404&prmTipo=DOCUMENTO_COMISIONSESIONCUENTA,https://www.camara.cl/verDoc.aspx?prmID=12569&prmTipo=DOCUMENTO_COMISIONSESIONACTA
2023,Marzo,96,22 mar. 2023,Celebrada,https://www.camara.cl/legislacion/comisiones/citacion_detalle.aspx?prmId=4890&prmIdSesion=74176,https://www.camara.cl/verDoc.aspx?prmID=260935&prmTipo=DOCUMENTO_COMISIONSESIONCUENTA,https://www.camara.cl/verDoc.aspx?prmID=21843&prmTipo=DOCUMENTO_COMISIONSESIONACTA
2023,Marzo,95,21 mar. 2023,Celebrada,https://www.camara.cl/legislacion/comisiones/citacion_detalle.aspx?prmId=4890&prmIdSesion=74101,https://www.camara.cl/verDoc.aspx?prmID=252809&prmTipo=DOCUMENTO_COMISIONSESIONCUENTA,https://www.camara.cl/verDoc.aspx?prmID=13948&prmTipo=DOCUMENTO_COMISIONSESIONACTA
2023,Marzo,94,15 mar. 2023,Celebrada,https://www.camara.cl/legislacion/comisiones/citacion_detalle.aspx?prmId=4890&prmIdSesion=74079,https://www.camara.cl/verDoc.aspx?prmID=246838&prmTipo=DOCUMENTO_COMISIONSESIONCUENTA,https://www.camara.cl/verDoc.aspx?prmID=583&prmTipo=DOCUMENTO_COMISIONSESIONACTA
2023,Marzo,93,14 mar. 2023,Celebrada,https://www.camara.cl/legislacion/comisiones/citacion_detalle.aspx?prmId=4890&prmIdSesion=74038,https://www.camara.cl/verDoc.aspx?prmID=246837&prmTipo=DOCUMENTO_COMISIONSESIONCUENTA,https://www.camara.cl/verDoc.aspx?prmID=582&prmTipo=DOCUMENTO_COMISIONSESIONACTA
2023,Marzo,92,07 mar. 2023,Celebrada,https://www.camara.cl/legislacion/comisiones/citacion_detalle.aspx?prmId=4890&prmIdSesion=73996,https://www.camara.cl/verDoc.aspx?prmID=259189&prmTipo=DOCUMENTO_COMISIONSESIONCUENTA,https://www.camara.cl/verDoc.aspx?prmID=20171&prmTipo=DOCUMENTO_COMISIONSESIONACTA
2023,Enero,91,24 ene. 2023,Celebrada,https://www.camara.cl/legislacion/comisiones/citacion_detalle.aspx?prmId=4890&prmIdSesion=73822,https://www.camara.cl/verDoc.aspx?prmID=257297&prmTipo=DOCUMENTO_COMISIONSESIONCUENTA,https://www.camara.cl/verDoc.aspx?prmID=18345&prmTipo=DOCUMENTO_COMISIONSESIONACTA
2023,Enero,90,23 ene. 2023,Celebrada,https://www.camara.cl/legislacion/comisiones/citacion_detalle.aspx?prmId=4890&prmIdSesion=73821,https://www.camara.cl/verDoc.aspx?prmID=257296&prmTipo=DOCUMENTO_COMISIONSESIONCUENTA,https://www.camara.cl/verDoc.aspx?prmID=18344&prmTipo=DOCUMENTO_COMISIONSESIONACTA
2023,Enero,89,18 ene. 2023,Celebrada,https://www.camara.cl/legislacion/comisiones/citacion_detalle.aspx?prmId=4890&prmIdSesion=73751,https://www.camara.cl/verDoc.aspx?prmID=256514&prmTipo=DOCUMENTO_COMISIONSESIONCUENTA,https://www.camara.cl/verDoc.aspx?prmID=17586&prmTipo=DOCUMENTO_COMISIONSESIONACTA
2023,Enero,88,18 ene. 2023,Celebrada,https://www.camara.cl/legislacion/comisiones/citacion_detalle.aspx?prmId=4890&prmIdSesion=73750,https://www.camara.cl/verDoc.aspx?prmID=256513&prmTipo=DOCUMENTO_COMISIONSESIONCUENTA,https://www.camara.cl/verDoc.aspx?prmID=17585&prmTipo=DOCUMENTO_COMISIONSESIONACTA
2023,Enero,87,17 ene. 2023,Celebrada,https://www.camara.cl/legislacion/comisiones/citacion_detalle.aspx?prmId=4890&prmIdSesion=73748,https://www.camara.cl/verDoc.aspx?prmID=256512&prmTipo=DOCUMENTO_COMISIONSESIONCUENTA,https://www.camara.cl/verDoc.aspx?prmID=17584&prmTipo=DOCUMENTO_COMISIONSESIONACTA
2023,Enero,86,17 ene. 2023,Celebrada,https://www.camara.cl/legislacion/comisiones/citacion_detalle.aspx?prmId=4890&prmIdSesion=73747,https://www.camara.cl/verDoc.aspx?prmID=256511&prmTipo=DOCUMENTO_COMISIONSESIONCUENTA,https://www.camara.cl/verDoc.aspx?prmID=17583&prmTipo=DOCUMENTO_COMISIONSESIONACTA
2023,Enero,85,16 ene. 2023,Celebrada,https://www.camara.cl/legislacion/comisiones/citacion_detalle.aspx?prmId=4890&prmIdSesion=73778,https://www.camara.cl/verDoc.aspx?prmID=260177&prmTipo=DOCUMENTO_COMISIONSESIONCUENTA,https://www.camara.cl/verDoc.aspx?prmID=21117&prmTipo=DOCUMENTO_COMISIONSESIONACTA
2023,Enero,84,11 ene. 2023,Celebrada,https://www.camara.cl/legislacion/comisiones/citacion_detalle.aspx?prmId=4890&prmIdSesion=73622,https://www.camara.cl/verDoc.aspx?prmID=259275&prmTipo=DOCUMENTO_COMISIONSESIONCUENTA,https://www.camara.cl/verDoc.aspx?prmID=20256&prmTipo=DOCUMENTO_COMISIONSESIONACTA
2023,Enero,84,11 ene. 2023,Suspendida,https://www.camara.cl/legislacion/comisiones/citacion_detalle.aspx?prmId=4890&prmIdSesion=73621,No,No
2023,Enero,83,10 ene. 2023,Celebrada,https://www.camara.cl/legislacion/comisiones/citacion_detalle.aspx?prmId=4890&prmIdSesion=73697,https://www.camara.cl/verDoc.aspx?prmID=261016&prmTipo=DOCUMENTO_COMISIONSESIONCUENTA,https://www.camara.cl/verDoc.aspx?prmID=21921&prmTipo=DOCUMENTO_COMISIONSESIONACTA
2023,Enero,82,10 ene. 2023,Celebrada,https://www.camara.cl/legislacion/comisiones/citacion_detalle.aspx?prmId=4890&prmIdSesion=73620,https://www.camara.cl/verDoc.aspx?prmID=259274&prmTipo=DOCUMENTO_COMISIONSESIONCUENTA,https://www.camara.cl/verDoc.aspx?prmID=20255&prmTipo=DOCUMENTO_COMISIONSESIONACTA
2023,Enero,81,10 ene. 2023,Celebrada,https://www.camara.cl/legislacion/comisiones/citacion_detalle.aspx?prmId=4890&prmIdSesion=73619,https://www.camara.cl/verDoc.aspx?prmID=259273&prmTipo=DOCUMENTO_COMISIONSESIONCUENTA,https://www.camara.cl/verDoc.aspx?prmID=20254&prmTipo=DOCUMENTO_COMISIONSESIONACTA
2023,Enero,80,10 ene. 2023,Celebrada,https://www.camara.cl/legislacion/comisiones/citacion_detalle.aspx?prmId=4890&prmIdSesion=73677,https://www.camara.cl/verDoc.aspx?prmID=254375&prmTipo=DOCUMENTO_COMISIONSESIONCUENTA,https://www.camara.cl/verDoc.aspx?prmID=15489&prmTipo=DOCUMENTO_COMISIONSESIONACTA
2023,Enero,79,09 ene. 2023,Fracasada,https://www.camara.cl/legislacion/comisiones/citacion_detalle.aspx?prmId=4890&prmIdSesion=73587,No,https://www.camara.cl/verDoc.aspx?prmID=20253&prmTipo=DOCUMENTO_COMISIONSESIONACTA
2023,Enero,78,04 ene. 2023,Celebrada,https://www.camara.cl/legislacion/comisiones/citacion_detalle.aspx?prmId=4890&prmIdSesion=73400,https://www.camara.cl/verDoc.aspx?prmID=251615&prmTipo=DOCUMENTO_COMISIONSESIONCUENTA,https://www.camara.cl/verDoc.aspx?prmID=12774&prmTipo=DOCUMENTO_COMISIONSESIONACTA
2023,Enero,77,04 ene. 2023,Celebrada,https://www.camara.cl/legislacion/comisiones/citacion_detalle.aspx?prmId=4890&prmIdSesion=73399,https://www.camara.cl/verDoc.aspx?prmID=251614&prmTipo=DOCUMENTO_COMISIONSESIONCUENTA,https://www.camara.cl/verDoc.aspx?prmID=12773&prmTipo=DOCUMENTO_COMISIONSESIONACTA
2023,Enero,76,03 ene. 2023,Celebrada,https://www.camara.cl/legislacion/comisiones/citacion_detalle.aspx?prmId=4890&prmIdSesion=73398,https://www.camara.cl/verDoc.aspx?prmID=251613&prmTipo=DOCUMENTO_COMISIONSESIONCUENTA,https://www.camara.cl/verDoc.aspx?prmID=12772&prmTipo=DOCUMENTO_COMISIONSESIONACTA
2023,Enero,75,03 ene. 2023,Celebrada,https://www.camara.cl/legislacion/comisiones/citacion_detalle.aspx?prmId=4890&prmIdSesion=73397,https://www.camara.cl/verDoc.aspx?prmID=251612&prmTipo=DOCUMENTO_COMISIONSESIONCUENTA,https://www.camara.cl/verDoc.aspx?prmID=12771&prmTipo=DOCUMENTO_COMISIONSESIONACTA
2022,Diciembre,74,21 dic. 2022,Celebrada,https://www.camara.cl/legislacion/comisiones/citacion_detalle.aspx?prmId=4890&prmIdSesion=73302,https://www.camara.cl/verDoc.aspx?prmID=261410&prmTipo=DOCUMENTO_COMISIONSESIONCUENTA,https://www.camara.cl/verDoc.aspx?prmID=22308&prmTipo=DOCUMENTO_COMISIONSESIONACTA
2022,Diciembre,73,21 dic. 2022,Celebrada,https://www.camara.cl/legislacion/comisiones/citacion_detalle.aspx?prmId=4890&prmIdSesion=73301,https://www.camara.cl/verDoc.aspx?prmID=261409&prmTipo=DOCUMENTO_COMISIONSESIONCUENTA,https://www.camara.cl/verDoc.aspx?prmID=22307&prmTipo=DOCUMENTO_COMISIONSESIONACTA
2022,Diciembre,72,20 dic. 2022,Celebrada,https://www.camara.cl/legislacion/comisiones/citacion_detalle.aspx?prmId=4890&prmIdSesion=73299,https://www.camara.cl/verDoc.aspx?prmID=261408&prmTipo=DOCUMENTO_COMISIONSESIONCUENTA,https://www.camara.cl/verDoc.aspx?prmID=22306&prmTipo=DOCUMENTO_COMISIONSESIONACTA
2022,Diciembre,71,20 dic. 2022,Celebrada,https://www.camara.cl/legislacion/comisiones/citacion_detalle.aspx?prmId=4890&prmIdSesion=73298,https://www.camara.cl/verDoc.aspx?prmID=261407&prmTipo=DOCUMENTO_COMISIONSESIONCUENTA,https://www.camara.cl/verDoc.aspx?prmID=22305&prmTipo=DOCUMENTO_COMISIONSESIONACTA
2022,Diciembre,70,19 dic. 2022,Celebrada,https://www.camara.cl/legislacion/comisiones/citacion_detalle.aspx?prmId=4890&prmIdSesion=73297,https://www.camara.cl/verDoc.aspx?prmID=261406&prmTipo=DOCUMENTO_COMISIONSESIONCUENTA,https://www.camara.cl/verDoc.aspx?prmID=22304&prmTipo=DOCUMENTO_COMISIONSESIONACTA
2022,Diciembre,70,14 dic. 2022,Suspendida,https://www.camara.cl/legislacion/comisiones/citacion_detalle.aspx?prmId=4890&prmIdSesion=73097,No,No
2022,Diciembre,69,14 dic. 2022,Celebrada,https://www.camara.cl/legislacion/comisiones/citacion_detalle.aspx?prmId=4890&prmIdSesion=73096,https://www.camara.cl/verDoc.aspx?prmID=257693&prmTipo=DOCUMENTO_COMISIONSESIONCUENTA,https://www.camara.cl/verDoc.aspx?prmID=18733&prmTipo=DOCUMENTO_COMISIONSESIONACTA
2022,Diciembre,68,13 dic. 2022,Celebrada,https://www.camara.cl/legislacion/comisiones/citacion_detalle.aspx?prmId=4890&prmIdSesion=73095,https://www.camara.cl/verDoc.aspx?prmID=257692&prmTipo=DOCUMENTO_COMISIONSESIONCUENTA,https://www.camara.cl/verDoc.aspx?prmID=18732&prmTipo=DOCUMENTO_COMISIONSESIONACTA
2022,Diciembre,67,13 dic. 2022,Celebrada,https://www.camara.cl/legislacion/comisiones/citacion_detalle.aspx?prmId=4890&prmIdSesion=73094,https://www.camara.cl/verDoc.aspx?prmID=257691&prmTipo=DOCUMENTO_COMISIONSESIONCUENTA,https://www.camara.cl/verDoc.aspx?prmID=18731&prmTipo=DOCUMENTO_COMISIONSESIONACTA
2022,Diciembre,66,12 dic. 2022,Celebrada,https://www.camara.cl/legislacion/comisiones/citacion_detalle.aspx?prmId=4890&prmIdSesion=73129,https://www.camara.cl/verDoc.aspx?prmID=258367&prmTipo=DOCUMENTO_COMISIONSESIONCUENTA,https://www.camara.cl/verDoc.aspx?prmID=19375&prmTipo=DOCUMENTO_COMISIONSESIONACTA
2022,Noviembre,65,30 nov. 2022,Celebrada,https://www.camara.cl/legislacion/comisiones/citacion_detalle.aspx?prmId=4890&prmIdSesion=73107,https://www.camara.cl/verDoc.aspx?prmID=260786&prmTipo=DOCUMENTO_COMISIONSESIONCUENTA,https://www.camara.cl/verDoc.aspx?prmID=21704&prmTipo=DOCUMENTO_COMISIONSESIONACTA
2022,Noviembre,64,30 nov. 2022,Celebrada,https://www.camara.cl/legislacion/comisiones/citacion_detalle.aspx?prmId=4890&prmIdSesion=73106,https://www.camara.cl/verDoc.aspx?prmID=260785&prmTipo=DOCUMENTO_COMISIONSESIONCUENTA,https://www.camara.cl/verDoc.aspx?prmID=21703&prmTipo=DOCUMENTO_COMISIONSESIONACTA
2022,Noviembre,63,29 nov. 2022,Celebrada,https://www.camara.cl/legislacion/comisiones/citacion_detalle.aspx?prmId=4890&prmIdSesion=73045,https://www.camara.cl/verDoc.aspx?prmID=254780&prmTipo=DOCUMENTO_COMISIONSESIONCUENTA,https://www.camara.cl/verDoc.aspx?prmID=15882&prmTipo=DOCUMENTO_COMISIONSESIONACTA
2022,Noviembre,63,29 nov. 2022,Suspendida,https://www.camara.cl/legislacion/comisiones/citacion_detalle.aspx?prmId=4890&prmIdSesion=73044,No,No
2022,Noviembre,63,23 nov. 2022,Suspendida,https://www.camara.cl/legislacion/comisiones/citacion_detalle.aspx?prmId=4890&prmIdSesion=73002,No,No
2022,Noviembre,62,23 nov. 2022,Celebrada,https://www.camara.cl/legislacion/comisiones/citacion_detalle.aspx?prmId=4890&prmIdSesion=73028,https://www.camara.cl/verDoc.aspx?prmID=253492&prmTipo=DOCUMENTO_COMISIONSESIONCUENTA,https://www.camara.cl/verDoc.aspx?prmID=14630&prmTipo=DOCUMENTO_COMISIONSESIONACTA
2022,Noviembre,61,22 nov. 2022,Celebrada,https://www.camara.cl/legislacion/comisiones/citacion_detalle.aspx?prmId=4890&prmIdSesion=73001,https://www.camara.cl/verDoc.aspx?prmID=246293&prmTipo=DOCUMENTO_COMISIONSESIONCUENTA,https://www.camara.cl/verDoc.aspx?prmID=51&prmTipo=DOCUMENTO_COMISIONSESIONACTA
2022,Noviembre,60,22 nov. 2022,Celebrada,https://www.camara.cl/legislacion/comisiones/citacion_detalle.aspx?prmId=4890&prmIdSesion=73005,https://www.camara.cl/verDoc.aspx?prmID=259802&prmTipo=DOCUMENTO_COMISIONSESIONCUENTA,https://www.camara.cl/verDoc.aspx?prmID=20752&prmTipo=DOCUMENTO_COMISIONSESIONACTA
2022,Noviembre,59,21 nov. 2022,Celebrada,https://www.camara.cl/legislacion/comisiones/citacion_detalle.aspx?prmId=4890&prmIdSesion=72975,https://www.camara.cl/verDoc.aspx?prmID=262461&prmTipo=DOCUMENTO_COMISIONSESIONCUENTA,https://www.camara.cl/verDoc.aspx?prmID=23332&prmTipo=DOCUMENTO_COMISIONSESIONACTA
2022,Noviembre,58,09 nov. 2022,Celebrada,https://www.camara.cl/legislacion/comisiones/citacion_detalle.aspx?prmId=4890&prmIdSesion=72948,https://www.camara.cl/verDoc.aspx?prmID=261405&prmTipo=DOCUMENTO_COMISIONSESIONCUENTA,https://www.camara.cl/verDoc.aspx?prmID=22302&prmTipo=DOCUMENTO_COMISIONSESIONACTA
2022,Noviembre,58,08 nov. 2022,Suspendida,https://www.camara.cl/legislacion/comisiones/citacion_detalle.aspx?prmId=4890&prmIdSesion=72887,No,No
2022,Noviembre,57,08 nov. 2022,Celebrada,https://www.camara.cl/legislacion/comisiones/citacion_detalle.aspx?prmId=4890&prmIdSesion=72926,https://www.camara.cl/verDoc.aspx?prmID=261940&prmTipo=DOCUMENTO_COMISIONSESIONCUENTA,https://www.camara.cl/verDoc.aspx?prmID=22822&prmTipo=DOCUMENTO_COMISIONSESIONACTA
2022,Noviembre,56,07 nov. 2022,Celebrada,https://www.camara.cl/legislacion/comisiones/citacion_detalle.aspx?prmId=4890&prmIdSesion=72886,https://www.camara.cl/verDoc.aspx?prmID=260784&prmTipo=DOCUMENTO_COMISIONSESIONCUENTA,https://www.camara.cl/verDoc.aspx?prmID=21702&prmTipo=DOCUMENTO_COMISIONSESIONACTA
2022,Octubre,55,25 oct. 2022,Celebrada,https://www.camara.cl/legislacion/comisiones/citacion_detalle.aspx?prmId=4890&prmIdSesion=72774,https://www.camara.cl/verDoc.aspx?prmID=250833&prmTipo=DOCUMENTO_COMISIONSESIONCUENTA,https://www.camara.cl/verDoc.aspx?prmID=12005&prmTipo=DOCUMENTO_COMISIONSESIONACTA
2022,Octubre,54,24 oct. 2022,Celebrada,https://www.camara.cl/legislacion/comisiones/citacion_detalle.aspx?prmId=4890&prmIdSesion=72714,https://www.camara.cl/verDoc.aspx?prmID=250247&prmTipo=DOCUMENTO_COMISIONSESIONCUENTA,https://www.camara.cl/verDoc.aspx?prmID=11430&prmTipo=DOCUMENTO_COMISIONSESIONACTA
2022,Octubre,53,18 oct. 2022,Celebrada,https://www.camara.cl/legislacion/comisiones/citacion_detalle.aspx?prmId=4890&prmIdSesion=72649,https://www.camara.cl/verDoc.aspx?prmID=250962&prmTipo=DOCUMENTO_COMISIONSESIONCUENTA,https://www.camara.cl/verDoc.aspx?prmID=12135&prmTipo=DOCUMENTO_COMISIONSESIONACTA
2022,Octubre,53,17 oct. 2022,Suspendida,https://www.camara.cl/legislacion/comisiones/citacion_detalle.aspx?prmId=4890&prmIdSesion=72632,No,No
2022,Octubre,52,11 oct. 2022,Celebrada,https://www.camara.cl/legislacion/comisiones/citacion_detalle.aspx?prmId=4890&prmIdSesion=72554,https://www.camara.cl/verDoc.aspx?prmID=253204&prmTipo=DOCUMENTO_COMISIONSESIONCUENTA,https://www.camara.cl/verDoc.aspx?prmID=14338&prmTipo=DOCUMENTO_COMISIONSESIONACTA
2022,Octubre,51,04 oct. 2022,Celebrada,https://www.camara.cl/legislacion/comisiones/citacion_detalle.aspx?prmId=4890&prmIdSesion=72514,https://www.camara.cl/verDoc.aspx?prmID=254083&prmTipo=DOCUMENTO_COMISIONSESIONCUENTA,https://www.camara.cl/verDoc.aspx?prmID=15205&prmTipo=DOCUMENTO_COMISIONSESIONACTA
2022,Septiembre,50,28 sep. 2022,Celebrada,https://www.camara.cl/legislacion/comisiones/citacion_detalle.aspx?prmId=4890&prmIdSesion=72484,https://www.camara.cl/verDoc.aspx?prmID=255951&prmTipo=DOCUMENTO_COMISIONSESIONCUENTA,https://www.camara.cl/verDoc.aspx?prmID=17046&prmTipo=DOCUMENTO_COMISIONSESIONACTA
2022,Septiembre,49,27 sep. 2022,Celebrada,https://www.camara.cl/legislacion/comisiones/citacion_detalle.aspx?prmId=4890&prmIdSesion=72483,https://www.camara.cl/verDoc.aspx?prmID=255950&prmTipo=DOCUMENTO_COMISIONSESIONCUENTA,https://www.camara.cl/verDoc.aspx?prmID=17045&prmTipo=DOCUMENTO_COMISIONSESIONACTA
2022,Septiembre,48,26 sep. 2022,Celebrada,https://www.camara.cl/legislacion/comisiones/citacion_detalle.aspx?prmId=4890&prmIdSesion=72440,https://www.camara.cl/verDoc.aspx?prmID=246500&prmTipo=DOCUMENTO_COMISIONSESIONCUENTA,https://www.camara.cl/verDoc.aspx?prmID=247&prmTipo=DOCUMENTO_COMISIONSESIONACTA
2022,Septiembre,48,14 sep. 2022,Suspendida,https://www.camara.cl/legislacion/comisiones/citacion_detalle.aspx?prmId=4890&prmIdSesion=72395,No,No
2022,Septiembre,47,14 sep. 2022,Celebrada,https://www.camara.cl/legislacion/comisiones/citacion_detalle.aspx?prmId=4890&prmIdSesion=72419,https://www.camara.cl/verDoc.aspx?prmID=253286&prmTipo=DOCUMENTO_COMISIONSESIONCUENTA,https://www.camara.cl/verDoc.aspx?prmID=14414&prmTipo=DOCUMENTO_COMISIONSESIONACTA
2022,Septiembre,46,13 sep. 2022,Celebrada,https://www.camara.cl/legislacion/comisiones/citacion_detalle.aspx?prmId=4890&prmIdSesion=72374,https://www.camara.cl/verDoc.aspx?prmID=259179&prmTipo=DOCUMENTO_COMISIONSESIONCUENTA,https://www.camara.cl/verDoc.aspx?prmID=20161&prmTipo=DOCUMENTO_COMISIONSESIONACTA
2022,Septiembre,45,13 sep. 2022,Celebrada,https://www.camara.cl/legislacion/comisiones/citacion_detalle.aspx?prmId=4890&prmIdSesion=72418,https://www.camara.cl/verDoc.aspx?prmID=253285&prmTipo=DOCUMENTO_COMISIONSESIONCUENTA,https://www.camara.cl/verDoc.aspx?prmID=14413&prmTipo=DOCUMENTO_COMISIONSESIONACTA
2022,Septiembre,45,13 sep. 2022,Suspendida,https://www.camara.cl/legislacion/comisiones/citacion_detalle.aspx?prmId=4890&prmIdSesion=72415,No,No
2022,Septiembre,44,12 sep. 2022,Celebrada,https://www.camara.cl/legislacion/comisiones/citacion_detalle.aspx?prmId=4890&prmIdSesion=72370,https://www.camara.cl/verDoc.aspx?prmID=259178&prmTipo=DOCUMENTO_COMISIONSESIONCUENTA,https://www.camara.cl/verDoc.aspx?prmID=20160&prmTipo=DOCUMENTO_COMISIONSESIONACTA
2022,Septiembre,43,07 sep. 2022,Celebrada,https://www.camara.cl/legislacion/comisiones/citacion_detalle.aspx?prmId=4890&prmIdSesion=72336,https://www.camara.cl/verDoc.aspx?prmID=262459&prmTipo=DOCUMENTO_COMISIONSESIONCUENTA,https://www.camara.cl/verDoc.aspx?prmID=23330&prmTipo=DOCUMENTO_COMISIONSESIONACTA
2022,Septiembre,42,07 sep. 2022,Celebrada,https://www.camara.cl/legislacion/comisiones/citacion_detalle.aspx?prmId=4890&prmIdSesion=72313,https://www.camara.cl/verDoc.aspx?prmID=253491&prmTipo=DOCUMENTO_COMISIONSESIONCUENTA,https://www.camara.cl/verDoc.aspx?prmID=14629&prmTipo=DOCUMENTO_COMISIONSESIONACTA
2022,Septiembre,41,06 sep. 2022,Celebrada,https://www.camara.cl/legislacion/comisiones/citacion_detalle.aspx?prmId=4890&prmIdSesion=72335,https://www.camara.cl/verDoc.aspx?prmID=262458&prmTipo=DOCUMENTO_COMISIONSESIONCUENTA,https://www.camara.cl/verDoc.aspx?prmID=23329&prmTipo=DOCUMENTO_COMISIONSESIONACTA
2022,Septiembre,40,06 sep. 2022,Celebrada,https://www.camara.cl/legislacion/comisiones/citacion_detalle.aspx?prmId=4890&prmIdSesion=72357,https://www.camara.cl/verDoc.aspx?prmID=254036&prmTipo=DOCUMENTO_COMISIONSESIONCUENTA,https://www.camara.cl/verDoc.aspx?prmID=15157&prmTipo=DOCUMENTO_COMISIONSESIONACTA
2022,Agosto,39,31 ago. 2022,Celebrada,https://www.camara.cl/legislacion/comisiones/citacion_detalle.aspx?prmId=4890&prmIdSesion=72259,https://www.camara.cl/verDoc.aspx?prmID=257540&prmTipo=DOCUMENTO_COMISIONSESIONCUENTA,https://www.camara.cl/verDoc.aspx?prmID=18584&prmTipo=DOCUMENTO_COMISIONSESIONACTA
2022,Agosto,38,30 ago. 2022,Celebrada,https://www.camara.cl/legislacion/comisiones/citacion_detalle.aspx?prmId=4890&prmIdSesion=72258,https://www.camara.cl/verDoc.aspx?prmID=257539&prmTipo=DOCUMENTO_COMISIONSESIONCUENTA,https://www.camara.cl/verDoc.aspx?prmID=18583&prmTipo=DOCUMENTO_COMISIONSESIONACTA
2022,Agosto,37,30 ago. 2022,Celebrada,https://www.camara.cl/legislacion/comisiones/citacion_detalle.aspx?prmId=4890&prmIdSesion=72295,https://www.camara.cl/verDoc.aspx?prmID=253591&prmTipo=DOCUMENTO_COMISIONSESIONCUENTA,https://www.camara.cl/verDoc.aspx?prmID=14722&prmTipo=DOCUMENTO_COMISIONSESIONACTA
2022,Agosto,36,29 ago. 2022,Celebrada,https://www.camara.cl/legislacion/comisiones/citacion_detalle.aspx?prmId=4890&prmIdSesion=72219,https://www.camara.cl/verDoc.aspx?prmID=252805&prmTipo=DOCUMENTO_COMISIONSESIONCUENTA,https://www.camara.cl/verDoc.aspx?prmID=13944&prmTipo=DOCUMENTO_COMISIONSESIONACTA
2022,Agosto,36,17 ago. 2022,Suspendida,https://www.camara.cl/legislacion/comisiones/citacion_detalle.aspx?prmId=4890&prmIdSesion=72161,No,No
2022,Agosto,35,16 ago. 2022,Celebrada,https://www.camara.cl/legislacion/comisiones/citacion_detalle.aspx?prmId=4890&prmIdSesion=72160,https://www.camara.cl/verDoc.aspx?prmID=262318&prmTipo=DOCUMENTO_COMISIONSESIONCUENTA,https://www.camara.cl/verDoc.aspx?prmID=23189&prmTipo=DOCUMENTO_COMISIONSESIONACTA
2022,Agosto,34,16 ago. 2022,Celebrada,https://www.camara.cl/legislacion/comisiones/citacion_detalle.aspx?prmId=4890&prmIdSesion=72186,https://www.camara.cl/verDoc.aspx?prmID=257287&prmTipo=DOCUMENTO_COMISIONSESIONCUENTA,https://www.camara.cl/verDoc.aspx?prmID=18337&prmTipo=DOCUMENTO_COMISIONSESIONACTA
2022,Agosto,34,10 ago. 2022,Suspendida,https://www.camara.cl/legislacion/comisiones/citacion_detalle.aspx?prmId=4890&prmIdSesion=72128,No,No
2022,Agosto,33,09 ago. 2022,Celebrada,https://www.camara.cl/legislacion/comisiones/citacion_detalle.aspx?prmId=4890&prmIdSesion=72127,https://www.camara.cl/verDoc.aspx?prmID=260926&prmTipo=DOCUMENTO_COMISIONSESIONCUENTA,https://www.camara.cl/verDoc.aspx?prmID=21834&prmTipo=DOCUMENTO_COMISIONSESIONACTA
2022,Agosto,32,08 ago. 2022,Celebrada,https://www.camara.cl/legislacion/comisiones/citacion_detalle.aspx?prmId=4890&prmIdSesion=72118,https://www.camara.cl/verDoc.aspx?prmID=260925&prmTipo=DOCUMENTO_COMISIONSESIONCUENTA,https://www.camara.cl/verDoc.aspx?prmID=21833&prmTipo=DOCUMENTO_COMISIONSESIONACTA
2022,Agosto,31,03 ago. 2022,Celebrada,https://www.camara.cl/legislacion/comisiones/citacion_detalle.aspx?prmId=4890&prmIdSesion=72099,https://www.camara.cl/verDoc.aspx?prmID=250014&prmTipo=DOCUMENTO_COMISIONSESIONCUENTA,https://www.camara.cl/verDoc.aspx?prmID=11198&prmTipo=DOCUMENTO_COMISIONSESIONACTA
2022,Agosto,30,02 ago. 2022,Celebrada,https://www.camara.cl/legislacion/comisiones/citacion_detalle.aspx?prmId=4890&prmIdSesion=72032,https://www.camara.cl/verDoc.aspx?prmID=253587&prmTipo=DOCUMENTO_COMISIONSESIONCUENTA,https://www.camara.cl/verDoc.aspx?prmID=14719&prmTipo=DOCUMENTO_COMISIONSESIONACTA
2022,Julio,29,19 jul. 2022,Celebrada,https://www.camara.cl/legislacion/comisiones/citacion_detalle.aspx?prmId=4890&prmIdSesion=71959,https://www.camara.cl/verDoc.aspx?prmID=257353&prmTipo=DOCUMENTO_COMISIONSESIONCUENTA,https://www.camara.cl/verDoc.aspx?prmID=18398&prmTipo=DOCUMENTO_COMISIONSESIONACTA
2022,Julio,29,13 jul. 2022,Suspendida,https://www.camara.cl/legislacion/comisiones/citacion_detalle.aspx?prmId=4890&prmIdSesion=71955,No,No
2022,Julio,28,12 jul. 2022,Celebrada,https://www.camara.cl/legislacion/comisiones/citacion_detalle.aspx?prmId=4890&prmIdSesion=71941,https://www.camara.cl/verDoc.aspx?prmID=260260&prmTipo=DOCUMENTO_COMISIONSESIONCUENTA,https://www.camara.cl/verDoc.aspx?prmID=21195&prmTipo=DOCUMENTO_COMISIONSESIONACTA
2022,Julio,28,11 jul. 2022,Suspendida,https://www.camara.cl/legislacion/comisiones/citacion_detalle.aspx?prmId=4890&prmIdSesion=71854,No,No
2022,Julio,27,06 jul. 2022,Celebrada,https://www.camara.cl/legislacion/comisiones/citacion_detalle.aspx?prmId=4890&prmIdSesion=71853,https://www.camara.cl/verDoc.aspx?prmID=256359&prmTipo=DOCUMENTO_COMISIONSESIONCUENTA,https://www.camara.cl/verDoc.aspx?prmID=17437&prmTipo=DOCUMENTO_COMISIONSESIONACTA
2022,Julio,26,05 jul. 2022,Celebrada,https://www.camara.cl/legislacion/comisiones/citacion_detalle.aspx?prmId=4890&prmIdSesion=71850,https://www.camara.cl/verDoc.aspx?prmID=253202&prmTipo=DOCUMENTO_COMISIONSESIONCUENTA,https://www.camara.cl/verDoc.aspx?prmID=14335&prmTipo=DOCUMENTO_COMISIONSESIONACTA
2022,Junio,25,29 jun. 2022,Celebrada,https://www.camara.cl/legislacion/comisiones/citacion_detalle.aspx?prmId=4890&prmIdSesion=71781,https://www.camara.cl/verDoc.aspx?prmID=260059&prmTipo=DOCUMENTO_COMISIONSESIONCUENTA,https://www.camara.cl/verDoc.aspx?prmID=21001&prmTipo=DOCUMENTO_COMISIONSESIONACTA
2022,Junio,24,28 jun. 2022,Celebrada,https://www.camara.cl/legislacion/comisiones/citacion_detalle.aspx?prmId=4890&prmIdSesion=71778,https://www.camara.cl/verDoc.aspx?prmID=259325&prmTipo=DOCUMENTO_COMISIONSESIONCUENTA,https://www.camara.cl/verDoc.aspx?prmID=20298&prmTipo=DOCUMENTO_COMISIONSESIONACTA
2022,Junio,23,15 jun. 2022,Celebrada,https://www.camara.cl/legislacion/comisiones/citacion_detalle.aspx?prmId=4890&prmIdSesion=71741,https://www.camara.cl/verDoc.aspx?prmID=261844&prmTipo=DOCUMENTO_COMISIONSESIONCUENTA,https://www.camara.cl/verDoc.aspx?prmID=22728&prmTipo=DOCUMENTO_COMISIONSESIONACTA
2022,Junio,22,14 jun. 2022,Celebrada,https://www.camara.cl/legislacion/comisiones/citacion_detalle.aspx?prmId=4890&prmIdSesion=71736,https://www.camara.cl/verDoc.aspx?prmID=252016&prmTipo=DOCUMENTO_COMISIONSESIONCUENTA,https://www.camara.cl/verDoc.aspx?prmID=13178&prmTipo=DOCUMENTO_COMISIONSESIONACTA
2022,Junio,22,08 jun. 2022,Suspendida,https://www.camara.cl/legislacion/comisiones/citacion_detalle.aspx?prmId=4890&prmIdSesion=71537,No,No
2022,Junio,21,07 jun. 2022,Celebrada,https://www.camara.cl/legislacion/comisiones/citacion_detalle.aspx?prmId=4890&prmIdSesion=71536,https://www.camara.cl/verDoc.aspx?prmID=262522&prmTipo=DOCUMENTO_COMISIONSESIONCUENTA,https://www.camara.cl/verDoc.aspx?prmID=23394&prmTipo=DOCUMENTO_COMISIONSESIONACTA
2022,Junio,20,06 jun. 2022,Celebrada,https://www.camara.cl/legislacion/comisiones/citacion_detalle.aspx?prmId=4890&prmIdSesion=71643,https://www.camara.cl/verDoc.aspx?prmID=261010&prmTipo=DOCUMENTO_COMISIONSESIONCUENTA,https://www.camara.cl/verDoc.aspx?prmID=21915&prmTipo=DOCUMENTO_COMISIONSESIONACTA
2022,Junio,19,01 jun. 2022,Celebrada,https://www.camara.cl/legislacion/comisiones/citacion_detalle.aspx?prmId=4890&prmIdSesion=71535,https://www.camara.cl/verDoc.aspx?prmID=262521&prmTipo=DOCUMENTO_COMISIONSESIONCUENTA,https://www.camara.cl/verDoc.aspx?prmID=23393&prmTipo=DOCUMENTO_COMISIONSESIONACTA
2022,Mayo,18,31 may. 2022,Celebrada,https://www.camara.cl/legislacion/comisiones/citacion_detalle.aspx?prmId=4890&prmIdSesion=71580,https://www.camara.cl/verDoc.aspx?prmID=252596&prmTipo=DOCUMENTO_COMISIONSESIONCUENTA,https://www.camara.cl/verDoc.aspx?prmID=13749&prmTipo=DOCUMENTO_COMISIONSESIONACTA
2022,Mayo,18,18 may. 2022,Suspendida,https://www.camara.cl/legislacion/comisiones/citacion_detalle.aspx?prmId=4890&prmIdSesion=71495,No,No
2022,Mayo,17,17 may. 2022,Celebrada,https://www.camara.cl/legislacion/comisiones/citacion_detalle.aspx?prmId=4890&prmIdSesion=71475,https://www.camara.cl/verDoc.aspx?prmID=261648&prmTipo=DOCUMENTO_COMISIONSESIONCUENTA,https://www.camara.cl/verDoc.aspx?prmID=22539&prmTipo=DOCUMENTO_COMISIONSESIONACTA
2022,Mayo,16,10 may. 2022,Celebrada,https://www.camara.cl/legislacion/comisiones/citacion_detalle.aspx?prmId=4890&prmIdSesion=71415,https://www.camara.cl/verDoc.aspx?prmID=258604&prmTipo=DOCUMENTO_COMISIONSESIONCUENTA,https://www.camara.cl/verDoc.aspx?prmID=19610&prmTipo=DOCUMENTO_COMISIONSESIONACTA
2022,Mayo,15,10 may. 2022,Celebrada,https://www.camara.cl/legislacion/comisiones/citacion_detalle.aspx?prmId=4890&prmIdSesion=71358,https://www.camara.cl/verDoc.aspx?prmID=260898&prmTipo=DOCUMENTO_COMISIONSESIONCUENTA,https://www.camara.cl/verDoc.aspx?prmID=21806&prmTipo=DOCUMENTO_COMISIONSESIONACTA
2022,Mayo,14,04 may. 2022,Celebrada,https://www.camara.cl/legislacion/comisiones/citacion_detalle.aspx?prmId=4890&prmIdSesion=71335,https://www.camara.cl/verDoc.aspx?prmID=259534&prmTipo=DOCUMENTO_COMISIONSESIONCUENTA,https://www.camara.cl/verDoc.aspx?prmID=20495&prmTipo=DOCUMENTO_COMISIONSESIONACTA
2022,Mayo,13,03 may. 2022,Celebrada,https://www.camara.cl/legislacion/comisiones/citacion_detalle.aspx?prmId=4890&prmIdSesion=71116,https://www.camara.cl/verDoc.aspx?prmID=261185&prmTipo=DOCUMENTO_COMISIONSESIONCUENTA,https://www.camara.cl/verDoc.aspx?prmID=22086&prmTipo=DOCUMENTO_COMISIONSESIONACTA
2022,Mayo,12,03 may. 2022,Celebrada,https://www.camara.cl/legislacion/comisiones/citacion_detalle.aspx?prmId=4890&prmIdSesion=71255,https://www.camara.cl/verDoc.aspx?prmID=255574&prmTipo=DOCUMENTO_COMISIONSESIONCUENTA,https://www.camara.cl/verDoc.aspx?prmID=16668&prmTipo=DOCUMENTO_COMISIONSESIONACTA
2022,Abril,11,20 abr. 2022,Celebrada,https://www.camara.cl/legislacion/comisiones/citacion_detalle.aspx?prmId=4890&prmIdSesion=71096,https://www.camara.cl/verDoc.aspx?prmID=257947&prmTipo=DOCUMENTO_COMISIONSESIONCUENTA,https://www.camara.cl/verDoc.aspx?prmID=18975&prmTipo=DOCUMENTO_COMISIONSESIONACTA
2022,Abril,10,19 abr. 2022,Celebrada,https://www.camara.cl/legislacion/comisiones/citacion_detalle.aspx?prmId=4890&prmIdSesion=71095,https://www.camara.cl/verDoc.aspx?prmID=253197&prmTipo=DOCUMENTO_COMISIONSESIONCUENTA,https://www.camara.cl/verDoc.aspx?prmID=14330&prmTipo=DOCUMENTO_COMISIONSESIONACTA
2022,Abril,9,13 abr. 2022,Celebrada,https://www.camara.cl/legislacion/comisiones/citacion_detalle.aspx?prmId=4890&prmIdSesion=71040,https://www.camara.cl/verDoc.aspx?prmID=261557&prmTipo=DOCUMENTO_COMISIONSESIONCUENTA,https://www.camara.cl/verDoc.aspx?prmID=22447&prmTipo=DOCUMENTO_COMISIONSESIONACTA
2022,Abril,8,12 abr. 2022,Celebrada,https://www.camara.cl/legislacion/comisiones/citacion_detalle.aspx?prmId=4890&prmIdSesion=71035,https://www.camara.cl/verDoc.aspx?prmID=259692&prmTipo=DOCUMENTO_COMISIONSESIONCUENTA,https://www.camara.cl/verDoc.aspx?prmID=20648&prmTipo=DOCUMENTO_COMISIONSESIONACTA
2022,Abril,7,06 abr. 2022,Celebrada,https://www.camara.cl/legislacion/comisiones/citacion_detalle.aspx?prmId=4890&prmIdSesion=70975,https://www.camara.cl/verDoc.aspx?prmID=251223&prmTipo=DOCUMENTO_COMISIONSESIONCUENTA,https://www.camara.cl/verDoc.aspx?prmID=12387&prmTipo=DOCUMENTO_COMISIONSESIONACTA
2022,Abril,6,05 abr. 2022,Celebrada,https://www.camara.cl/legislacion/comisiones/citacion_detalle.aspx?prmId=4890&prmIdSesion=70899,https://www.camara.cl/verDoc.aspx?prmID=257530&prmTipo=DOCUMENTO_COMISIONSESIONCUENTA,https://www.camara.cl/verDoc.aspx?prmID=18575&prmTipo=DOCUMENTO_COMISIONSESIONACTA
2022,Marzo,5,23 mar. 2022,Celebrada,https://www.camara.cl/legislacion/comisiones/citacion_detalle.aspx?prmId=4890&prmIdSesion=70896,https://www.camara.cl/verDoc.aspx?prmID=256127&prmTipo=DOCUMENTO_COMISIONSESIONCUENTA,https://www.camara.cl/verDoc.aspx?prmID=17212&prmTipo=DOCUMENTO_COMISIONSESIONACTA
2022,Marzo,4,22 mar. 2022,Celebrada,https://www.camara.cl/legislacion/comisiones/citacion_detalle.aspx?prmId=4890&prmIdSesion=70823,https://www.camara.cl/verDoc.aspx?prmID=258598&prmTipo=DOCUMENTO_COMISIONSESIONCUENTA,https://www.camara.cl/verDoc.aspx?prmID=19605&prmTipo=DOCUMENTO_COMISIONSESIONACTA
2022,Marzo,3,21 mar. 2022,Celebrada,https://www.camara.cl/legislacion/comisiones/citacion_detalle.aspx?prmId=4890&prmIdSesion=70875,https://www.camara.cl/verDoc.aspx?prmID=259958&prmTipo=DOCUMENTO_COMISIONSESIONCUENTA,https://www.camara.cl/verDoc.aspx?prmID=20902&prmTipo=DOCUMENTO_COMISIONSESIONACTA
2022,Marzo,2,16 mar. 2022,Celebrada,https://www.camara.cl/legislacion/comisiones/citacion_detalle.aspx?prmId=4890&prmIdSesion=70802,https://www.camara.cl/verDoc.aspx?prmID=252402&prmTipo=DOCUMENTO_COMISIONSESIONCUENTA,https://www.camara.cl/verDoc.aspx?prmID=13551&prmTipo=DOCUMENTO_COMISIONSESIONACTA
2022,Marzo,1,15 mar. 2022,Celebrada,https://www.camara.cl/legislacion/comisiones/citacion_detalle.aspx?prmId=4890&prmIdSesion=70800,No,https://www.camara.cl/verDoc.aspx?prmID=13550&prmTipo=DOCUMENTO_COMISIONSESIONACTA
2022,Marzo,322,02 mar. 2022,Celebrada,https://www.camara.cl/legislacion/comisiones/citacion_detalle.aspx?prmId=4890&prmIdSesion=70695,https://www.camara.cl/verDoc.aspx?prmID=255215&prmTipo=DOCUMENTO_COMISIONSESIONCUENTA,https://www.camara.cl/verDoc.aspx?prmID=16313&prmTipo=DOCUMENTO_COMISIONSESIONACTA
2022,Marzo,321,01 mar. 2022,Celebrada,https://www.camara.cl/legislacion/comisiones/citacion_detalle.aspx?prmId=4890&prmIdSesion=70656,https://www.camara.cl/verDoc.aspx?prmID=250309&prmTipo=DOCUMENTO_COMISIONSESIONCUENTA,https://www.camara.cl/verDoc.aspx?prmID=11489&prmTipo=DOCUMENTO_COMISIONSESIONACTA
2022,Febrero,320,28 feb. 2022,Celebrada,https://www.camara.cl/legislacion/comisiones/citacion_detalle.aspx?prmId=4890&prmIdSesion=70615,https://www.camara.cl/verDoc.aspx?prmID=257352&prmTipo=DOCUMENTO_COMISIONSESIONCUENTA,https://www.camara.cl/verDoc.aspx?prmID=18397&prmTipo=DOCUMENTO_COMISIONSESIONACTA
2022,Enero,319,26 ene. 2022,Celebrada,https://www.camara.cl/legislacion/comisiones/citacion_detalle.aspx?prmId=4890&prmIdSesion=70542,https://www.camara.cl/verDoc.aspx?prmID=246925&prmTipo=DOCUMENTO_COMISIONSESIONCUENTA,https://www.camara.cl/verDoc.aspx?prmID=669&prmTipo=DOCUMENTO_COMISIONSESIONACTA
2022,Enero,318,25 ene. 2022,Celebrada,https://www.camara.cl/legislacion/comisiones/citacion_detalle.aspx?prmId=4890&prmIdSesion=70516,https://www.camara.cl/verDoc.aspx?prmID=261674&prmTipo=DOCUMENTO_COMISIONSESIONCUENTA,https://www.camara.cl/verDoc.aspx?prmID=22564&prmTipo=DOCUMENTO_COMISIONSESIONACTA
2022,Enero,317,19 ene. 2022,Celebrada,https://www.camara.cl/legislacion/comisiones/citacion_detalle.aspx?prmId=4890&prmIdSesion=70433,https://www.camara.cl/verDoc.aspx?prmID=252224&prmTipo=DOCUMENTO_COMISIONSESIONCUENTA,https://www.camara.cl/verDoc.aspx?prmID=13384&prmTipo=DOCUMENTO_COMISIONSESIONACTA
2022,Enero,316,18 ene. 2022,Celebrada,https://www.camara.cl/legislacion/comisiones/citacion_detalle.aspx?prmId=4890&prmIdSesion=70443,https://www.camara.cl/verDoc.aspx?prmID=256389&prmTipo=DOCUMENTO_COMISIONSESIONCUENTA,https://www.camara.cl/verDoc.aspx?prmID=17465&prmTipo=DOCUMENTO_COMISIONSESIONACTA
2022,Enero,316,12 ene. 2022,Suspendida,https://www.camara.cl/legislacion/comisiones/citacion_detalle.aspx?prmId=4890&prmIdSesion=70379,No,No
2022,Enero,315,11 ene. 2022,Celebrada,https://www.camara.cl/legislacion/comisiones/citacion_detalle.aspx?prmId=4890&prmIdSesion=70378,https://www.camara.cl/verDoc.aspx?prmID=258596&prmTipo=DOCUMENTO_COMISIONSESIONCUENTA,https://www.camara.cl/verDoc.aspx?prmID=19603&prmTipo=DOCUMENTO_COMISIONSESIONACTA
2022,Enero,314,05 ene. 2022,Celebrada,https://www.camara.cl/legislacion/comisiones/citacion_detalle.aspx?prmId=4890&prmIdSesion=70376,https://www.camara.cl/verDoc.aspx?prmID=250825&prmTipo=DOCUMENTO_COMISIONSESIONCUENTA,https://www.camara.cl/verDoc.aspx?prmID=11997&prmTipo=DOCUMENTO_COMISIONSESIONACTA
2022,Enero,313,04 ene. 2022,Celebrada,https://www.camara.cl/legislacion/comisiones/citacion_detalle.aspx?prmId=4890&prmIdSesion=70241,https://www.camara.cl/verDoc.aspx?prmID=253032&prmTipo=DOCUMENTO_COMISIONSESIONCUENTA,https://www.camara.cl/verDoc.aspx?prmID=14170&prmTipo=DOCUMENTO_COMISIONSESIONACTA
